2025-12-15 19:42:22,574 - rd_automator.watcher - INFO - Starting watcher on C:\Users\itsme\Desktop\first try\watch_folder
2025-12-15 19:42:55,274 - rd_automator.watcher - INFO - Detected new file: C:\Users\itsme\Desktop\first try\watch_folder\01. Manmadhane Nee.flac
2025-12-15 19:43:00,275 - rd_automator - INFO - Processing item: C:\Users\itsme\Desktop\first try\watch_folder\01. Manmadhane Nee.flac
2025-12-15 19:43:00,275 - rd_automator - INFO - Generating .torrent file...
2025-12-15 19:43:00,321 - rd_automator - INFO - Torrent created at: C:\Users\itsme\Desktop\first try\torrents\01. Manmadhane Nee.flac.torrent
2025-12-15 19:43:00,322 - rd_automator - INFO - Uploading to Real-Debrid...
2025-12-15 19:43:00,913 - rd_automator.rd_client - ERROR - HTTP Error: 400 - {
	"error": "torrent_file_invalid",
	"error_code": 30,
	"error_details": "The file must be sent without any parameter, only raw data"
}
2025-12-15 19:43:00,914 - rd_automator - ERROR - Failed to process C:\Users\itsme\Desktop\first try\watch_folder\01. Manmadhane Nee.flac: 400 Client Error: Bad Request for url: https://api.real-debrid.com/rest/1.0/torrents/addTorrent
Traceback (most recent call last):
  File "C:\Users\itsme\Desktop\first try\rd_automator\core.py", line 40, in process_file
    torrent_id = rd.upload_torrent(torrent_path)
  File "C:\Users\itsme\Desktop\first try\rd_automator\rd_client.py", line 46, in upload_torrent
    data = self._request("PUT", "/torrents/addTorrent", files=files)
  File "C:\Users\itsme\Desktop\first try\rd_automator\rd_client.py", line 21, in _request
    response.raise_for_status()
    ~~~~~~~~~~~~~~~~~~~~~~~~~^^
  File "C:\Python313\Lib\site-packages\requests\models.py", line 1026, in raise_for_status
    raise HTTPError(http_error_msg, response=self)
requests.exceptions.HTTPError: 400 Client Error: Bad Request for url: https://api.real-debrid.com/rest/1.0/torrents/addTorrent
2025-12-15 19:46:39,799 - rd_automator - INFO - Stopping watcher...
2025-12-15 19:46:42,846 - rd_automator.watcher - INFO - Starting watcher on C:\Users\itsme\Desktop\first try\watch_folder
2025-12-15 19:47:11,310 - rd_automator.watcher - INFO - Detected new file: C:\Users\itsme\Desktop\first try\watch_folder\560. Titli.flac
2025-12-15 19:47:16,311 - rd_automator - INFO - Processing item: C:\Users\itsme\Desktop\first try\watch_folder\560. Titli.flac
2025-12-15 19:47:16,311 - rd_automator - INFO - Generating .torrent file...
2025-12-15 19:47:16,345 - rd_automator - INFO - Torrent created at: C:\Users\itsme\Desktop\first try\torrents\560. Titli.flac.torrent
2025-12-15 19:47:16,345 - rd_automator - INFO - Uploading to Real-Debrid...
2025-12-15 19:47:17,998 - rd_automator - INFO - Upload successful. Torrent ID: 4SDBCK3BFOLJ4
2025-12-15 19:47:17,998 - rd_automator - INFO - Selecting all files to start download...
2025-12-15 19:47:18,719 - rd_automator - INFO - Download started successfully on Real-Debrid.
2025-12-15 19:54:56,322 - rd_automator - INFO - Stopping watcher...
2025-12-15 19:55:15,522 - rd_automator.watcher - INFO - Starting watcher on C:\Users\itsme\Desktop\first try\watch_folder
2025-12-15 19:55:34,346 - rd_automator.watcher - INFO - Detected new file: C:\Users\itsme\Desktop\first try\watch_folder\560. Titli.flac
2025-12-15 19:55:39,349 - rd_automator - INFO - Processing item: C:\Users\itsme\Desktop\first try\watch_folder\560. Titli.flac
2025-12-15 19:55:39,349 - rd_automator - INFO - Generating .torrent file...
2025-12-15 19:55:39,384 - rd_automator - INFO - Torrent created at: C:\Users\itsme\Desktop\first try\torrents\560. Titli.flac.torrent
2025-12-15 19:55:39,384 - rd_automator - INFO - Uploading to Real-Debrid...
2025-12-15 19:55:41,047 - rd_automator - INFO - Upload successful. Torrent ID: XKGHJIMF5Y6XU
2025-12-15 19:55:41,048 - rd_automator - INFO - Selecting all files to start download...
2025-12-15 19:55:41,748 - rd_automator - INFO - Download started successfully on Real-Debrid.
2025-12-15 20:05:31,987 - rd_automator - INFO - Stopping watcher...
2025-12-15 20:30:17,822 - rd_automator.watcher - INFO - Starting watcher on C:\Users\itsme\Desktop\first try\watch_folder
2025-12-15 20:30:17,824 - rd_automator - INFO - Starting background monitoring loop...
2025-12-15 20:30:17,824 - rd_automator - INFO - Orchestrator started. Press Ctrl+C to stop.
2025-12-15 20:30:42,724 - rd_automator.watcher - INFO - Detected new file: C:\Users\itsme\Desktop\first try\watch_folder\552. Alai Payuthey.flac
2025-12-15 20:30:47,725 - rd_automator - INFO - Processing item: C:\Users\itsme\Desktop\first try\watch_folder\552. Alai Payuthey.flac
2025-12-15 20:30:47,726 - rd_automator - INFO - Generating .torrent file...
2025-12-15 20:30:47,748 - rd_automator - INFO - Torrent created at: C:\Users\itsme\Desktop\first try\torrents\552. Alai Payuthey.flac.torrent
2025-12-15 20:30:47,749 - rd_automator - INFO - Starting local seeder (Aria2c)...
2025-12-15 20:30:47,749 - rd_automator.seeder - INFO - Starting aria2c: aria2c --enable-dht=true --seed-ratio=0.0 --seed-time=0 --file-allocation=none --check-integrity=false --dir=C:\Users\itsme\Desktop\first try\watch_folder C:\Users\itsme\Desktop\first try\torrents\552. Alai Payuthey.flac.torrent
2025-12-15 20:30:47,761 - rd_automator.seeder - CRITICAL - aria2c executable not found! Make sure it is in your PATH.
2025-12-15 20:30:47,762 - rd_automator - ERROR - Failed to start seeding. Aborting upload.
2025-12-15 20:38:00,625 - rd_automator - INFO - Stopping...
2025-12-15 20:38:04,348 - rd_automator.watcher - INFO - Starting watcher on C:\Users\itsme\Desktop\first try\watch_folder
2025-12-15 20:38:04,349 - rd_automator - INFO - Starting background monitoring loop...
2025-12-15 20:38:04,350 - rd_automator - INFO - Orchestrator started. Press Ctrl+C to stop.
2025-12-15 20:38:13,421 - rd_automator.watcher - INFO - Detected new file: C:\Users\itsme\Desktop\first try\watch_folder\552. Alai Payuthey.flac
2025-12-15 20:38:18,422 - rd_automator - INFO - Processing item: C:\Users\itsme\Desktop\first try\watch_folder\552. Alai Payuthey.flac
2025-12-15 20:38:18,422 - rd_automator - INFO - Generating .torrent file...
2025-12-15 20:38:18,445 - rd_automator - INFO - Torrent created at: C:\Users\itsme\Desktop\first try\torrents\552. Alai Payuthey.flac.torrent
2025-12-15 20:38:18,445 - rd_automator - INFO - Starting local seeder (Aria2c)...
2025-12-15 20:38:18,446 - rd_automator.seeder - INFO - Starting aria2c: aria2c --enable-dht=true --seed-ratio=0.0 --seed-time=0 --file-allocation=none --check-integrity=false --dir=C:\Users\itsme\Desktop\first try\watch_folder C:\Users\itsme\Desktop\first try\torrents\552. Alai Payuthey.flac.torrent
2025-12-15 20:38:18,449 - rd_automator.seeder - CRITICAL - aria2c executable not found! Make sure it is in your PATH.
2025-12-15 20:38:18,450 - rd_automator - ERROR - Failed to start seeding. Aborting upload.
2025-12-15 20:38:31,956 - rd_automator - INFO - Stopping...
2025-12-15 20:38:45,864 - rd_automator.watcher - INFO - Starting watcher on C:\Users\itsme\Desktop\first try\watch_folder
2025-12-15 20:38:45,865 - rd_automator - INFO - Starting background monitoring loop...
2025-12-15 20:38:45,865 - rd_automator - INFO - Orchestrator started. Press Ctrl+C to stop.
2025-12-15 20:38:53,485 - rd_automator.watcher - INFO - Detected new file: C:\Users\itsme\Desktop\first try\watch_folder\552. Alai Payuthey.flac
2025-12-15 20:38:58,488 - rd_automator - INFO - Processing item: C:\Users\itsme\Desktop\first try\watch_folder\552. Alai Payuthey.flac
2025-12-15 20:38:58,489 - rd_automator - INFO - Generating .torrent file...
2025-12-15 20:38:58,511 - rd_automator - INFO - Torrent created at: C:\Users\itsme\Desktop\first try\torrents\552. Alai Payuthey.flac.torrent
2025-12-15 20:38:58,511 - rd_automator - INFO - Starting local seeder (Aria2c)...
2025-12-15 20:38:58,511 - rd_automator.seeder - INFO - Starting aria2c: aria2c --enable-dht=true --seed-ratio=0.0 --seed-time=0 --file-allocation=none --check-integrity=false --dir=C:\Users\itsme\Desktop\first try\watch_folder C:\Users\itsme\Desktop\first try\torrents\552. Alai Payuthey.flac.torrent
2025-12-15 20:38:58,514 - rd_automator.seeder - INFO - Aria2c started (ID: 2b8e8f66-1d56-4006-9a56-837f1ded765d)
2025-12-15 20:38:58,515 - rd_automator - INFO - Uploading to Real-Debrid...
2025-12-15 20:39:00,251 - rd_automator - INFO - Upload successful. Torrent ID: FRAJLWFIWYGXG
2025-12-15 20:39:00,948 - rd_automator - INFO - Download started on Real-Debrid.
2025-12-15 20:40:40,261 - rd_automator.watcher - INFO - Starting watcher on C:\Users\itsme\Desktop\first try\watch_folder
2025-12-15 20:40:40,262 - rd_automator - INFO - Starting background monitoring loop...
2025-12-15 20:40:40,262 - rd_automator - INFO - Orchestrator started. Press Ctrl+C to stop.
2025-12-15 20:40:48,100 - rd_automator.watcher - INFO - Detected new file: C:\Users\itsme\Desktop\first try\watch_folder\552. Alai Payuthey - Copy.flac
2025-12-15 20:40:48,100 - rd_automator.watcher - INFO - Detected new file: C:\Users\itsme\Desktop\first try\watch_folder\552. Alai Payuthey - Copy.flac
2025-12-15 20:40:53,102 - rd_automator - INFO - Processing item: C:\Users\itsme\Desktop\first try\watch_folder\552. Alai Payuthey - Copy.flac
2025-12-15 20:40:53,102 - rd_automator - INFO - Generating .torrent file...
2025-12-15 20:40:53,102 - rd_automator - INFO - Processing item: C:\Users\itsme\Desktop\first try\watch_folder\552. Alai Payuthey - Copy.flac
2025-12-15 20:40:53,103 - rd_automator - INFO - Generating .torrent file...
2025-12-15 20:40:53,125 - rd_automator - INFO - Torrent created at: C:\Users\itsme\Desktop\first try\torrents\552. Alai Payuthey - Copy.flac.torrent
2025-12-15 20:40:53,125 - rd_automator - INFO - Torrent created at: C:\Users\itsme\Desktop\first try\torrents\552. Alai Payuthey - Copy.flac.torrent
2025-12-15 20:40:53,125 - rd_automator - INFO - Starting local seeder (Aria2c)...
2025-12-15 20:40:53,126 - rd_automator - INFO - Starting local seeder (Aria2c)...
2025-12-15 20:40:53,126 - rd_automator.seeder - INFO - Starting aria2c: aria2c --enable-dht=true --seed-ratio=0.0 --seed-time=0 --file-allocation=none --check-integrity=false --dir=C:\Users\itsme\Desktop\first try\watch_folder C:\Users\itsme\Desktop\first try\torrents\552. Alai Payuthey - Copy.flac.torrent
2025-12-15 20:40:53,126 - rd_automator.seeder - INFO - Starting aria2c: aria2c --enable-dht=true --seed-ratio=0.0 --seed-time=0 --file-allocation=none --check-integrity=false --dir=C:\Users\itsme\Desktop\first try\watch_folder C:\Users\itsme\Desktop\first try\torrents\552. Alai Payuthey - Copy.flac.torrent
2025-12-15 20:40:53,129 - rd_automator.seeder - INFO - Aria2c started (ID: 65bbd69d-04e7-453d-906a-4ae5a9068a63)
2025-12-15 20:40:53,129 - rd_automator - INFO - Uploading to Real-Debrid...
2025-12-15 20:40:53,131 - rd_automator.seeder - CRITICAL - aria2c executable not found! Make sure it is in your PATH.
2025-12-15 20:40:53,131 - rd_automator - ERROR - Failed to start seeding. Aborting upload.
2025-12-15 20:40:54,782 - rd_automator - INFO - Upload successful. Torrent ID: D3N6WEL3LZPCM
2025-12-15 20:40:55,524 - rd_automator - INFO - Download started on Real-Debrid.
2025-12-15 20:41:15,786 - rd_automator.rd_client - ERROR - HTTP Error: 404 - {
	"error": "unknown_ressource",
	"error_code": 7
}
2025-12-15 20:41:15,797 - rd_automator - ERROR - Error checking status for D3N6WEL3LZPCM: 404 Client Error: Not Found for url: https://api.real-debrid.com/rest/1.0/torrents/info/D3N6WEL3LZPCM
2025-12-15 20:41:27,023 - rd_automator.rd_client - ERROR - HTTP Error: 404 - {
	"error": "unknown_ressource",
	"error_code": 7
}
2025-12-15 20:41:27,024 - rd_automator - ERROR - Error checking status for D3N6WEL3LZPCM: 404 Client Error: Not Found for url: https://api.real-debrid.com/rest/1.0/torrents/info/D3N6WEL3LZPCM
2025-12-15 20:41:32,132 - rd_automator - INFO - Stopping...
2025-12-15 20:41:32,133 - rd_automator.seeder - INFO - Stopping aria2c process for ID: 2b8e8f66-1d56-4006-9a56-837f1ded765d
2025-12-15 20:41:32,142 - rd_automator.seeder - INFO - Stopping aria2c process for ID: 65bbd69d-04e7-453d-906a-4ae5a9068a63
2025-12-15 21:30:31,538 - rd_automator.watcher - INFO - Starting watcher on C:\Users\itsme\Desktop\first try\watch_folder
2025-12-15 21:30:31,540 - rd_automator - INFO - Starting background monitoring loop...
2025-12-15 21:30:31,540 - rd_automator - INFO - Orchestrator started. Press Ctrl+C to stop.
2025-12-15 21:30:41,102 - rd_automator.watcher - INFO - Detected new file: C:\Users\itsme\Desktop\first try\watch_folder\552. Alai Payuthey.flac
2025-12-15 21:30:46,103 - rd_automator - INFO - Processing item: C:\Users\itsme\Desktop\first try\watch_folder\552. Alai Payuthey.flac
2025-12-15 21:30:46,104 - rd_automator - INFO - Generating .torrent file...
2025-12-15 21:30:46,136 - rd_automator - INFO - Torrent created at: C:\Users\itsme\Desktop\first try\torrents\552. Alai Payuthey.flac.torrent
2025-12-15 21:30:46,136 - rd_automator - INFO - Starting local seeder (Aria2c)...
2025-12-15 21:30:46,137 - rd_automator.seeder - INFO - Starting aria2c: aria2c --enable-dht=true --seed-ratio=0.0 --seed-time=0 --file-allocation=none --check-integrity=false --dir=C:\Users\itsme\Desktop\first try\watch_folder C:\Users\itsme\Desktop\first try\torrents\552. Alai Payuthey.flac.torrent
2025-12-15 21:30:46,143 - rd_automator.seeder - INFO - Aria2c started (ID: 7ce4522b-bf66-4e8c-8745-5ed7d322388e)
2025-12-15 21:30:46,143 - rd_automator - INFO - Uploading to Real-Debrid...
2025-12-15 21:30:47,755 - rd_automator - INFO - Upload successful. Torrent ID: DROHAV7526ZPS
2025-12-15 21:30:48,399 - rd_automator - INFO - Download started on Real-Debrid.
2025-12-15 21:34:09,601 - rd_automator - INFO - Stopping...
2025-12-15 21:34:09,603 - rd_automator.seeder - INFO - Stopping aria2c process for ID: 7ce4522b-bf66-4e8c-8745-5ed7d322388e
2025-12-15 21:37:55,112 - rd_automator.watcher - INFO - Starting watcher on C:\Users\itsme\Desktop\first try\watch_folder
2025-12-15 21:37:55,113 - rd_automator - INFO - Starting background monitoring loop...
2025-12-15 21:37:55,113 - rd_automator - INFO - Orchestrator started. Press Ctrl+C to stop.
2025-12-15 21:38:07,044 - rd_automator - INFO - Stopping...
2025-12-15 21:41:41,530 - rd_automator.watcher - INFO - Starting watcher on C:\Users\itsme\Desktop\first try\watch_folder
2025-12-15 21:41:41,532 - rd_automator - INFO - Starting background monitoring loop...
2025-12-15 21:41:41,532 - rd_automator - INFO - Orchestrator started. Press Ctrl+C to stop.
2025-12-15 21:41:52,336 - rd_automator.watcher - INFO - Detected new file: C:\Users\itsme\Desktop\first try\watch_folder\552. Alai Payuthey.flac
2025-12-15 21:41:57,338 - rd_automator - INFO - Processing item: C:\Users\itsme\Desktop\first try\watch_folder\552. Alai Payuthey.flac (Mode: hoster)
2025-12-15 21:41:57,338 - rd_automator.uploader - INFO - Uploading 552. Alai Payuthey.flac to BayFiles...
2025-12-15 21:41:57,584 - rd_automator.uploader - ERROR - Error uploading to BayFiles: HTTPSConnectionPool(host='api.bayfiles.com', port=443): Max retries exceeded with url: /upload (Caused by NameResolutionError("<urllib3.connection.HTTPSConnection object at 0x000002309B775940>: Failed to resolve 'api.bayfiles.com' ([Errno 11001] getaddrinfo failed)"))
2025-12-15 21:41:57,584 - rd_automator - ERROR - Hoster upload failed. Aborting.
2025-12-15 21:43:29,883 - rd_automator - INFO - Stopping...
2025-12-15 21:45:44,832 - rd_automator.watcher - INFO - Starting watcher on C:\Users\itsme\Desktop\first try\watch_folder
2025-12-15 21:45:44,833 - rd_automator - INFO - Starting background monitoring loop...
2025-12-15 21:45:44,833 - rd_automator - INFO - Orchestrator started. Press Ctrl+C to stop.
2025-12-15 21:45:52,598 - rd_automator.watcher - INFO - Detected new file: C:\Users\itsme\Desktop\first try\watch_folder\552. Alai Payuthey.flac
2025-12-15 21:45:57,601 - rd_automator - INFO - Processing item: C:\Users\itsme\Desktop\first try\watch_folder\552. Alai Payuthey.flac (Mode: hoster)
2025-12-15 21:45:57,601 - rd_automator.uploader - INFO - Getting Gofile server...
2025-12-15 21:46:18,649 - rd_automator.uploader - ERROR - Error uploading to Gofile: HTTPSConnectionPool(host='api.gofile.io', port=443): Max retries exceeded with url: /getServer (Caused by ConnectTimeoutError(<urllib3.connection.HTTPSConnection object at 0x0000023DC7B15940>, 'Connection to api.gofile.io timed out. (connect timeout=None)'))
2025-12-15 21:46:18,650 - rd_automator - ERROR - Hoster upload failed. Aborting.
2025-12-15 21:49:11,439 - rd_automator - INFO - Stopping...
2025-12-15 21:49:14,428 - rd_automator.watcher - INFO - Starting watcher on C:\Users\itsme\Desktop\first try\watch_folder
2025-12-15 21:49:14,429 - rd_automator - INFO - Starting background monitoring loop...
2025-12-15 21:49:14,430 - rd_automator - INFO - Orchestrator started. Press Ctrl+C to stop.
2025-12-15 21:49:22,018 - rd_automator.watcher - INFO - Detected new file: C:\Users\itsme\Desktop\first try\watch_folder\552. Alai Payuthey.flac
2025-12-15 21:49:27,020 - rd_automator - INFO - Processing item: C:\Users\itsme\Desktop\first try\watch_folder\552. Alai Payuthey.flac (Mode: hoster)
2025-12-15 21:49:27,020 - rd_automator.uploader - INFO - Getting Gofile server...
2025-12-15 21:49:37,038 - urllib3.connectionpool - WARNING - Retrying (Retry(total=4, connect=None, read=None, redirect=None, status=None)) after connection broken by 'ConnectTimeoutError(<urllib3.connection.HTTPSConnection object at 0x0000020DDCED97F0>, 'Connection to api.gofile.io timed out. (connect timeout=10)')': /getServer
2025-12-15 21:49:49,041 - urllib3.connectionpool - WARNING - Retrying (Retry(total=3, connect=None, read=None, redirect=None, status=None)) after connection broken by 'ConnectTimeoutError(<urllib3.connection.HTTPSConnection object at 0x0000020DDCEBE490>, 'Connection to api.gofile.io timed out. (connect timeout=10)')': /getServer
2025-12-15 21:49:49,243 - rd_automator.uploader - WARNING - Failed to get Gofile server (using fallback 'store1'): 404 Client Error: Not Found for url: https://api.gofile.io/getServer
2025-12-15 21:49:49,243 - rd_automator.uploader - INFO - Uploading 552. Alai Payuthey.flac to Gofile server: store1...
2025-12-15 21:49:57,001 - rd_automator - INFO - Stopping...
2025-12-15 21:50:14,762 - rd_automator.uploader - INFO - Gofile Upload Success: https://gofile.io/d/hvSEYm
2025-12-15 21:50:14,763 - rd_automator - INFO - Unrestricting link: https://gofile.io/d/hvSEYm
2025-12-15 21:50:15,355 - rd_automator.rd_client - ERROR - HTTP Error: 400 - {
	"error": "hoster_unsupported",
	"error_code": 16
}
2025-12-15 21:50:15,356 - rd_automator - ERROR - Unrestrict failed: 400 Client Error: Bad Request for url: https://api.real-debrid.com/rest/1.0/unrestrict/link
2025-12-15 21:50:46,598 - rd_automator.watcher - INFO - Starting watcher on C:\Users\itsme\Desktop\first try\watch_folder
2025-12-15 21:50:46,599 - rd_automator - INFO - Starting background monitoring loop...
2025-12-15 21:50:46,599 - rd_automator - INFO - Orchestrator started. Press Ctrl+C to stop.
2025-12-15 21:50:51,044 - rd_automator.watcher - INFO - Detected new file: C:\Users\itsme\Desktop\first try\watch_folder\552. Alai Payuthey.flac
2025-12-15 21:50:56,046 - rd_automator - INFO - Processing item: C:\Users\itsme\Desktop\first try\watch_folder\552. Alai Payuthey.flac (Mode: hoster)
2025-12-15 21:50:56,047 - rd_automator.uploader - INFO - Getting Gofile server...
2025-12-15 21:50:56,241 - rd_automator.uploader - INFO - Attempting upload to store1...
2025-12-15 21:51:01,832 - urllib3.connectionpool - WARNING - Retrying (Retry(total=4, connect=None, read=None, redirect=None, status=None)) after connection broken by 'TimeoutError('The write operation timed out')': /uploadFile
2025-12-15 21:51:09,370 - urllib3.connectionpool - WARNING - Retrying (Retry(total=3, connect=None, read=None, redirect=None, status=None)) after connection broken by 'TimeoutError('The write operation timed out')': /uploadFile
2025-12-15 21:51:15,214 - rd_automator.uploader - INFO - Gofile Upload Success: https://gofile.io/d/W3vQgE
2025-12-15 21:51:15,215 - rd_automator - INFO - Unrestricting link: https://gofile.io/d/W3vQgE
2025-12-15 21:51:15,786 - rd_automator.rd_client - ERROR - HTTP Error: 400 - {
	"error": "hoster_unsupported",
	"error_code": 16
}
2025-12-15 21:51:15,786 - rd_automator - ERROR - Unrestrict failed: 400 Client Error: Bad Request for url: https://api.real-debrid.com/rest/1.0/unrestrict/link
2025-12-15 21:56:13,948 - rd_automator - INFO - Stopping...
2025-12-15 21:57:14,026 - rd_automator.watcher - INFO - Starting watcher on C:\Users\itsme\Desktop\first try\watch_folder
2025-12-15 21:57:14,028 - rd_automator - INFO - Starting background monitoring loop...
2025-12-15 21:57:14,028 - rd_automator - INFO - Orchestrator started. Press Ctrl+C to stop.
2025-12-15 21:57:18,939 - rd_automator.watcher - INFO - Detected new file: C:\Users\itsme\Desktop\first try\watch_folder\552. Alai Payuthey.flac
2025-12-15 21:57:23,941 - rd_automator - INFO - Processing item: C:\Users\itsme\Desktop\first try\watch_folder\552. Alai Payuthey.flac (Mode: hoster)
2025-12-15 21:57:23,942 - rd_automator.uploader - INFO - Uploading 552. Alai Payuthey.flac to Dropbox (25.87 MB)...
2025-12-15 21:57:23,944 - dropbox - INFO - Request to files/upload_session/start
2025-12-15 21:57:25,966 - rd_automator.uploader - ERROR - Error uploading to Dropbox: BadInputError('d0dd6ea974424a70a53e9fcc694036eb', 'Error in call to API function "files/upload_session/start": Your app (ID: 5549779) is not permitted to access this endpoint because it does not have the required scope \'files.content.write\'. The owner of the app can enable the scope for the app using the Permissions tab on the App Console.')
2025-12-15 21:57:25,967 - rd_automator - ERROR - Hoster upload failed. Aborting.
2025-12-15 21:58:32,004 - rd_automator - INFO - Stopping...
2025-12-15 21:58:33,729 - rd_automator.watcher - INFO - Starting watcher on C:\Users\itsme\Desktop\first try\watch_folder
2025-12-15 21:58:33,731 - rd_automator - INFO - Starting background monitoring loop...
2025-12-15 21:58:33,731 - rd_automator - INFO - Orchestrator started. Press Ctrl+C to stop.
2025-12-15 21:58:39,842 - rd_automator.watcher - INFO - Detected new file: C:\Users\itsme\Desktop\first try\watch_folder\552. Alai Payuthey.flac
2025-12-15 21:58:44,843 - rd_automator - INFO - Processing item: C:\Users\itsme\Desktop\first try\watch_folder\552. Alai Payuthey.flac (Mode: hoster)
2025-12-15 21:58:44,844 - rd_automator.uploader - INFO - Uploading 552. Alai Payuthey.flac to Dropbox (25.87 MB)...
2025-12-15 21:58:44,846 - dropbox - INFO - Request to files/upload_session/start
2025-12-15 21:58:46,014 - rd_automator.uploader - ERROR - Error uploading to Dropbox: AuthError('3207016a7b094c2a8b332ef16940373c', AuthError('missing_scope', TokenScopeError(required_scope='files.content.write')))
2025-12-15 21:58:46,015 - rd_automator - ERROR - Hoster upload failed. Aborting.
2025-12-15 21:59:21,648 - rd_automator - INFO - Stopping...
2025-12-15 21:59:33,989 - rd_automator.watcher - INFO - Starting watcher on C:\Users\itsme\Desktop\first try\watch_folder
2025-12-15 21:59:33,991 - rd_automator - INFO - Starting background monitoring loop...
2025-12-15 21:59:33,991 - rd_automator - INFO - Orchestrator started. Press Ctrl+C to stop.
2025-12-15 21:59:43,344 - rd_automator.watcher - INFO - Detected new file: C:\Users\itsme\Desktop\first try\watch_folder\552. Alai Payuthey.flac
2025-12-15 21:59:48,346 - rd_automator - INFO - Processing item: C:\Users\itsme\Desktop\first try\watch_folder\552. Alai Payuthey.flac (Mode: hoster)
2025-12-15 21:59:48,347 - rd_automator.uploader - INFO - Uploading 552. Alai Payuthey.flac to Dropbox (25.87 MB)...
2025-12-15 21:59:48,348 - dropbox - INFO - Request to files/upload_session/start
2025-12-15 21:59:49,402 - rd_automator.uploader - ERROR - Error uploading to Dropbox: AuthError('b0ceb2ec681b4e3caf406d776940377c', AuthError('missing_scope', TokenScopeError(required_scope='files.content.write')))
2025-12-15 21:59:49,404 - rd_automator - ERROR - Hoster upload failed. Aborting.
2025-12-15 22:01:04,130 - rd_automator - INFO - Stopping...
2025-12-15 22:01:05,534 - rd_automator.watcher - INFO - Starting watcher on C:\Users\itsme\Desktop\first try\watch_folder
2025-12-15 22:01:05,535 - rd_automator - INFO - Starting background monitoring loop...
2025-12-15 22:01:05,535 - rd_automator - INFO - Orchestrator started. Press Ctrl+C to stop.
2025-12-15 22:01:09,779 - rd_automator.watcher - INFO - Detected new file: C:\Users\itsme\Desktop\first try\watch_folder\552. Alai Payuthey.flac
2025-12-15 22:01:14,781 - rd_automator - INFO - Processing item: C:\Users\itsme\Desktop\first try\watch_folder\552. Alai Payuthey.flac (Mode: hoster)
2025-12-15 22:01:14,782 - rd_automator.uploader - ERROR - Dropox Access Token not found in settings!
2025-12-15 22:01:14,782 - rd_automator - ERROR - Hoster upload failed. Aborting.
2025-12-15 22:02:22,539 - rd_automator - INFO - Stopping...
2025-12-15 22:02:24,018 - rd_automator.watcher - INFO - Starting watcher on C:\Users\itsme\Desktop\first try\watch_folder
2025-12-15 22:02:24,020 - rd_automator - INFO - Starting background monitoring loop...
2025-12-15 22:02:24,020 - rd_automator - INFO - Orchestrator started. Press Ctrl+C to stop.
2025-12-15 22:02:29,395 - rd_automator.watcher - INFO - Detected new file: C:\Users\itsme\Desktop\first try\watch_folder\552. Alai Payuthey.flac
2025-12-15 22:02:34,399 - rd_automator - INFO - Processing item: C:\Users\itsme\Desktop\first try\watch_folder\552. Alai Payuthey.flac (Mode: hoster)
2025-12-15 22:02:34,400 - rd_automator.uploader - INFO - Uploading 552. Alai Payuthey.flac to Dropbox (25.87 MB)...
2025-12-15 22:02:34,402 - dropbox - INFO - Request to files/upload_session/start
2025-12-15 22:02:35,845 - dropbox - INFO - Request to files/upload_session/append_v2
2025-12-15 22:02:36,575 - dropbox - INFO - Request to files/upload_session/append_v2
2025-12-15 22:02:37,398 - dropbox - INFO - Request to files/upload_session/append_v2
2025-12-15 22:02:38,077 - dropbox - INFO - Request to files/upload_session/append_v2
2025-12-15 22:02:38,867 - dropbox - INFO - Request to files/upload_session/append_v2
2025-12-15 22:02:39,648 - dropbox - INFO - Request to files/upload_session/finish
2025-12-15 22:02:40,655 - rd_automator.uploader - INFO - Dropbox Upload finished.
2025-12-15 22:02:40,655 - dropbox - INFO - Request to sharing/list_shared_links
2025-12-15 22:02:41,229 - dropbox - INFO - Request to sharing/create_shared_link_with_settings
2025-12-15 22:02:42,105 - rd_automator.uploader - INFO - Dropbox Link: https://www.dropbox.com/scl/fi/w8yt9ls3m80v3df7cqptq/552.-Alai-Payuthey.flac?rlkey=4akpo27egdz5gfgd1vkrig4i1&dl=0
2025-12-15 22:02:42,106 - rd_automator - INFO - Unrestricting link: https://www.dropbox.com/scl/fi/w8yt9ls3m80v3df7cqptq/552.-Alai-Payuthey.flac?rlkey=4akpo27egdz5gfgd1vkrig4i1&dl=0
2025-12-15 22:02:44,067 - rd_automator - INFO - Unrestrict successful! Download ID: CVZRYVIDIJSNY40
2025-12-15 22:07:23,049 - rd_automator - INFO - Stopping...
2025-12-15 22:07:24,670 - rd_automator.watcher - INFO - Starting watcher on C:\Users\itsme\Desktop\first try\watch_folder
2025-12-15 22:07:24,671 - rd_automator - INFO - Starting background monitoring loop...
2025-12-15 22:07:24,671 - rd_automator - INFO - Orchestrator started. Press Ctrl+C to stop.
2025-12-15 22:07:32,056 - rd_automator.watcher - INFO - Detected new file: C:\Users\itsme\Desktop\first try\watch_folder\553. Baby Doll.flac
2025-12-15 22:07:37,057 - rd_automator - INFO - Processing item: C:\Users\itsme\Desktop\first try\watch_folder\553. Baby Doll.flac (Mode: hoster)
2025-12-15 22:07:37,058 - rd_automator.uploader - INFO - Uploading 553. Baby Doll.flac to Dropbox (25.69 MB)...
2025-12-15 22:07:37,060 - dropbox - INFO - Request to files/upload_session/start
2025-12-15 22:07:38,416 - dropbox - INFO - Request to files/upload_session/append_v2
2025-12-15 22:07:41,580 - dropbox - INFO - Request to files/upload_session/append_v2
2025-12-15 22:07:42,268 - dropbox - INFO - Request to files/upload_session/append_v2
2025-12-15 22:07:42,990 - dropbox - INFO - Request to files/upload_session/append_v2
2025-12-15 22:07:43,672 - dropbox - INFO - Request to files/upload_session/append_v2
2025-12-15 22:07:44,358 - dropbox - INFO - Request to files/upload_session/finish
2025-12-15 22:07:45,287 - rd_automator.uploader - INFO - Dropbox Upload finished.
2025-12-15 22:07:45,288 - dropbox - INFO - Request to sharing/list_shared_links
2025-12-15 22:07:45,837 - dropbox - INFO - Request to sharing/create_shared_link_with_settings
2025-12-15 22:07:46,674 - rd_automator.uploader - INFO - Dropbox Link: https://www.dropbox.com/scl/fi/akr1wj0xp15i3dnv9vmfw/553.-Baby-Doll.flac?rlkey=vzwgdm142ed4aiz3x50z8aoci&dl=0
2025-12-15 22:07:46,674 - rd_automator - INFO - Unrestricting link: https://www.dropbox.com/scl/fi/akr1wj0xp15i3dnv9vmfw/553.-Baby-Doll.flac?rlkey=vzwgdm142ed4aiz3x50z8aoci&dl=0
2025-12-15 22:07:48,688 - rd_automator - INFO - Unrestrict successful! Download ID: 2ZLR4A6DUYIVE40
2025-12-15 22:07:48,690 - rd_automator - INFO - Saved link to unrestricted_links.txt
2025-12-15 22:10:03,258 - rd_automator - INFO - Stopping...
2025-12-15 22:10:05,983 - rd_automator.watcher - INFO - Starting watcher on C:\Users\itsme\Desktop\first try\watch_folder
2025-12-15 22:10:05,984 - rd_automator - INFO - Starting background monitoring loop...
2025-12-15 22:10:05,984 - rd_automator - INFO - Orchestrator started. Press Ctrl+C to stop.
2025-12-15 22:10:11,479 - rd_automator.watcher - INFO - Detected new file: C:\Users\itsme\Desktop\first try\watch_folder\554. Boyfriend.flac
2025-12-15 22:10:16,479 - rd_automator - INFO - Processing item: C:\Users\itsme\Desktop\first try\watch_folder\554. Boyfriend.flac (Mode: hoster)
2025-12-15 22:10:16,480 - rd_automator.uploader - INFO - Uploading 554. Boyfriend.flac to Dropbox (20.11 MB)...
2025-12-15 22:10:16,481 - dropbox - INFO - Request to files/upload_session/start
2025-12-15 22:10:17,790 - dropbox - INFO - Request to files/upload_session/append_v2
2025-12-15 22:10:18,938 - dropbox - INFO - Request to files/upload_session/append_v2
2025-12-15 22:10:19,852 - dropbox - INFO - Request to files/upload_session/append_v2
2025-12-15 22:10:20,666 - dropbox - INFO - Request to files/upload_session/append_v2
2025-12-15 22:10:21,307 - dropbox - INFO - Request to files/upload_session/finish
2025-12-15 22:10:22,074 - rd_automator.uploader - INFO - Dropbox Upload finished.
2025-12-15 22:10:22,074 - dropbox - INFO - Request to sharing/list_shared_links
2025-12-15 22:10:22,658 - dropbox - INFO - Request to sharing/create_shared_link_with_settings
2025-12-15 22:10:23,572 - rd_automator.uploader - INFO - Dropbox Link: https://www.dropbox.com/scl/fi/mlbc58bx06n9ngq7a66wx/554.-Boyfriend.flac?rlkey=k44vhnegd96jl79b2o2vnx42x&dl=0
2025-12-15 22:10:23,573 - rd_automator - INFO - Unrestricting link: https://www.dropbox.com/scl/fi/mlbc58bx06n9ngq7a66wx/554.-Boyfriend.flac?rlkey=k44vhnegd96jl79b2o2vnx42x&dl=0
2025-12-15 22:10:27,767 - rd_automator - INFO - Unrestrict successful! Download ID: KOO75336OYDLW32
2025-12-15 22:10:27,768 - rd_automator - INFO - Saved link to unrestricted_links.txt
2025-12-15 22:10:27,768 - rd_automator - INFO - Cleaning up Dropbox to save space...
2025-12-15 22:10:27,769 - rd_automator.uploader - INFO - Deleting /554. Boyfriend.flac from Dropbox...
2025-12-15 22:10:27,769 - dropbox - INFO - Request to files/delete_v2
2025-12-15 22:10:28,482 - rd_automator.uploader - INFO - Dropbox file deleted successfully.
2025-12-15 22:12:18,565 - rd_automator - INFO - Stopping...
2025-12-15 22:13:02,205 - rd_automator.watcher - INFO - Starting watcher on C:\Users\itsme\Desktop\first try\watch_folder
2025-12-15 22:13:02,206 - rd_automator - INFO - Starting background monitoring loop...
2025-12-15 22:13:02,206 - rd_automator - INFO - Orchestrator started. Press Ctrl+C to stop.
2025-12-15 22:13:17,200 - rd_automator.watcher - INFO - Detected new file: C:\Users\itsme\Desktop\first try\watch_folder\435. Oo Antava Oo Oo Antava [From _Pushpa - The Rise (Part - 01)_].flac
2025-12-15 22:13:22,201 - rd_automator - INFO - Processing item: C:\Users\itsme\Desktop\first try\watch_folder\435. Oo Antava Oo Oo Antava [From _Pushpa - The Rise (Part - 01)_].flac (Mode: hoster)
2025-12-15 22:13:22,202 - rd_automator.uploader - INFO - Uploading 435. Oo Antava Oo Oo Antava [From _Pushpa - The Rise (Part - 01)_].flac to Dropbox (24.81 MB)...
2025-12-15 22:13:22,204 - dropbox - INFO - Request to files/upload_session/start
2025-12-15 22:13:25,606 - dropbox - INFO - Request to files/upload_session/append_v2
2025-12-15 22:13:26,337 - dropbox - INFO - Request to files/upload_session/append_v2
2025-12-15 22:13:27,198 - dropbox - INFO - Request to files/upload_session/append_v2
2025-12-15 22:13:27,972 - dropbox - INFO - Request to files/upload_session/append_v2
2025-12-15 22:13:28,710 - dropbox - INFO - Request to files/upload_session/append_v2
2025-12-15 22:13:29,373 - dropbox - INFO - Request to files/upload_session/finish
2025-12-15 22:13:30,202 - rd_automator.uploader - INFO - Dropbox Upload finished.
2025-12-15 22:13:30,202 - dropbox - INFO - Request to sharing/list_shared_links
2025-12-15 22:13:30,733 - dropbox - INFO - Request to sharing/create_shared_link_with_settings
2025-12-15 22:13:31,538 - rd_automator.uploader - INFO - Dropbox Link: https://www.dropbox.com/scl/fi/07jrtzzrk08acvw1zn374/435.-Oo-Antava-Oo-Oo-Antava-From-_Pushpa-The-Rise-Part-01-_.flac?rlkey=8e1ce4th3pn1slah9ktwg11eu&dl=0
2025-12-15 22:13:31,538 - rd_automator - INFO - Unrestricting link: https://www.dropbox.com/scl/fi/07jrtzzrk08acvw1zn374/435.-Oo-Antava-Oo-Oo-Antava-From-_Pushpa-The-Rise-Part-01-_.flac?rlkey=8e1ce4th3pn1slah9ktwg11eu&dl=0
2025-12-15 22:13:33,918 - rd_automator - INFO - Unrestrict successful! Download ID: JZKDKHPG2SWTM32
2025-12-15 22:13:33,919 - rd_automator - INFO - Saved link to unrestricted_links.txt
2025-12-15 22:13:33,919 - rd_automator - INFO - Cleaning up Dropbox to save space...
2025-12-15 22:13:33,920 - rd_automator.uploader - INFO - Deleting /435. Oo Antava Oo Oo Antava [From _Pushpa - The Rise (Part - 01)_].flac from Dropbox...
2025-12-15 22:13:33,920 - dropbox - INFO - Request to files/delete_v2
2025-12-15 22:13:34,596 - rd_automator.uploader - INFO - Dropbox file deleted successfully.
2025-12-15 22:13:34,597 - rd_automator.watcher - INFO - Detected new file: C:\Users\itsme\Desktop\first try\watch_folder\436. Run Away (feat. Olia Tira).flac
2025-12-15 22:13:39,598 - rd_automator - INFO - Processing item: C:\Users\itsme\Desktop\first try\watch_folder\436. Run Away (feat. Olia Tira).flac (Mode: hoster)
2025-12-15 22:13:39,599 - rd_automator.uploader - INFO - Uploading 436. Run Away (feat. Olia Tira).flac to Dropbox (36.89 MB)...
2025-12-15 22:13:39,600 - dropbox - INFO - Request to files/upload_session/start
2025-12-15 22:13:40,872 - dropbox - INFO - Request to files/upload_session/append_v2
2025-12-15 22:13:41,593 - dropbox - INFO - Request to files/upload_session/append_v2
2025-12-15 22:13:42,429 - dropbox - INFO - Request to files/upload_session/append_v2
2025-12-15 22:13:43,305 - dropbox - INFO - Request to files/upload_session/append_v2
2025-12-15 22:13:46,304 - dropbox - INFO - Request to files/upload_session/append_v2
2025-12-15 22:13:47,038 - dropbox - INFO - Request to files/upload_session/append_v2
2025-12-15 22:13:47,775 - dropbox - INFO - Request to files/upload_session/append_v2
2025-12-15 22:13:48,452 - dropbox - INFO - Request to files/upload_session/append_v2
2025-12-15 22:13:49,245 - dropbox - INFO - Request to files/upload_session/finish
2025-12-15 22:13:50,135 - rd_automator.uploader - INFO - Dropbox Upload finished.
2025-12-15 22:13:50,136 - dropbox - INFO - Request to sharing/list_shared_links
2025-12-15 22:13:50,666 - dropbox - INFO - Request to sharing/create_shared_link_with_settings
2025-12-15 22:13:51,542 - rd_automator.uploader - INFO - Dropbox Link: https://www.dropbox.com/scl/fi/h4slfpa1l7yfq8nf1e2ep/436.-Run-Away-feat.-Olia-Tira.flac?rlkey=dvv2df21ykm8183ndkoxuiw7a&dl=0
2025-12-15 22:13:51,542 - rd_automator - INFO - Unrestricting link: https://www.dropbox.com/scl/fi/h4slfpa1l7yfq8nf1e2ep/436.-Run-Away-feat.-Olia-Tira.flac?rlkey=dvv2df21ykm8183ndkoxuiw7a&dl=0
2025-12-15 22:13:53,520 - rd_automator - INFO - Unrestrict successful! Download ID: OMJ7FQ4MPFZYW32
2025-12-15 22:13:53,521 - rd_automator - INFO - Saved link to unrestricted_links.txt
2025-12-15 22:13:53,521 - rd_automator - INFO - Cleaning up Dropbox to save space...
2025-12-15 22:13:53,521 - rd_automator.uploader - INFO - Deleting /436. Run Away (feat. Olia Tira).flac from Dropbox...
2025-12-15 22:13:53,521 - dropbox - INFO - Request to files/delete_v2
2025-12-15 22:13:54,184 - rd_automator.uploader - INFO - Dropbox file deleted successfully.
2025-12-15 22:13:54,185 - rd_automator.watcher - INFO - Detected new file: C:\Users\itsme\Desktop\first try\watch_folder\437. Hey Minnale (From _Amaran_).flac
2025-12-15 22:13:59,186 - rd_automator - INFO - Processing item: C:\Users\itsme\Desktop\first try\watch_folder\437. Hey Minnale (From _Amaran_).flac (Mode: hoster)
2025-12-15 22:13:59,187 - rd_automator.uploader - INFO - Uploading 437. Hey Minnale (From _Amaran_).flac to Dropbox (26.50 MB)...
2025-12-15 22:13:59,189 - dropbox - INFO - Request to files/upload_session/start
2025-12-15 22:14:00,859 - dropbox - INFO - Request to files/upload_session/append_v2
2025-12-15 22:14:01,571 - dropbox - INFO - Request to files/upload_session/append_v2
2025-12-15 22:14:02,287 - dropbox - INFO - Request to files/upload_session/append_v2
2025-12-15 22:14:02,940 - dropbox - INFO - Request to files/upload_session/append_v2
2025-12-15 22:14:04,143 - dropbox - INFO - Request to files/upload_session/append_v2
2025-12-15 22:14:04,908 - dropbox - INFO - Request to files/upload_session/finish
2025-12-15 22:14:05,998 - rd_automator.uploader - INFO - Dropbox Upload finished.
2025-12-15 22:14:05,999 - dropbox - INFO - Request to sharing/list_shared_links
2025-12-15 22:14:06,544 - dropbox - INFO - Request to sharing/create_shared_link_with_settings
2025-12-15 22:14:07,741 - rd_automator.uploader - INFO - Dropbox Link: https://www.dropbox.com/scl/fi/z9p1jmycrleo8dw4irqbz/437.-Hey-Minnale-From-_Amaran_.flac?rlkey=7h1t87zjdfa0bib0hhy4qqvrj&dl=0
2025-12-15 22:14:07,741 - rd_automator - INFO - Unrestricting link: https://www.dropbox.com/scl/fi/z9p1jmycrleo8dw4irqbz/437.-Hey-Minnale-From-_Amaran_.flac?rlkey=7h1t87zjdfa0bib0hhy4qqvrj&dl=0
2025-12-15 22:14:11,761 - rd_automator - INFO - Unrestrict successful! Download ID: RNWOS43XCNZ3M40
2025-12-15 22:14:11,762 - rd_automator - INFO - Saved link to unrestricted_links.txt
2025-12-15 22:14:11,762 - rd_automator - INFO - Cleaning up Dropbox to save space...
2025-12-15 22:14:11,763 - rd_automator.uploader - INFO - Deleting /437. Hey Minnale (From _Amaran_).flac from Dropbox...
2025-12-15 22:14:11,763 - dropbox - INFO - Request to files/delete_v2
2025-12-15 22:14:12,474 - rd_automator.uploader - INFO - Dropbox file deleted successfully.
2025-12-15 22:14:12,475 - rd_automator.watcher - INFO - Detected new file: C:\Users\itsme\Desktop\first try\watch_folder\438. Water Packet (From _Raayan_).flac
2025-12-15 22:14:17,475 - rd_automator - INFO - Processing item: C:\Users\itsme\Desktop\first try\watch_folder\438. Water Packet (From _Raayan_).flac (Mode: hoster)
2025-12-15 22:14:17,476 - rd_automator.uploader - INFO - Uploading 438. Water Packet (From _Raayan_).flac to Dropbox (50.38 MB)...
2025-12-15 22:14:17,478 - dropbox - INFO - Request to files/upload_session/start
2025-12-15 22:14:18,627 - dropbox - INFO - Request to files/upload_session/append_v2
2025-12-15 22:14:19,312 - dropbox - INFO - Request to files/upload_session/append_v2
2025-12-15 22:14:20,013 - dropbox - INFO - Request to files/upload_session/append_v2
2025-12-15 22:14:20,765 - dropbox - INFO - Request to files/upload_session/append_v2
2025-12-15 22:14:21,505 - dropbox - INFO - Request to files/upload_session/append_v2
2025-12-15 22:14:24,527 - dropbox - INFO - Request to files/upload_session/append_v2
2025-12-15 22:14:25,264 - dropbox - INFO - Request to files/upload_session/append_v2
2025-12-15 22:14:25,855 - dropbox - INFO - Request to files/upload_session/append_v2
2025-12-15 22:14:26,650 - dropbox - INFO - Request to files/upload_session/append_v2
2025-12-15 22:14:27,428 - dropbox - INFO - Request to files/upload_session/append_v2
2025-12-15 22:14:29,659 - dropbox - INFO - Request to files/upload_session/append_v2
2025-12-15 22:14:30,740 - dropbox - INFO - Request to files/upload_session/finish
2025-12-15 22:14:34,004 - rd_automator.uploader - INFO - Dropbox Upload finished.
2025-12-15 22:14:34,004 - dropbox - INFO - Request to sharing/list_shared_links
2025-12-15 22:14:34,524 - dropbox - INFO - Request to sharing/create_shared_link_with_settings
2025-12-15 22:14:35,400 - rd_automator.uploader - INFO - Dropbox Link: https://www.dropbox.com/scl/fi/qob3ottivgge60oa1ltaq/438.-Water-Packet-From-_Raayan_.flac?rlkey=32j1y6lth899ofzhdseenci3z&dl=0
2025-12-15 22:14:35,401 - rd_automator - INFO - Unrestricting link: https://www.dropbox.com/scl/fi/qob3ottivgge60oa1ltaq/438.-Water-Packet-From-_Raayan_.flac?rlkey=32j1y6lth899ofzhdseenci3z&dl=0
2025-12-15 22:14:39,493 - rd_automator - INFO - Unrestrict successful! Download ID: NHM7QFY7R6LSE41
2025-12-15 22:14:39,494 - rd_automator - INFO - Saved link to unrestricted_links.txt
2025-12-15 22:14:39,494 - rd_automator - INFO - Cleaning up Dropbox to save space...
2025-12-15 22:14:39,494 - rd_automator.uploader - INFO - Deleting /438. Water Packet (From _Raayan_).flac from Dropbox...
2025-12-15 22:14:39,495 - dropbox - INFO - Request to files/delete_v2
2025-12-15 22:14:40,153 - rd_automator.uploader - INFO - Dropbox file deleted successfully.
2025-12-15 22:14:40,154 - rd_automator.watcher - INFO - Detected new file: C:\Users\itsme\Desktop\first try\watch_folder\439. Jing Chakaan Jing Chakaan (From _Veeram_).flac
2025-12-15 22:14:45,154 - rd_automator - INFO - Processing item: C:\Users\itsme\Desktop\first try\watch_folder\439. Jing Chakaan Jing Chakaan (From _Veeram_).flac (Mode: hoster)
2025-12-15 22:14:45,155 - rd_automator.uploader - INFO - Uploading 439. Jing Chakaan Jing Chakaan (From _Veeram_).flac to Dropbox (31.31 MB)...
2025-12-15 22:14:45,156 - dropbox - INFO - Request to files/upload_session/start
2025-12-15 22:14:46,648 - dropbox - INFO - Request to files/upload_session/append_v2
2025-12-15 22:14:47,452 - dropbox - INFO - Request to files/upload_session/append_v2
2025-12-15 22:14:50,647 - dropbox - INFO - Request to files/upload_session/append_v2
2025-12-15 22:14:51,524 - dropbox - INFO - Request to files/upload_session/append_v2
2025-12-15 22:14:52,249 - dropbox - INFO - Request to files/upload_session/append_v2
2025-12-15 22:14:53,150 - dropbox - INFO - Request to files/upload_session/append_v2
2025-12-15 22:14:54,119 - dropbox - INFO - Request to files/upload_session/finish
2025-12-15 22:14:55,744 - rd_automator.uploader - INFO - Dropbox Upload finished.
2025-12-15 22:14:55,744 - dropbox - INFO - Request to sharing/list_shared_links
2025-12-15 22:14:56,366 - dropbox - INFO - Request to sharing/create_shared_link_with_settings
2025-12-15 22:14:57,298 - rd_automator.uploader - INFO - Dropbox Link: https://www.dropbox.com/scl/fi/scwrja99fyr8dgxyt4sya/439.-Jing-Chakaan-Jing-Chakaan-From-_Veeram_.flac?rlkey=z3m2x8alybkifuisqx2r8h905&dl=0
2025-12-15 22:14:57,300 - rd_automator - INFO - Unrestricting link: https://www.dropbox.com/scl/fi/scwrja99fyr8dgxyt4sya/439.-Jing-Chakaan-Jing-Chakaan-From-_Veeram_.flac?rlkey=z3m2x8alybkifuisqx2r8h905&dl=0
2025-12-15 22:14:59,842 - rd_automator - INFO - Unrestrict successful! Download ID: VMYYMT7BVR37W40
2025-12-15 22:14:59,843 - rd_automator - INFO - Saved link to unrestricted_links.txt
2025-12-15 22:14:59,843 - rd_automator - INFO - Cleaning up Dropbox to save space...
2025-12-15 22:14:59,844 - rd_automator.uploader - INFO - Deleting /439. Jing Chakaan Jing Chakaan (From _Veeram_).flac from Dropbox...
2025-12-15 22:14:59,844 - dropbox - INFO - Request to files/delete_v2
2025-12-15 22:15:01,078 - rd_automator.uploader - INFO - Dropbox file deleted successfully.
2025-12-15 22:15:01,079 - rd_automator.watcher - INFO - Detected new file: C:\Users\itsme\Desktop\first try\watch_folder\440. Asku Laska.flac
2025-12-15 22:15:06,080 - rd_automator - INFO - Processing item: C:\Users\itsme\Desktop\first try\watch_folder\440. Asku Laska.flac (Mode: hoster)
2025-12-15 22:15:06,080 - rd_automator.uploader - INFO - Uploading 440. Asku Laska.flac to Dropbox (41.67 MB)...
2025-12-15 22:15:06,082 - dropbox - INFO - Request to files/upload_session/start
2025-12-15 22:15:09,375 - dropbox - INFO - Request to files/upload_session/append_v2
2025-12-15 22:15:10,058 - dropbox - INFO - Request to files/upload_session/append_v2
2025-12-15 22:15:10,774 - dropbox - INFO - Request to files/upload_session/append_v2
2025-12-15 22:15:11,463 - dropbox - INFO - Request to files/upload_session/append_v2
2025-12-15 22:15:12,229 - dropbox - INFO - Request to files/upload_session/append_v2
2025-12-15 22:15:12,918 - dropbox - INFO - Request to files/upload_session/append_v2
2025-12-15 22:15:14,256 - dropbox - INFO - Request to files/upload_session/append_v2
2025-12-15 22:15:15,308 - dropbox - INFO - Request to files/upload_session/append_v2
2025-12-15 22:15:16,162 - dropbox - INFO - Request to files/upload_session/append_v2
2025-12-15 22:15:16,753 - dropbox - INFO - Request to files/upload_session/finish
2025-12-15 22:15:17,639 - rd_automator.uploader - INFO - Dropbox Upload finished.
2025-12-15 22:15:17,640 - dropbox - INFO - Request to sharing/list_shared_links
2025-12-15 22:15:18,458 - dropbox - INFO - Request to sharing/create_shared_link_with_settings
2025-12-15 22:15:19,421 - rd_automator.uploader - INFO - Dropbox Link: https://www.dropbox.com/scl/fi/q9tu9z3ez29oti98qbleu/440.-Asku-Laska.flac?rlkey=3m8zgd1bm5zyethbywys8sh3k&dl=0
2025-12-15 22:15:19,422 - rd_automator - INFO - Unrestricting link: https://www.dropbox.com/scl/fi/q9tu9z3ez29oti98qbleu/440.-Asku-Laska.flac?rlkey=3m8zgd1bm5zyethbywys8sh3k&dl=0
2025-12-15 22:15:21,884 - rd_automator - INFO - Unrestrict successful! Download ID: T5NC2CM6NBRZA32
2025-12-15 22:15:21,885 - rd_automator - INFO - Saved link to unrestricted_links.txt
2025-12-15 22:15:21,885 - rd_automator - INFO - Cleaning up Dropbox to save space...
2025-12-15 22:15:21,885 - rd_automator.uploader - INFO - Deleting /440. Asku Laska.flac from Dropbox...
2025-12-15 22:15:21,886 - dropbox - INFO - Request to files/delete_v2
2025-12-15 22:15:22,648 - rd_automator.uploader - INFO - Dropbox file deleted successfully.
2025-12-15 22:15:22,648 - rd_automator.watcher - INFO - Detected new file: C:\Users\itsme\Desktop\first try\watch_folder\441. En Frienda Pola Yaru Machan.flac
2025-12-15 22:15:27,649 - rd_automator - INFO - Processing item: C:\Users\itsme\Desktop\first try\watch_folder\441. En Frienda Pola Yaru Machan.flac (Mode: hoster)
2025-12-15 22:15:27,649 - rd_automator.uploader - INFO - Uploading 441. En Frienda Pola Yaru Machan.flac to Dropbox (24.17 MB)...
2025-12-15 22:15:27,650 - dropbox - INFO - Request to files/upload_session/start
2025-12-15 22:15:29,577 - dropbox - INFO - Request to files/upload_session/append_v2
2025-12-15 22:15:30,450 - dropbox - INFO - Request to files/upload_session/append_v2
2025-12-15 22:15:31,033 - dropbox - INFO - Request to files/upload_session/append_v2
2025-12-15 22:15:31,719 - dropbox - INFO - Request to files/upload_session/append_v2
2025-12-15 22:15:32,598 - dropbox - INFO - Request to files/upload_session/append_v2
2025-12-15 22:15:33,269 - dropbox - INFO - Request to files/upload_session/finish
2025-12-15 22:15:33,970 - rd_automator.uploader - INFO - Dropbox Upload finished.
2025-12-15 22:15:33,971 - dropbox - INFO - Request to sharing/list_shared_links
2025-12-15 22:15:34,497 - dropbox - INFO - Request to sharing/create_shared_link_with_settings
2025-12-15 22:15:35,418 - rd_automator.uploader - INFO - Dropbox Link: https://www.dropbox.com/scl/fi/cn9i2i8x467uomdmtl3p1/441.-En-Frienda-Pola-Yaru-Machan.flac?rlkey=a1si6gi39d30moe2rki4n1ujy&dl=0
2025-12-15 22:15:35,418 - rd_automator - INFO - Unrestricting link: https://www.dropbox.com/scl/fi/cn9i2i8x467uomdmtl3p1/441.-En-Frienda-Pola-Yaru-Machan.flac?rlkey=a1si6gi39d30moe2rki4n1ujy&dl=0
2025-12-15 22:15:37,476 - rd_automator - INFO - Unrestrict successful! Download ID: ROQ2BNZHMAAXK41
2025-12-15 22:15:37,477 - rd_automator - INFO - Saved link to unrestricted_links.txt
2025-12-15 22:15:37,477 - rd_automator - INFO - Cleaning up Dropbox to save space...
2025-12-15 22:15:37,477 - rd_automator.uploader - INFO - Deleting /441. En Frienda Pola Yaru Machan.flac from Dropbox...
2025-12-15 22:15:37,477 - dropbox - INFO - Request to files/delete_v2
2025-12-15 22:15:38,282 - rd_automator.uploader - INFO - Dropbox file deleted successfully.
2025-12-15 22:15:38,282 - rd_automator.watcher - INFO - Detected new file: C:\Users\itsme\Desktop\first try\watch_folder\442. All is Well.flac
2025-12-15 22:15:43,283 - rd_automator - INFO - Processing item: C:\Users\itsme\Desktop\first try\watch_folder\442. All is Well.flac (Mode: hoster)
2025-12-15 22:15:43,284 - rd_automator.uploader - INFO - Uploading 442. All is Well.flac to Dropbox (36.92 MB)...
2025-12-15 22:15:43,286 - dropbox - INFO - Request to files/upload_session/start
2025-12-15 22:15:44,305 - dropbox - INFO - Request to files/upload_session/append_v2
2025-12-15 22:15:45,086 - dropbox - INFO - Request to files/upload_session/append_v2
2025-12-15 22:15:45,932 - dropbox - INFO - Request to files/upload_session/append_v2
2025-12-15 22:15:46,680 - dropbox - INFO - Request to files/upload_session/append_v2
2025-12-15 22:15:47,410 - dropbox - INFO - Request to files/upload_session/append_v2
2025-12-15 22:15:48,066 - dropbox - INFO - Request to files/upload_session/append_v2
2025-12-15 22:15:48,765 - dropbox - INFO - Request to files/upload_session/append_v2
2025-12-15 22:15:49,583 - dropbox - INFO - Request to files/upload_session/append_v2
2025-12-15 22:15:50,218 - dropbox - INFO - Request to files/upload_session/finish
2025-12-15 22:15:51,245 - rd_automator.uploader - INFO - Dropbox Upload finished.
2025-12-15 22:15:51,245 - dropbox - INFO - Request to sharing/list_shared_links
2025-12-15 22:15:51,798 - dropbox - INFO - Request to sharing/create_shared_link_with_settings
2025-12-15 22:15:52,598 - rd_automator.uploader - INFO - Dropbox Link: https://www.dropbox.com/scl/fi/ko2pm07asf9erl1zwujzf/442.-All-is-Well.flac?rlkey=jdp192ybbm6uolhi8fnn25ho4&dl=0
2025-12-15 22:15:52,599 - rd_automator - INFO - Unrestricting link: https://www.dropbox.com/scl/fi/ko2pm07asf9erl1zwujzf/442.-All-is-Well.flac?rlkey=jdp192ybbm6uolhi8fnn25ho4&dl=0
2025-12-15 22:15:55,275 - rd_automator - INFO - Unrestrict successful! Download ID: YGJ5IZ3TG57O641
2025-12-15 22:15:55,276 - rd_automator - INFO - Saved link to unrestricted_links.txt
2025-12-15 22:15:55,276 - rd_automator - INFO - Cleaning up Dropbox to save space...
2025-12-15 22:15:55,277 - rd_automator.uploader - INFO - Deleting /442. All is Well.flac from Dropbox...
2025-12-15 22:15:55,277 - dropbox - INFO - Request to files/delete_v2
2025-12-15 22:15:55,963 - rd_automator.uploader - INFO - Dropbox file deleted successfully.
2025-12-15 22:31:39,486 - rd_automator - INFO - Stopping...
2025-12-15 17:07:15,628 - rd_automator.watcher - INFO - Starting watcher on /app/watch_folder
2025-12-15 17:07:15,629 - rd_automator - INFO - Starting background monitoring loop...
2025-12-15 17:07:15,629 - rd_automator - INFO - Orchestrator started. Press Ctrl+C to stop.
2025-12-22 23:00:52,003 - rd_automator.watcher - INFO - Starting watcher on C:\Users\itsme\Desktop\rd auto\watch_folder
2025-12-22 23:00:52,005 - rd_automator - INFO - Starting background monitoring loop...
2025-12-22 23:00:52,005 - rd_automator - INFO - Orchestrator started. Press Ctrl+C to stop.
2025-12-22 23:00:53,792 - rd_automator - INFO - Stopping...
2025-12-22 23:01:54,486 - rd_automator.watcher - INFO - Starting watcher on C:\Users\itsme\Desktop\rd auto\watch_folder
2025-12-22 23:01:54,488 - rd_automator - INFO - Starting background monitoring loop...
2025-12-22 23:01:54,488 - rd_automator - INFO - Orchestrator started. Press Ctrl+C to stop.
2025-12-22 23:02:22,134 - rd_automator.watcher - INFO - Detected new file: C:\Users\itsme\Desktop\rd auto\watch_folder\01. Manmadhane Nee.flac
2025-12-22 23:02:27,136 - rd_automator - INFO - Processing item: C:\Users\itsme\Desktop\rd auto\watch_folder\01. Manmadhane Nee.flac (Mode: hoster)
2025-12-22 23:02:27,138 - rd_automator.uploader - INFO - Uploading 01. Manmadhane Nee.flac to Dropbox (55.29 MB)...
2025-12-22 23:02:27,140 - dropbox - INFO - Request to files/upload_session/start
2025-12-22 23:02:28,058 - dropbox - INFO - ExpiredCredentials status_code=401: Refreshing and Retrying
2025-12-22 23:02:28,058 - dropbox - WARNING - Unable to refresh access token without                 refresh token and app key
2025-12-22 23:02:28,059 - dropbox - INFO - Request to files/upload_session/start
2025-12-22 23:02:28,690 - rd_automator.uploader - ERROR - Error uploading to Dropbox: AuthError('5ff9a487a44445ad8224cdc2694980ab', AuthError('expired_access_token', None))
2025-12-22 23:02:28,691 - rd_automator - ERROR - Hoster upload failed. Aborting.
2025-12-22 23:02:28,691 - rd_automator.watcher - INFO - Detected new file: C:\Users\itsme\Desktop\rd auto\watch_folder\02. Edhuvum Kedaikalana_ (From _Think Indie_).flac
2025-12-22 23:02:33,693 - rd_automator - INFO - Processing item: C:\Users\itsme\Desktop\rd auto\watch_folder\02. Edhuvum Kedaikalana_ (From _Think Indie_).flac (Mode: hoster)
2025-12-22 23:02:33,694 - rd_automator.uploader - INFO - Uploading 02. Edhuvum Kedaikalana_ (From _Think Indie_).flac to Dropbox (33.83 MB)...
2025-12-22 23:02:33,697 - dropbox - INFO - Request to files/upload_session/start
2025-12-22 23:02:34,831 - dropbox - INFO - ExpiredCredentials status_code=401: Refreshing and Retrying
2025-12-22 23:02:34,831 - dropbox - WARNING - Unable to refresh access token without                 refresh token and app key
2025-12-22 23:02:34,831 - dropbox - INFO - Request to files/upload_session/start
2025-12-22 23:02:35,139 - rd_automator.uploader - ERROR - Error uploading to Dropbox: AuthError('6a217f059c1744ef92bd5153694980b2', AuthError('expired_access_token', None))
2025-12-22 23:02:35,140 - rd_automator - ERROR - Hoster upload failed. Aborting.
2025-12-22 23:02:35,141 - rd_automator.watcher - INFO - Detected new file: C:\Users\itsme\Desktop\rd auto\watch_folder\03. Thimiru Kaattaadha Di.flac
2025-12-22 23:02:40,142 - rd_automator - INFO - Processing item: C:\Users\itsme\Desktop\rd auto\watch_folder\03. Thimiru Kaattaadha Di.flac (Mode: hoster)
2025-12-22 23:02:40,143 - rd_automator.uploader - INFO - Uploading 03. Thimiru Kaattaadha Di.flac to Dropbox (28.90 MB)...
2025-12-22 23:02:40,146 - dropbox - INFO - Request to files/upload_session/start
2025-12-22 23:02:41,063 - dropbox - INFO - ExpiredCredentials status_code=401: Refreshing and Retrying
2025-12-22 23:02:41,064 - dropbox - WARNING - Unable to refresh access token without                 refresh token and app key
2025-12-22 23:02:41,064 - dropbox - INFO - Request to files/upload_session/start
2025-12-22 23:02:41,350 - rd_automator.uploader - ERROR - Error uploading to Dropbox: AuthError('8c2795f4241c48b380653a4a694980b8', AuthError('expired_access_token', None))
2025-12-22 23:02:41,351 - rd_automator - ERROR - Hoster upload failed. Aborting.
2025-12-22 23:02:41,351 - rd_automator.watcher - INFO - Detected new file: C:\Users\itsme\Desktop\rd auto\watch_folder\04. Macha Kanni.flac
2025-12-22 23:02:46,352 - rd_automator - INFO - Processing item: C:\Users\itsme\Desktop\rd auto\watch_folder\04. Macha Kanni.flac (Mode: hoster)
2025-12-22 23:02:46,353 - rd_automator.uploader - INFO - Uploading 04. Macha Kanni.flac to Dropbox (35.76 MB)...
2025-12-22 23:02:46,355 - dropbox - INFO - Request to files/upload_session/start
2025-12-22 23:02:49,061 - dropbox - INFO - ExpiredCredentials status_code=401: Refreshing and Retrying
2025-12-22 23:02:49,061 - dropbox - WARNING - Unable to refresh access token without                 refresh token and app key
2025-12-22 23:02:49,062 - dropbox - INFO - Request to files/upload_session/start
2025-12-22 23:02:49,361 - rd_automator.uploader - ERROR - Error uploading to Dropbox: AuthError('ca348dbaa37740148cf846fd694980c0', AuthError('expired_access_token', None))
2025-12-22 23:02:49,362 - rd_automator - ERROR - Hoster upload failed. Aborting.
2025-12-22 23:02:49,362 - rd_automator.watcher - INFO - Detected new file: C:\Users\itsme\Desktop\rd auto\watch_folder\05. Aigiri Nandini.flac
2025-12-22 23:02:54,364 - rd_automator - INFO - Processing item: C:\Users\itsme\Desktop\rd auto\watch_folder\05. Aigiri Nandini.flac (Mode: hoster)
2025-12-22 23:02:54,365 - rd_automator.uploader - INFO - Uploading 05. Aigiri Nandini.flac to Dropbox (50.83 MB)...
2025-12-22 23:02:54,371 - dropbox - INFO - Request to files/upload_session/start
2025-12-22 23:02:55,187 - dropbox - INFO - ExpiredCredentials status_code=401: Refreshing and Retrying
2025-12-22 23:02:55,188 - dropbox - WARNING - Unable to refresh access token without                 refresh token and app key
2025-12-22 23:02:55,188 - dropbox - INFO - Request to files/upload_session/start
2025-12-22 23:02:55,494 - rd_automator.uploader - ERROR - Error uploading to Dropbox: AuthError('d7fbbfa443504711852f2651694980c6', AuthError('expired_access_token', None))
2025-12-22 23:02:55,495 - rd_automator - ERROR - Hoster upload failed. Aborting.
2025-12-22 23:02:55,496 - rd_automator.watcher - INFO - Detected new file: C:\Users\itsme\Desktop\rd auto\watch_folder\06. Aathma Raama.flac
2025-12-22 23:02:59,275 - rd_automator - INFO - Stopping...
2025-12-22 23:03:00,497 - rd_automator - INFO - Processing item: C:\Users\itsme\Desktop\rd auto\watch_folder\06. Aathma Raama.flac (Mode: hoster)
2025-12-22 23:03:00,498 - rd_automator.uploader - INFO - Uploading 06. Aathma Raama.flac to Dropbox (24.60 MB)...
2025-12-22 23:03:00,501 - dropbox - INFO - Request to files/upload_session/start
2025-12-22 23:03:01,294 - dropbox - INFO - ExpiredCredentials status_code=401: Refreshing and Retrying
2025-12-22 23:03:01,295 - dropbox - WARNING - Unable to refresh access token without                 refresh token and app key
2025-12-22 23:03:01,295 - dropbox - INFO - Request to files/upload_session/start
2025-12-22 23:03:01,584 - rd_automator.uploader - ERROR - Error uploading to Dropbox: AuthError('f1be1343abb94bb29db98b9d694980cc', AuthError('expired_access_token', None))
2025-12-22 23:03:01,585 - rd_automator - ERROR - Hoster upload failed. Aborting.
2025-12-24 11:32:47,923 - rd_automator.watcher - INFO - Starting watcher on C:\Users\itsme\Desktop\rd auto\watch_folder
2025-12-24 11:32:47,925 - rd_automator - INFO - Starting background monitoring loop...
2025-12-24 11:32:47,925 - rd_automator - INFO - Orchestrator started. Press Ctrl+C to stop.
2025-12-24 11:32:56,396 - rd_automator.watcher - INFO - Detected new file: C:\Users\itsme\Desktop\rd auto\watch_folder\01. Manmadhane Nee.flac
2025-12-24 11:33:01,397 - rd_automator - INFO - Processing item: C:\Users\itsme\Desktop\rd auto\watch_folder\01. Manmadhane Nee.flac (Mode: hoster)
2025-12-24 11:33:01,398 - rd_automator.uploader - INFO - Uploading 01. Manmadhane Nee.flac to Dropbox (55.29 MB)...
2025-12-24 11:33:01,403 - dropbox - INFO - Request to files/upload_session/start
2025-12-24 11:33:02,349 - dropbox - INFO - ExpiredCredentials status_code=401: Refreshing and Retrying
2025-12-24 11:33:02,349 - dropbox - WARNING - Unable to refresh access token without                 refresh token and app key
2025-12-24 11:33:02,350 - dropbox - INFO - Request to files/upload_session/start
2025-12-24 11:33:02,800 - rd_automator.uploader - ERROR - Error uploading to Dropbox: AuthError('0d4f4a76da0844eeaa0c2485694b8215', AuthError('expired_access_token', None))
2025-12-24 11:33:02,809 - rd_automator - ERROR - Hoster upload failed. Aborting.
2025-12-24 11:33:02,810 - rd_automator.watcher - INFO - Detected new file: C:\Users\itsme\Desktop\rd auto\watch_folder\02. Edhuvum Kedaikalana_ (From _Think Indie_).flac
2025-12-24 11:33:07,811 - rd_automator - INFO - Processing item: C:\Users\itsme\Desktop\rd auto\watch_folder\02. Edhuvum Kedaikalana_ (From _Think Indie_).flac (Mode: hoster)
2025-12-24 11:33:07,812 - rd_automator.uploader - INFO - Uploading 02. Edhuvum Kedaikalana_ (From _Think Indie_).flac to Dropbox (33.83 MB)...
2025-12-24 11:33:07,825 - dropbox - INFO - Request to files/upload_session/start
2025-12-24 11:33:08,686 - dropbox - INFO - ExpiredCredentials status_code=401: Refreshing and Retrying
2025-12-24 11:33:08,687 - dropbox - WARNING - Unable to refresh access token without                 refresh token and app key
2025-12-24 11:33:08,687 - dropbox - INFO - Request to files/upload_session/start
2025-12-24 11:33:09,009 - rd_automator.uploader - ERROR - Error uploading to Dropbox: AuthError('2b5fa6e7d49a4747ab003215694b821c', AuthError('expired_access_token', None))
2025-12-24 11:33:09,010 - rd_automator - ERROR - Hoster upload failed. Aborting.
2025-12-24 11:33:09,011 - rd_automator.watcher - INFO - Detected new file: C:\Users\itsme\Desktop\rd auto\watch_folder\03. Thimiru Kaattaadha Di.flac
2025-12-24 11:33:10,051 - rd_automator - INFO - Stopping...
2025-12-24 11:34:08,913 - rd_automator.watcher - INFO - Starting watcher on C:\Users\itsme\Desktop\rd auto\watch_folder
2025-12-24 11:34:08,928 - rd_automator - INFO - Starting background monitoring loop...
2025-12-24 11:34:08,929 - rd_automator - INFO - Orchestrator started. Press Ctrl+C to stop.
2025-12-24 11:34:25,035 - rd_automator.watcher - INFO - Detected new file: C:\Users\itsme\Desktop\rd auto\watch_folder\01. Manmadhane Nee.flac
2025-12-24 11:34:30,036 - rd_automator - INFO - Processing item: C:\Users\itsme\Desktop\rd auto\watch_folder\01. Manmadhane Nee.flac (Mode: hoster)
2025-12-24 11:34:30,036 - rd_automator.uploader - INFO - Uploading 01. Manmadhane Nee.flac to Dropbox (55.29 MB)...
2025-12-24 11:34:30,038 - dropbox - INFO - Request to files/upload_session/start
2025-12-24 11:34:30,841 - dropbox - INFO - ExpiredCredentials status_code=401: Refreshing and Retrying
2025-12-24 11:34:30,842 - dropbox - WARNING - Unable to refresh access token without                 refresh token and app key
2025-12-24 11:34:30,842 - dropbox - INFO - Request to files/upload_session/start
2025-12-24 11:34:31,212 - rd_automator.uploader - ERROR - Error uploading to Dropbox: AuthError('99baf97093504490a4d4df3a694b826e', AuthError('expired_access_token', None))
2025-12-24 11:34:31,212 - rd_automator - ERROR - Hoster upload failed. Aborting.
2025-12-24 11:42:01,806 - rd_automator - INFO - Stopping...
2025-12-24 11:52:12,457 - rd_automator.watcher - INFO - Starting watcher on C:\Users\itsme\Desktop\rd auto\watch_folder
2025-12-24 11:52:12,466 - rd_automator - INFO - Starting background monitoring loop...
2025-12-24 11:52:12,466 - rd_automator - INFO - Orchestrator started. Press Ctrl+C to stop.
2025-12-24 11:52:20,091 - rd_automator.watcher - INFO - Detected new file: C:\Users\itsme\Desktop\rd auto\watch_folder\01. Manmadhane Nee.flac
2025-12-24 11:52:25,091 - rd_automator - INFO - Processing item: C:\Users\itsme\Desktop\rd auto\watch_folder\01. Manmadhane Nee.flac (Mode: hoster)
2025-12-24 11:52:25,107 - rd_automator.uploader - INFO - Using existing Dropbox Access Token.
2025-12-24 11:52:25,107 - rd_automator.uploader - INFO - Uploading 01. Manmadhane Nee.flac to Dropbox (55.29 MB)...
2025-12-24 11:52:25,109 - dropbox - INFO - Request to files/upload_session/start
2025-12-24 11:52:25,884 - dropbox - INFO - ExpiredCredentials status_code=401: Refreshing and Retrying
2025-12-24 11:52:25,895 - dropbox - WARNING - Unable to refresh access token without                 refresh token and app key
2025-12-24 11:52:25,896 - dropbox - INFO - Request to files/upload_session/start
2025-12-24 11:52:26,204 - rd_automator.uploader - ERROR - Error uploading to Dropbox: AuthError('4fdd593a7c814509b8f38f1a694b86a1', AuthError('expired_access_token', None))
2025-12-24 11:52:26,215 - rd_automator - ERROR - Hoster upload failed. Aborting.
2025-12-24 11:52:45,012 - rd_automator - INFO - Stopping...
2025-12-24 11:52:46,912 - rd_automator.watcher - INFO - Starting watcher on C:\Users\itsme\Desktop\rd auto\watch_folder
2025-12-24 11:52:46,922 - rd_automator - INFO - Starting background monitoring loop...
2025-12-24 11:52:46,922 - rd_automator - INFO - Orchestrator started. Press Ctrl+C to stop.
2025-12-24 11:52:52,103 - rd_automator.watcher - INFO - Detected new file: C:\Users\itsme\Desktop\rd auto\watch_folder\01. Manmadhane Nee.flac
2025-12-24 11:52:57,112 - rd_automator - INFO - Processing item: C:\Users\itsme\Desktop\rd auto\watch_folder\01. Manmadhane Nee.flac (Mode: hoster)
2025-12-24 11:52:57,121 - rd_automator.uploader - INFO - Using Dropbox Refresh Token authentication.
2025-12-24 11:52:57,122 - rd_automator.uploader - INFO - Uploading 01. Manmadhane Nee.flac to Dropbox (55.29 MB)...
2025-12-24 11:52:57,123 - dropbox - INFO - Refreshing access token.
2025-12-24 11:52:57,534 - dropbox - INFO - Request to files/upload_session/start
2025-12-24 11:52:58,633 - dropbox - INFO - Request to files/upload_session/append_v2
2025-12-24 11:52:59,252 - dropbox - INFO - Request to files/upload_session/append_v2
2025-12-24 11:52:59,952 - dropbox - INFO - Request to files/upload_session/append_v2
2025-12-24 11:53:00,553 - dropbox - INFO - Request to files/upload_session/append_v2
2025-12-24 11:53:01,403 - dropbox - INFO - Request to files/upload_session/append_v2
2025-12-24 11:53:02,139 - dropbox - INFO - Request to files/upload_session/append_v2
2025-12-24 11:53:05,380 - dropbox - INFO - Request to files/upload_session/append_v2
2025-12-24 11:53:06,165 - dropbox - INFO - Request to files/upload_session/append_v2
2025-12-24 11:53:06,832 - dropbox - INFO - Request to files/upload_session/append_v2
2025-12-24 11:53:07,440 - dropbox - INFO - Request to files/upload_session/append_v2
2025-12-24 11:53:08,050 - dropbox - INFO - Request to files/upload_session/append_v2
2025-12-24 11:53:11,022 - dropbox - INFO - Request to files/upload_session/append_v2
2025-12-24 11:53:11,575 - dropbox - INFO - Request to files/upload_session/finish
2025-12-24 11:53:12,603 - rd_automator.uploader - INFO - Dropbox Upload finished.
2025-12-24 11:53:12,603 - dropbox - INFO - Request to sharing/list_shared_links
2025-12-24 11:53:13,036 - dropbox - INFO - Request to sharing/create_shared_link_with_settings
2025-12-24 11:53:13,804 - rd_automator.uploader - INFO - Dropbox Link: https://www.dropbox.com/scl/fi/egryhz89ctcdozm0xey5x/01.-Manmadhane-Nee.flac?rlkey=hclpske68c0sva5qmaliqeund&dl=0
2025-12-24 11:53:13,805 - rd_automator - INFO - Unrestricting link: https://www.dropbox.com/scl/fi/egryhz89ctcdozm0xey5x/01.-Manmadhane-Nee.flac?rlkey=hclpske68c0sva5qmaliqeund&dl=0
2025-12-24 11:53:16,204 - rd_automator - INFO - Unrestrict successful! Download ID: 653NJ5444O2AC32
2025-12-24 11:53:16,205 - rd_automator - INFO - Saved link to unrestricted_links.txt
2025-12-24 11:53:16,206 - rd_automator - INFO - Cleaning up Dropbox to save space...
2025-12-24 11:53:16,206 - rd_automator.uploader - INFO - Deleting /01. Manmadhane Nee.flac from Dropbox...
2025-12-24 11:53:16,206 - dropbox - INFO - Request to files/delete_v2
2025-12-24 11:53:16,529 - dropbox - INFO - ExpiredCredentials status_code=401: Refreshing and Retrying
2025-12-24 11:53:16,538 - dropbox - WARNING - Unable to refresh access token without                 refresh token and app key
2025-12-24 11:53:16,539 - dropbox - INFO - Request to files/delete_v2
2025-12-24 11:53:16,769 - rd_automator.uploader - ERROR - Error deleting file from Dropbox: AuthError('72423cf189b3417d89299fe3694b86d3', AuthError('expired_access_token', None))
2025-12-24 11:53:35,178 - rd_automator - INFO - Stopping...
2025-12-24 11:54:51,166 - rd_automator.watcher - INFO - Starting watcher on C:\Users\itsme\Desktop\rd auto\watch_folder
2025-12-24 11:54:51,168 - rd_automator - INFO - Starting background monitoring loop...
2025-12-24 11:54:51,168 - rd_automator - INFO - Orchestrator started. Press Ctrl+C to stop.
2025-12-24 11:54:59,626 - rd_automator.watcher - INFO - Detected new file: C:\Users\itsme\Desktop\rd auto\watch_folder\01. Manmadhane Nee.flac
2025-12-24 11:55:04,628 - rd_automator - INFO - Processing item: C:\Users\itsme\Desktop\rd auto\watch_folder\01. Manmadhane Nee.flac (Mode: hoster)
2025-12-24 11:55:04,636 - rd_automator.uploader - INFO - Using Dropbox Refresh Token authentication.
2025-12-24 11:55:04,637 - rd_automator.uploader - INFO - Uploading 01. Manmadhane Nee.flac to Dropbox (55.29 MB)...
2025-12-24 11:55:04,638 - dropbox - INFO - Refreshing access token.
2025-12-24 11:55:05,089 - dropbox - INFO - Request to files/upload_session/start
2025-12-24 11:55:08,266 - dropbox - INFO - Request to files/upload_session/append_v2
2025-12-24 11:55:08,766 - dropbox - INFO - Request to files/upload_session/append_v2
2025-12-24 11:55:09,397 - dropbox - INFO - Request to files/upload_session/append_v2
2025-12-24 11:55:09,915 - dropbox - INFO - Request to files/upload_session/append_v2
2025-12-24 11:55:10,413 - dropbox - INFO - Request to files/upload_session/append_v2
2025-12-24 11:55:10,970 - dropbox - INFO - Request to files/upload_session/append_v2
2025-12-24 11:55:11,448 - dropbox - INFO - Request to files/upload_session/append_v2
2025-12-24 11:55:14,393 - dropbox - INFO - Request to files/upload_session/append_v2
2025-12-24 11:55:14,949 - dropbox - INFO - Request to files/upload_session/append_v2
2025-12-24 11:55:15,489 - dropbox - INFO - Request to files/upload_session/append_v2
2025-12-24 11:55:16,157 - dropbox - INFO - Request to files/upload_session/append_v2
2025-12-24 11:55:16,645 - dropbox - INFO - Request to files/upload_session/append_v2
2025-12-24 11:55:17,178 - dropbox - INFO - Request to files/upload_session/finish
2025-12-24 11:55:18,072 - rd_automator.uploader - INFO - Dropbox Upload finished.
2025-12-24 11:55:18,073 - dropbox - INFO - Request to sharing/list_shared_links
2025-12-24 11:55:18,509 - dropbox - INFO - Request to sharing/create_shared_link_with_settings
2025-12-24 11:55:19,278 - rd_automator.uploader - INFO - Dropbox Link: https://www.dropbox.com/scl/fi/3je43zg751ckb88bu5gz4/01.-Manmadhane-Nee.flac?rlkey=59llgvvv4fgiqixc6n9vivzgb&dl=0
2025-12-24 11:55:19,287 - rd_automator - INFO - Unrestricting link: https://www.dropbox.com/scl/fi/3je43zg751ckb88bu5gz4/01.-Manmadhane-Nee.flac?rlkey=59llgvvv4fgiqixc6n9vivzgb&dl=0
2025-12-24 11:55:23,949 - rd_automator - INFO - Unrestrict successful! Download ID: Y7ZPXAAOW47PM32
2025-12-24 11:55:23,959 - rd_automator - INFO - Saved link to unrestricted_links.txt
2025-12-24 11:55:23,959 - rd_automator - INFO - Cleaning up Dropbox to save space...
2025-12-24 11:55:23,960 - rd_automator.uploader - INFO - Using Dropbox Refresh Token authentication.
2025-12-24 11:55:23,960 - rd_automator.uploader - INFO - Deleting /01. Manmadhane Nee.flac from Dropbox...
2025-12-24 11:55:23,960 - dropbox - INFO - Refreshing access token.
2025-12-24 11:55:24,323 - dropbox - INFO - Request to files/delete_v2
2025-12-24 11:55:24,850 - rd_automator.uploader - INFO - Dropbox file deleted successfully.
2025-12-24 11:55:47,934 - rd_automator - INFO - Stopping...
2025-12-24 11:58:44,707 - rd_automator - INFO - Starting ThreadPoolExecutor with 3 workers.
2025-12-24 11:58:44,707 - rd_automator.watcher - INFO - Starting watcher on C:\Users\itsme\Desktop\rd auto\watch_folder
2025-12-24 11:58:44,708 - rd_automator - INFO - Starting background monitoring loop...
2025-12-24 11:58:44,709 - rd_automator - INFO - Orchestrator started. Press Ctrl+C to stop.
2025-12-24 11:58:56,326 - rd_automator.watcher - INFO - Detected new file: C:\Users\itsme\Desktop\rd auto\watch_folder\18. Thalli Pogathey.flac
2025-12-24 11:58:56,385 - rd_automator - INFO - Waiting for file stability: C:\Users\itsme\Desktop\rd auto\watch_folder\18. Thalli Pogathey.flac
2025-12-24 11:58:56,385 - rd_automator.watcher - INFO - Detected new file: C:\Users\itsme\Desktop\rd auto\watch_folder\19. Mersalaayitten.flac
2025-12-24 11:58:56,423 - rd_automator - INFO - Waiting for file stability: C:\Users\itsme\Desktop\rd auto\watch_folder\19. Mersalaayitten.flac
2025-12-24 11:58:56,423 - rd_automator.watcher - INFO - Detected new file: C:\Users\itsme\Desktop\rd auto\watch_folder\20. Irumbile Oru Idhaiyam.flac
2025-12-24 11:58:56,423 - rd_automator - INFO - Waiting for file stability: C:\Users\itsme\Desktop\rd auto\watch_folder\20. Irumbile Oru Idhaiyam.flac
2025-12-24 11:58:56,423 - rd_automator.watcher - INFO - Detected new file: C:\Users\itsme\Desktop\rd auto\watch_folder\21. Arima Arima.flac
2025-12-24 11:58:56,425 - rd_automator.watcher - INFO - Detected new file: C:\Users\itsme\Desktop\rd auto\watch_folder\22. Thilana.flac
2025-12-24 11:58:56,499 - rd_automator.watcher - INFO - Detected new file: C:\Users\itsme\Desktop\rd auto\watch_folder\23. Usure Pogudhey.flac
2025-12-24 11:58:56,527 - rd_automator.watcher - INFO - Detected new file: C:\Users\itsme\Desktop\rd auto\watch_folder\24. Jigidi Killaadi (From _Pattas_).flac
2025-12-24 11:58:56,528 - rd_automator.watcher - INFO - Detected new file: C:\Users\itsme\Desktop\rd auto\watch_folder\25. Sakkarakatti.flac
2025-12-24 11:58:56,528 - rd_automator.watcher - INFO - Detected new file: C:\Users\itsme\Desktop\rd auto\watch_folder\26. Single Pasanga.flac
2025-12-24 11:58:58,423 - rd_automator - INFO - Processing item: C:\Users\itsme\Desktop\rd auto\watch_folder\18. Thalli Pogathey.flac (Mode: hoster)
2025-12-24 11:58:58,423 - rd_automator - INFO - Processing item: C:\Users\itsme\Desktop\rd auto\watch_folder\19. Mersalaayitten.flac (Mode: hoster)
2025-12-24 11:58:58,424 - rd_automator - INFO - Processing item: C:\Users\itsme\Desktop\rd auto\watch_folder\20. Irumbile Oru Idhaiyam.flac (Mode: hoster)
2025-12-24 11:58:58,432 - rd_automator.uploader - INFO - Using Dropbox Refresh Token authentication.
2025-12-24 11:58:58,432 - rd_automator.uploader - INFO - Using Dropbox Refresh Token authentication.
2025-12-24 11:58:58,432 - rd_automator.uploader - INFO - Using Dropbox Refresh Token authentication.
2025-12-24 11:58:58,433 - rd_automator.uploader - INFO - Uploading 18. Thalli Pogathey.flac to Dropbox (54.30 MB)...
2025-12-24 11:58:58,433 - rd_automator.uploader - INFO - Uploading 19. Mersalaayitten.flac to Dropbox (60.25 MB)...
2025-12-24 11:58:58,434 - rd_automator.uploader - INFO - Uploading 20. Irumbile Oru Idhaiyam.flac to Dropbox (39.56 MB)...
2025-12-24 11:58:58,456 - dropbox - INFO - Refreshing access token.
2025-12-24 11:58:58,465 - dropbox - INFO - Refreshing access token.
2025-12-24 11:58:58,467 - dropbox - INFO - Refreshing access token.
2025-12-24 11:58:58,829 - dropbox - INFO - Request to files/upload
2025-12-24 11:58:58,831 - dropbox - INFO - Request to files/upload
2025-12-24 11:58:58,873 - dropbox - INFO - Request to files/upload
2025-12-24 11:59:03,752 - rd_automator.uploader - INFO - Dropbox Upload finished.
2025-12-24 11:59:03,760 - dropbox - INFO - Request to sharing/list_shared_links
2025-12-24 11:59:04,173 - dropbox - INFO - Request to sharing/create_shared_link_with_settings
2025-12-24 11:59:05,061 - rd_automator.uploader - INFO - Dropbox Link: https://www.dropbox.com/scl/fi/e0c246i14gfg062td07fp/18.-Thalli-Pogathey.flac?rlkey=vlvsdlunuwcn0rg488kv364dm&dl=0
2025-12-24 11:59:05,069 - rd_automator - INFO - Unrestricting link: https://www.dropbox.com/scl/fi/e0c246i14gfg062td07fp/18.-Thalli-Pogathey.flac?rlkey=vlvsdlunuwcn0rg488kv364dm&dl=0
2025-12-24 11:59:08,371 - rd_automator.uploader - INFO - Dropbox Upload finished.
2025-12-24 11:59:08,381 - dropbox - INFO - Request to sharing/list_shared_links
2025-12-24 11:59:08,785 - dropbox - INFO - Request to sharing/create_shared_link_with_settings
2025-12-24 11:59:09,324 - rd_automator - INFO - Unrestrict successful! Download ID: I6QTVOK3UQ2U232
2025-12-24 11:59:09,333 - rd_automator - INFO - Saved link to unrestricted_links.txt
2025-12-24 11:59:09,334 - rd_automator - INFO - Cleaning up Dropbox to save space...
2025-12-24 11:59:09,334 - rd_automator.uploader - INFO - Using Dropbox Refresh Token authentication.
2025-12-24 11:59:09,334 - rd_automator.uploader - INFO - Deleting /18. Thalli Pogathey.flac from Dropbox...
2025-12-24 11:59:09,335 - dropbox - INFO - Refreshing access token.
2025-12-24 11:59:09,599 - rd_automator.uploader - INFO - Dropbox Link: https://www.dropbox.com/scl/fi/y19ua0u7xzgwrse8tlhq8/19.-Mersalaayitten.flac?rlkey=rfpv92jzcnte1m8aquvxtlk72&dl=0
2025-12-24 11:59:09,608 - rd_automator - INFO - Unrestricting link: https://www.dropbox.com/scl/fi/y19ua0u7xzgwrse8tlhq8/19.-Mersalaayitten.flac?rlkey=rfpv92jzcnte1m8aquvxtlk72&dl=0
2025-12-24 11:59:09,697 - dropbox - INFO - Request to files/delete_v2
2025-12-24 11:59:10,268 - rd_automator.uploader - INFO - Dropbox file deleted successfully.
2025-12-24 11:59:10,269 - rd_automator - INFO - Waiting for file stability: C:\Users\itsme\Desktop\rd auto\watch_folder\21. Arima Arima.flac
2025-12-24 11:59:12,270 - rd_automator - INFO - Processing item: C:\Users\itsme\Desktop\rd auto\watch_folder\21. Arima Arima.flac (Mode: hoster)
2025-12-24 11:59:12,279 - rd_automator.uploader - INFO - Using Dropbox Refresh Token authentication.
2025-12-24 11:59:12,279 - rd_automator.uploader - INFO - Uploading 21. Arima Arima.flac to Dropbox (36.87 MB)...
2025-12-24 11:59:12,291 - dropbox - INFO - Refreshing access token.
2025-12-24 11:59:12,724 - dropbox - INFO - Request to files/upload
2025-12-24 11:59:13,790 - rd_automator - INFO - Unrestrict successful! Download ID: OBC3E4CC5MUCK32
2025-12-24 11:59:13,791 - rd_automator - INFO - Saved link to unrestricted_links.txt
2025-12-24 11:59:13,791 - rd_automator - INFO - Cleaning up Dropbox to save space...
2025-12-24 11:59:13,792 - rd_automator.uploader - INFO - Using Dropbox Refresh Token authentication.
2025-12-24 11:59:13,792 - rd_automator.uploader - INFO - Deleting /19. Mersalaayitten.flac from Dropbox...
2025-12-24 11:59:13,792 - dropbox - INFO - Refreshing access token.
2025-12-24 11:59:14,198 - dropbox - INFO - Request to files/delete_v2
2025-12-24 11:59:14,755 - rd_automator.uploader - INFO - Dropbox file deleted successfully.
2025-12-24 11:59:14,764 - rd_automator - INFO - Waiting for file stability: C:\Users\itsme\Desktop\rd auto\watch_folder\22. Thilana.flac
2025-12-24 11:59:15,808 - rd_automator.uploader - INFO - Dropbox Upload finished.
2025-12-24 11:59:15,809 - dropbox - INFO - Request to sharing/list_shared_links
2025-12-24 11:59:16,217 - dropbox - INFO - Request to sharing/create_shared_link_with_settings
2025-12-24 11:59:16,765 - rd_automator - INFO - Processing item: C:\Users\itsme\Desktop\rd auto\watch_folder\22. Thilana.flac (Mode: hoster)
2025-12-24 11:59:16,774 - rd_automator.uploader - INFO - Using Dropbox Refresh Token authentication.
2025-12-24 11:59:16,775 - rd_automator.uploader - INFO - Uploading 22. Thilana.flac to Dropbox (73.68 MB)...
2025-12-24 11:59:16,794 - dropbox - INFO - Refreshing access token.
2025-12-24 11:59:16,981 - rd_automator.uploader - INFO - Dropbox Link: https://www.dropbox.com/scl/fi/2l58cq6nr1eqg64ud5dqw/21.-Arima-Arima.flac?rlkey=ope7lja16fv0i12fqi7i61t0y&dl=0
2025-12-24 11:59:16,982 - rd_automator - INFO - Unrestricting link: https://www.dropbox.com/scl/fi/2l58cq6nr1eqg64ud5dqw/21.-Arima-Arima.flac?rlkey=ope7lja16fv0i12fqi7i61t0y&dl=0
2025-12-24 11:59:17,191 - dropbox - INFO - Request to files/upload_session/start
2025-12-24 11:59:19,280 - rd_automator - INFO - Unrestrict successful! Download ID: PXVPFWHVBRXPO32
2025-12-24 11:59:19,290 - rd_automator - INFO - Saved link to unrestricted_links.txt
2025-12-24 11:59:19,290 - rd_automator - INFO - Cleaning up Dropbox to save space...
2025-12-24 11:59:19,290 - rd_automator.uploader - INFO - Using Dropbox Refresh Token authentication.
2025-12-24 11:59:19,291 - rd_automator.uploader - INFO - Deleting /21. Arima Arima.flac from Dropbox...
2025-12-24 11:59:19,291 - dropbox - INFO - Refreshing access token.
2025-12-24 11:59:19,676 - dropbox - INFO - Request to files/delete_v2
2025-12-24 11:59:20,255 - rd_automator.uploader - INFO - Dropbox file deleted successfully.
2025-12-24 11:59:20,263 - rd_automator - INFO - Waiting for file stability: C:\Users\itsme\Desktop\rd auto\watch_folder\23. Usure Pogudhey.flac
2025-12-24 11:59:22,264 - rd_automator - INFO - Processing item: C:\Users\itsme\Desktop\rd auto\watch_folder\23. Usure Pogudhey.flac (Mode: hoster)
2025-12-24 11:59:22,265 - rd_automator.uploader - INFO - Using Dropbox Refresh Token authentication.
2025-12-24 11:59:22,265 - rd_automator.uploader - INFO - Uploading 23. Usure Pogudhey.flac to Dropbox (39.43 MB)...
2025-12-24 11:59:22,278 - dropbox - INFO - Refreshing access token.
2025-12-24 11:59:22,651 - dropbox - INFO - Request to files/upload
2025-12-24 11:59:32,229 - rd_automator.uploader - INFO - Dropbox Upload finished.
2025-12-24 11:59:32,229 - dropbox - INFO - Request to sharing/list_shared_links
2025-12-24 11:59:32,605 - dropbox - INFO - Request to sharing/create_shared_link_with_settings
2025-12-24 11:59:33,402 - rd_automator.uploader - INFO - Dropbox Link: https://www.dropbox.com/scl/fi/6jqzsjm2s8ez6fp2snba9/20.-Irumbile-Oru-Idhaiyam.flac?rlkey=vml78z4paebksyn2dkeptnmqf&dl=0
2025-12-24 11:59:33,402 - rd_automator - INFO - Unrestricting link: https://www.dropbox.com/scl/fi/6jqzsjm2s8ez6fp2snba9/20.-Irumbile-Oru-Idhaiyam.flac?rlkey=vml78z4paebksyn2dkeptnmqf&dl=0
2025-12-24 11:59:35,725 - rd_automator - INFO - Unrestrict successful! Download ID: LXETS7XZDSBSW32
2025-12-24 11:59:35,734 - rd_automator - INFO - Saved link to unrestricted_links.txt
2025-12-24 11:59:35,735 - rd_automator - INFO - Cleaning up Dropbox to save space...
2025-12-24 11:59:35,735 - rd_automator.uploader - INFO - Using Dropbox Refresh Token authentication.
2025-12-24 11:59:35,735 - rd_automator.uploader - INFO - Deleting /20. Irumbile Oru Idhaiyam.flac from Dropbox...
2025-12-24 11:59:35,736 - dropbox - INFO - Refreshing access token.
2025-12-24 11:59:36,127 - dropbox - INFO - Request to files/delete_v2
2025-12-24 11:59:36,681 - rd_automator.uploader - INFO - Dropbox file deleted successfully.
2025-12-24 11:59:36,689 - rd_automator - INFO - Waiting for file stability: C:\Users\itsme\Desktop\rd auto\watch_folder\24. Jigidi Killaadi (From _Pattas_).flac
2025-12-24 11:59:38,690 - rd_automator - INFO - Processing item: C:\Users\itsme\Desktop\rd auto\watch_folder\24. Jigidi Killaadi (From _Pattas_).flac (Mode: hoster)
2025-12-24 11:59:38,700 - rd_automator.uploader - INFO - Using Dropbox Refresh Token authentication.
2025-12-24 11:59:38,701 - rd_automator.uploader - INFO - Uploading 24. Jigidi Killaadi (From _Pattas_).flac to Dropbox (28.82 MB)...
2025-12-24 11:59:38,711 - dropbox - INFO - Refreshing access token.
2025-12-24 11:59:39,081 - dropbox - INFO - Request to files/upload
2025-12-24 11:59:42,489 - rd_automator.uploader - INFO - Dropbox Upload finished.
2025-12-24 11:59:42,497 - dropbox - INFO - Request to sharing/list_shared_links
2025-12-24 11:59:42,886 - dropbox - INFO - Request to sharing/create_shared_link_with_settings
2025-12-24 11:59:43,433 - rd_automator.uploader - INFO - Dropbox Upload finished.
2025-12-24 11:59:43,442 - dropbox - INFO - Request to sharing/list_shared_links
2025-12-24 11:59:43,628 - rd_automator.uploader - INFO - Dropbox Link: https://www.dropbox.com/scl/fi/h5fyzh5qfy7mbub761veb/24.-Jigidi-Killaadi-From-_Pattas_.flac?rlkey=ddwvi7n0mpwp0qih0obx08pja&dl=0
2025-12-24 11:59:43,629 - rd_automator - INFO - Unrestricting link: https://www.dropbox.com/scl/fi/h5fyzh5qfy7mbub761veb/24.-Jigidi-Killaadi-From-_Pattas_.flac?rlkey=ddwvi7n0mpwp0qih0obx08pja&dl=0
2025-12-24 11:59:43,844 - dropbox - INFO - Request to sharing/create_shared_link_with_settings
2025-12-24 11:59:44,714 - rd_automator.uploader - INFO - Dropbox Link: https://www.dropbox.com/scl/fi/feyxw1fxlo3s47blggrda/23.-Usure-Pogudhey.flac?rlkey=5yppaevk25y5yx02gyw95u73i&dl=0
2025-12-24 11:59:44,722 - rd_automator - INFO - Unrestricting link: https://www.dropbox.com/scl/fi/feyxw1fxlo3s47blggrda/23.-Usure-Pogudhey.flac?rlkey=5yppaevk25y5yx02gyw95u73i&dl=0
2025-12-24 11:59:45,872 - rd_automator - INFO - Unrestrict successful! Download ID: GNPELHIQVLK7G32
2025-12-24 11:59:45,873 - rd_automator - INFO - Saved link to unrestricted_links.txt
2025-12-24 11:59:45,873 - rd_automator - INFO - Cleaning up Dropbox to save space...
2025-12-24 11:59:45,874 - rd_automator.uploader - INFO - Using Dropbox Refresh Token authentication.
2025-12-24 11:59:45,874 - rd_automator.uploader - INFO - Deleting /24. Jigidi Killaadi (From _Pattas_).flac from Dropbox...
2025-12-24 11:59:45,874 - dropbox - INFO - Refreshing access token.
2025-12-24 11:59:46,244 - dropbox - INFO - Request to files/delete_v2
2025-12-24 11:59:46,780 - rd_automator.uploader - INFO - Dropbox file deleted successfully.
2025-12-24 11:59:46,788 - rd_automator - INFO - Waiting for file stability: C:\Users\itsme\Desktop\rd auto\watch_folder\25. Sakkarakatti.flac
2025-12-24 11:59:47,124 - rd_automator - INFO - Unrestrict successful! Download ID: BUQVGTJFU67JG32
2025-12-24 11:59:47,125 - rd_automator - INFO - Saved link to unrestricted_links.txt
2025-12-24 11:59:47,125 - rd_automator - INFO - Cleaning up Dropbox to save space...
2025-12-24 11:59:47,126 - rd_automator.uploader - INFO - Using Dropbox Refresh Token authentication.
2025-12-24 11:59:47,126 - rd_automator.uploader - INFO - Deleting /23. Usure Pogudhey.flac from Dropbox...
2025-12-24 11:59:47,126 - dropbox - INFO - Refreshing access token.
2025-12-24 11:59:47,508 - dropbox - INFO - Request to files/delete_v2
2025-12-24 11:59:48,035 - rd_automator.uploader - INFO - Dropbox file deleted successfully.
2025-12-24 11:59:48,044 - rd_automator - INFO - Waiting for file stability: C:\Users\itsme\Desktop\rd auto\watch_folder\26. Single Pasanga.flac
2025-12-24 11:59:48,789 - rd_automator - INFO - Processing item: C:\Users\itsme\Desktop\rd auto\watch_folder\25. Sakkarakatti.flac (Mode: hoster)
2025-12-24 11:59:48,798 - rd_automator.uploader - INFO - Using Dropbox Refresh Token authentication.
2025-12-24 11:59:48,798 - rd_automator.uploader - INFO - Uploading 25. Sakkarakatti.flac to Dropbox (22.79 MB)...
2025-12-24 11:59:48,806 - dropbox - INFO - Refreshing access token.
2025-12-24 11:59:49,170 - dropbox - INFO - Request to files/upload
2025-12-24 11:59:50,045 - rd_automator - INFO - Processing item: C:\Users\itsme\Desktop\rd auto\watch_folder\26. Single Pasanga.flac (Mode: hoster)
2025-12-24 11:59:50,054 - rd_automator.uploader - INFO - Using Dropbox Refresh Token authentication.
2025-12-24 11:59:50,055 - rd_automator.uploader - INFO - Uploading 26. Single Pasanga.flac to Dropbox (27.68 MB)...
2025-12-24 11:59:50,064 - dropbox - INFO - Refreshing access token.
2025-12-24 11:59:51,500 - dropbox - INFO - Request to files/upload
2025-12-24 11:59:52,377 - rd_automator.uploader - INFO - Dropbox Upload finished.
2025-12-24 11:59:52,386 - dropbox - INFO - Request to sharing/list_shared_links
2025-12-24 11:59:52,822 - dropbox - INFO - Request to sharing/create_shared_link_with_settings
2025-12-24 11:59:53,583 - rd_automator.uploader - INFO - Dropbox Link: https://www.dropbox.com/scl/fi/87gpt475a84ey0ha3j5z2/25.-Sakkarakatti.flac?rlkey=gqyg96bhq7xg53u2vbz6r3swm&dl=0
2025-12-24 11:59:53,584 - rd_automator - INFO - Unrestricting link: https://www.dropbox.com/scl/fi/87gpt475a84ey0ha3j5z2/25.-Sakkarakatti.flac?rlkey=gqyg96bhq7xg53u2vbz6r3swm&dl=0
2025-12-24 11:59:55,730 - rd_automator - INFO - Unrestrict successful! Download ID: KV6J22EX2EC5K40
2025-12-24 11:59:55,739 - rd_automator - INFO - Saved link to unrestricted_links.txt
2025-12-24 11:59:55,740 - rd_automator - INFO - Cleaning up Dropbox to save space...
2025-12-24 11:59:55,740 - rd_automator.uploader - INFO - Using Dropbox Refresh Token authentication.
2025-12-24 11:59:55,740 - rd_automator.uploader - INFO - Deleting /25. Sakkarakatti.flac from Dropbox...
2025-12-24 11:59:55,740 - dropbox - INFO - Refreshing access token.
2025-12-24 11:59:56,125 - dropbox - INFO - Request to files/delete_v2
2025-12-24 11:59:56,788 - rd_automator.uploader - INFO - Dropbox file deleted successfully.
2025-12-24 12:00:01,824 - rd_automator - INFO - Stopping...
2025-12-24 12:00:01,833 - rd_automator - INFO - Shutting down executor...
2025-12-24 12:00:18,860 - rd_automator.uploader - INFO - Dropbox Upload finished.
2025-12-24 12:00:18,861 - dropbox - INFO - Request to sharing/list_shared_links
2025-12-24 12:00:19,274 - dropbox - INFO - Request to sharing/create_shared_link_with_settings
2025-12-24 12:00:20,045 - rd_automator.uploader - INFO - Dropbox Link: https://www.dropbox.com/scl/fi/8zejag25vgdo0bbyz8p3i/26.-Single-Pasanga.flac?rlkey=m7i3s59jg50csj8zs7jwq936v&dl=0
2025-12-24 12:00:20,054 - rd_automator - INFO - Unrestricting link: https://www.dropbox.com/scl/fi/8zejag25vgdo0bbyz8p3i/26.-Single-Pasanga.flac?rlkey=m7i3s59jg50csj8zs7jwq936v&dl=0
2025-12-24 12:00:24,368 - rd_automator - INFO - Unrestrict successful! Download ID: KV5EGWL2A5SCY32
2025-12-24 12:00:24,378 - rd_automator - INFO - Saved link to unrestricted_links.txt
2025-12-24 12:00:24,378 - rd_automator - INFO - Cleaning up Dropbox to save space...
2025-12-24 12:00:24,379 - rd_automator.uploader - INFO - Using Dropbox Refresh Token authentication.
2025-12-24 12:00:24,379 - rd_automator.uploader - INFO - Deleting /26. Single Pasanga.flac from Dropbox...
2025-12-24 12:00:24,379 - dropbox - INFO - Refreshing access token.
2025-12-24 12:00:24,788 - dropbox - INFO - Request to files/delete_v2
2025-12-24 12:00:25,424 - rd_automator.uploader - INFO - Dropbox file deleted successfully.
2025-12-24 12:16:15,931 - rd_automator - INFO - Starting ThreadPoolExecutor with 3 workers.
2025-12-24 12:16:15,932 - rd_automator - INFO - Starting watcher on C:\Users\itsme\Desktop\rd auto\watch_folder
2025-12-24 12:16:15,933 - rd_automator - INFO - Starting background monitoring loop...
2025-12-24 12:16:15,933 - rd_automator - INFO - Orchestrator started. Press Ctrl+C to stop.
2025-12-24 12:16:30,438 - rd_automator - INFO - Stopping...
2025-12-24 12:16:30,448 - rd_automator - INFO - Shutting down executor...
2025-12-24 21:17:45,535 - rd_automator - INFO - Starting ThreadPoolExecutor with 3 workers.
2025-12-24 21:17:45,535 - rd_automator - INFO - Starting watcher on C:\Users\itsme\Desktop\rd auto\watch_folder
2025-12-24 21:17:45,537 - rd_automator - INFO - Starting background monitoring loop...
2025-12-24 21:17:45,537 - rd_automator - INFO - Orchestrator started. Press Ctrl+C to stop.
2025-12-24 21:17:53,265 - rd_automator - INFO - Stopping...
2025-12-24 21:17:53,265 - rd_automator - INFO - Shutting down executor...
2025-12-24 21:17:57,298 - rd_automator - INFO - Starting ThreadPoolExecutor with 3 workers.
2025-12-24 21:17:57,298 - rd_automator - INFO - Starting watcher on C:\Users\itsme\Desktop\rd auto\watch_folder
2025-12-24 21:17:57,300 - rd_automator - INFO - Starting background monitoring loop...
2025-12-24 21:17:57,300 - rd_automator - INFO - Orchestrator started. Press Ctrl+C to stop.
2025-12-24 21:18:04,390 - rd_automator - INFO - Stopping...
2025-12-24 21:18:04,390 - rd_automator - INFO - Shutting down executor...
2025-12-24 21:18:26,957 - rd_automator - INFO - Starting ThreadPoolExecutor with 3 workers.
2025-12-24 21:18:26,958 - rd_automator - INFO - Starting watcher on C:\Users\itsme\Desktop\rd auto\watch_folder
2025-12-24 21:18:26,959 - rd_automator - INFO - Starting background monitoring loop...
2025-12-24 21:18:26,959 - rd_automator - INFO - Orchestrator started. Press Ctrl+C to stop.
2025-12-24 22:20:57,764 - rd_automator - INFO - Starting ThreadPoolExecutor with 3 workers.
2025-12-24 22:20:57,765 - rd_automator.watcher - INFO - Starting watcher on C:\Users\itsme\Desktop\download and auto\watch_folder
2025-12-24 22:20:57,766 - rd_automator - INFO - Starting background monitoring loop...
2025-12-24 22:20:57,766 - rd_automator - INFO - Orchestrator started. Press Ctrl+C to stop.
2025-12-24 22:21:17,006 - rd_automator.watcher - INFO - Detected new file: C:\Users\itsme\Desktop\download and auto\watch_folder\Ludwig van Beethoven - Für Elise.flac
2025-12-24 22:21:17,006 - rd_automator - INFO - Waiting for file stability: C:\Users\itsme\Desktop\download and auto\watch_folder\Ludwig van Beethoven - Für Elise.flac
2025-12-24 22:21:23,007 - rd_automator - INFO - Processing item: C:\Users\itsme\Desktop\download and auto\watch_folder\Ludwig van Beethoven - Für Elise.flac (Mode: hoster)
2025-12-24 22:21:23,008 - rd_automator.uploader - INFO - Using Dropbox Refresh Token authentication.
2025-12-24 22:21:23,008 - rd_automator.uploader - INFO - Uploading Ludwig van Beethoven - Für Elise.flac to Dropbox (20.18 MB)...
2025-12-24 22:21:23,015 - dropbox - INFO - Refreshing access token.
2025-12-24 22:21:23,135 - rd_automator.watcher - INFO - Detected new file: C:\Users\itsme\Desktop\download and auto\watch_folder\Kenndog - Beethoven.flac
2025-12-24 22:21:23,135 - rd_automator - INFO - Waiting for file stability: C:\Users\itsme\Desktop\download and auto\watch_folder\Kenndog - Beethoven.flac
2025-12-24 22:21:23,418 - dropbox - INFO - Request to files/upload
2025-12-24 22:21:29,137 - rd_automator - INFO - Processing item: C:\Users\itsme\Desktop\download and auto\watch_folder\Kenndog - Beethoven.flac (Mode: hoster)
2025-12-24 22:21:29,138 - rd_automator.uploader - INFO - Using Dropbox Refresh Token authentication.
2025-12-24 22:21:29,138 - rd_automator.uploader - INFO - Uploading Kenndog - Beethoven.flac to Dropbox (13.39 MB)...
2025-12-24 22:21:29,142 - dropbox - INFO - Refreshing access token.
2025-12-24 22:21:29,266 - rd_automator.uploader - INFO - Dropbox Upload finished.
2025-12-24 22:21:29,266 - dropbox - INFO - Request to sharing/list_shared_links
2025-12-24 22:21:29,270 - rd_automator.watcher - INFO - Detected new file: C:\Users\itsme\Desktop\download and auto\watch_folder\Central Cee - Obsessed With You.flac
2025-12-24 22:21:29,271 - rd_automator - INFO - Waiting for file stability: C:\Users\itsme\Desktop\download and auto\watch_folder\Central Cee - Obsessed With You.flac
2025-12-24 22:21:29,512 - dropbox - INFO - Request to files/upload
2025-12-24 22:21:29,695 - dropbox - INFO - Request to sharing/create_shared_link_with_settings
2025-12-24 22:21:30,499 - rd_automator.uploader - INFO - Dropbox Link: https://www.dropbox.com/scl/fi/33198zt5ly09n7olsk2ge/Ludwig-van-Beethoven-F-r-Elise.flac?rlkey=ym94w8glq7r1ar64vu3p2173p&dl=0
2025-12-24 22:21:30,500 - rd_automator - INFO - Unrestricting link: https://www.dropbox.com/scl/fi/33198zt5ly09n7olsk2ge/Ludwig-van-Beethoven-F-r-Elise.flac?rlkey=ym94w8glq7r1ar64vu3p2173p&dl=0
2025-12-24 22:21:31,154 - rd_automator.uploader - INFO - Dropbox Upload finished.
2025-12-24 22:21:31,154 - dropbox - INFO - Request to sharing/list_shared_links
2025-12-24 22:21:31,547 - dropbox - INFO - Request to sharing/create_shared_link_with_settings
2025-12-24 22:21:32,324 - rd_automator.uploader - INFO - Dropbox Link: https://www.dropbox.com/scl/fi/iuk5d9wit2g83n6y1xefk/Kenndog-Beethoven.flac?rlkey=r6k6f1rugc7s6k514ymglgdjl&dl=0
2025-12-24 22:21:32,325 - rd_automator - INFO - Unrestricting link: https://www.dropbox.com/scl/fi/iuk5d9wit2g83n6y1xefk/Kenndog-Beethoven.flac?rlkey=r6k6f1rugc7s6k514ymglgdjl&dl=0
2025-12-24 22:21:32,477 - rd_automator - INFO - Unrestrict successful! Download ID: O6XG4N762J3XY32
2025-12-24 22:21:32,478 - rd_automator - INFO - Saved link to unrestricted_links.txt
2025-12-24 22:21:32,478 - rd_automator - INFO - Cleaning up Dropbox to save space...
2025-12-24 22:21:32,478 - rd_automator.uploader - INFO - Using Dropbox Refresh Token authentication.
2025-12-24 22:21:32,478 - rd_automator.uploader - INFO - Deleting /Ludwig van Beethoven - Für Elise.flac from Dropbox...
2025-12-24 22:21:32,479 - dropbox - INFO - Refreshing access token.
2025-12-24 22:21:32,862 - dropbox - INFO - Request to files/delete_v2
2025-12-24 22:21:33,410 - rd_automator.uploader - INFO - Dropbox file deleted successfully.
2025-12-24 22:21:34,234 - rd_automator - INFO - Unrestrict successful! Download ID: H5GN45IABSI4232
2025-12-24 22:21:34,235 - rd_automator - INFO - Saved link to unrestricted_links.txt
2025-12-24 22:21:34,235 - rd_automator - INFO - Cleaning up Dropbox to save space...
2025-12-24 22:21:34,235 - rd_automator.uploader - INFO - Using Dropbox Refresh Token authentication.
2025-12-24 22:21:34,235 - rd_automator.uploader - INFO - Deleting /Kenndog - Beethoven.flac from Dropbox...
2025-12-24 22:21:34,235 - dropbox - INFO - Refreshing access token.
2025-12-24 22:21:34,603 - dropbox - INFO - Request to files/delete_v2
2025-12-24 22:21:35,173 - rd_automator.uploader - INFO - Dropbox file deleted successfully.
2025-12-24 22:21:35,273 - rd_automator - INFO - Processing item: C:\Users\itsme\Desktop\download and auto\watch_folder\Central Cee - Obsessed With You.flac (Mode: hoster)
2025-12-24 22:21:35,274 - rd_automator.uploader - INFO - Using Dropbox Refresh Token authentication.
2025-12-24 22:21:35,274 - rd_automator.uploader - INFO - Uploading Central Cee - Obsessed With You.flac to Dropbox (22.15 MB)...
2025-12-24 22:21:35,281 - dropbox - INFO - Refreshing access token.
2025-12-24 22:21:35,687 - dropbox - INFO - Request to files/upload
2025-12-24 22:21:36,007 - rd_automator.watcher - INFO - Detected new file: C:\Users\itsme\Desktop\download and auto\watch_folder\Kyle Exum - Bassthoven.flac
2025-12-24 22:21:36,008 - rd_automator - INFO - Waiting for file stability: C:\Users\itsme\Desktop\download and auto\watch_folder\Kyle Exum - Bassthoven.flac
2025-12-24 22:21:38,546 - rd_automator.uploader - INFO - Dropbox Upload finished.
2025-12-24 22:21:38,547 - dropbox - INFO - Request to sharing/list_shared_links
2025-12-24 22:21:38,946 - dropbox - INFO - Request to sharing/create_shared_link_with_settings
2025-12-24 22:21:39,685 - rd_automator.uploader - INFO - Dropbox Link: https://www.dropbox.com/scl/fi/6y7cmz2c7tl4wmrw06y0w/Central-Cee-Obsessed-With-You.flac?rlkey=7e91v3x9gko6gylj37j8nbxyl&dl=0
2025-12-24 22:21:39,686 - rd_automator - INFO - Unrestricting link: https://www.dropbox.com/scl/fi/6y7cmz2c7tl4wmrw06y0w/Central-Cee-Obsessed-With-You.flac?rlkey=7e91v3x9gko6gylj37j8nbxyl&dl=0
2025-12-24 22:21:41,758 - rd_automator - INFO - Unrestrict successful! Download ID: 7AWJZDSJQ4XMA32
2025-12-24 22:21:41,759 - rd_automator - INFO - Saved link to unrestricted_links.txt
2025-12-24 22:21:41,759 - rd_automator - INFO - Cleaning up Dropbox to save space...
2025-12-24 22:21:41,759 - rd_automator.uploader - INFO - Using Dropbox Refresh Token authentication.
2025-12-24 22:21:41,759 - rd_automator.uploader - INFO - Deleting /Central Cee - Obsessed With You.flac from Dropbox...
2025-12-24 22:21:41,760 - dropbox - INFO - Refreshing access token.
2025-12-24 22:21:42,010 - rd_automator - INFO - Processing item: C:\Users\itsme\Desktop\download and auto\watch_folder\Kyle Exum - Bassthoven.flac (Mode: hoster)
2025-12-24 22:21:42,010 - rd_automator.uploader - INFO - Using Dropbox Refresh Token authentication.
2025-12-24 22:21:42,011 - rd_automator.uploader - INFO - Uploading Kyle Exum - Bassthoven.flac to Dropbox (25.98 MB)...
2025-12-24 22:21:42,018 - dropbox - INFO - Refreshing access token.
2025-12-24 22:21:42,146 - dropbox - INFO - Request to files/delete_v2
2025-12-24 22:21:42,404 - dropbox - INFO - Request to files/upload
2025-12-24 22:21:42,618 - rd_automator.watcher - INFO - Detected new file: C:\Users\itsme\Desktop\download and auto\watch_folder\Central Cee - Doja.flac
2025-12-24 22:21:42,618 - rd_automator - INFO - Waiting for file stability: C:\Users\itsme\Desktop\download and auto\watch_folder\Central Cee - Doja.flac
2025-12-24 22:21:42,709 - rd_automator.uploader - INFO - Dropbox file deleted successfully.
2025-12-24 22:21:45,508 - rd_automator.uploader - INFO - Dropbox Upload finished.
2025-12-24 22:21:45,508 - dropbox - INFO - Request to sharing/list_shared_links
2025-12-24 22:21:45,921 - dropbox - INFO - Request to sharing/create_shared_link_with_settings
2025-12-24 22:21:46,658 - rd_automator.uploader - INFO - Dropbox Link: https://www.dropbox.com/scl/fi/453n9o451t14zmakcbmf1/Kyle-Exum-Bassthoven.flac?rlkey=g69srx662n0j6dtx6t8rw28m5&dl=0
2025-12-24 22:21:46,659 - rd_automator - INFO - Unrestricting link: https://www.dropbox.com/scl/fi/453n9o451t14zmakcbmf1/Kyle-Exum-Bassthoven.flac?rlkey=g69srx662n0j6dtx6t8rw28m5&dl=0
2025-12-24 22:21:48,619 - rd_automator - INFO - Processing item: C:\Users\itsme\Desktop\download and auto\watch_folder\Central Cee - Doja.flac (Mode: hoster)
2025-12-24 22:21:48,619 - rd_automator.uploader - INFO - Using Dropbox Refresh Token authentication.
2025-12-24 22:21:48,620 - rd_automator.uploader - INFO - Uploading Central Cee - Doja.flac to Dropbox (17.10 MB)...
2025-12-24 22:21:48,626 - dropbox - INFO - Refreshing access token.
2025-12-24 22:21:48,756 - rd_automator - INFO - Unrestrict successful! Download ID: 3MRSJZSWBUKZS32
2025-12-24 22:21:48,756 - rd_automator - INFO - Saved link to unrestricted_links.txt
2025-12-24 22:21:48,756 - rd_automator - INFO - Cleaning up Dropbox to save space...
2025-12-24 22:21:48,757 - rd_automator.uploader - INFO - Using Dropbox Refresh Token authentication.
2025-12-24 22:21:48,757 - rd_automator.uploader - INFO - Deleting /Kyle Exum - Bassthoven.flac from Dropbox...
2025-12-24 22:21:48,757 - dropbox - INFO - Refreshing access token.
2025-12-24 22:21:49,060 - dropbox - INFO - Request to files/upload
2025-12-24 22:21:49,125 - dropbox - INFO - Request to files/delete_v2
2025-12-24 22:21:49,392 - rd_automator.watcher - INFO - Detected new file: C:\Users\itsme\Desktop\download and auto\watch_folder\Ryan Conway - Welcome To Brixton.flac
2025-12-24 22:21:49,392 - rd_automator - INFO - Waiting for file stability: C:\Users\itsme\Desktop\download and auto\watch_folder\Ryan Conway - Welcome To Brixton.flac
2025-12-24 22:21:49,693 - rd_automator.uploader - INFO - Dropbox file deleted successfully.
2025-12-24 22:21:51,778 - rd_automator.uploader - INFO - Dropbox Upload finished.
2025-12-24 22:21:51,779 - dropbox - INFO - Request to sharing/list_shared_links
2025-12-24 22:21:52,223 - dropbox - INFO - Request to sharing/create_shared_link_with_settings
2025-12-24 22:21:53,060 - rd_automator.uploader - INFO - Dropbox Link: https://www.dropbox.com/scl/fi/kq5uknuicszvp2r0g43xy/Central-Cee-Doja.flac?rlkey=6hp6hy2382blldjlkicdggxru&dl=0
2025-12-24 22:21:53,060 - rd_automator - INFO - Unrestricting link: https://www.dropbox.com/scl/fi/kq5uknuicszvp2r0g43xy/Central-Cee-Doja.flac?rlkey=6hp6hy2382blldjlkicdggxru&dl=0
2025-12-24 22:21:53,394 - rd_automator - INFO - Processing item: C:\Users\itsme\Desktop\download and auto\watch_folder\Ryan Conway - Welcome To Brixton.flac (Mode: hoster)
2025-12-24 22:21:53,394 - rd_automator.uploader - INFO - Using Dropbox Refresh Token authentication.
2025-12-24 22:21:53,395 - rd_automator.uploader - INFO - Uploading Ryan Conway - Welcome To Brixton.flac to Dropbox (13.75 MB)...
2025-12-24 22:21:53,398 - dropbox - INFO - Refreshing access token.
2025-12-24 22:21:53,776 - dropbox - INFO - Request to files/upload
2025-12-24 22:21:55,261 - rd_automator - INFO - Unrestrict successful! Download ID: RWFD2EIO5TF6Y32
2025-12-24 22:21:55,262 - rd_automator - INFO - Saved link to unrestricted_links.txt
2025-12-24 22:21:55,262 - rd_automator - INFO - Cleaning up Dropbox to save space...
2025-12-24 22:21:55,263 - rd_automator.uploader - INFO - Using Dropbox Refresh Token authentication.
2025-12-24 22:21:55,263 - rd_automator.uploader - INFO - Deleting /Central Cee - Doja.flac from Dropbox...
2025-12-24 22:21:55,263 - dropbox - INFO - Refreshing access token.
2025-12-24 22:21:55,630 - rd_automator.uploader - INFO - Dropbox Upload finished.
2025-12-24 22:21:55,630 - dropbox - INFO - Request to sharing/list_shared_links
2025-12-24 22:21:55,638 - dropbox - INFO - Request to files/delete_v2
2025-12-24 22:21:56,025 - dropbox - INFO - Request to sharing/create_shared_link_with_settings
2025-12-24 22:21:56,149 - rd_automator.uploader - INFO - Dropbox file deleted successfully.
2025-12-24 22:21:56,784 - rd_automator.uploader - INFO - Dropbox Link: https://www.dropbox.com/scl/fi/000cbrjevm8cei3y5goh5/Ryan-Conway-Welcome-To-Brixton.flac?rlkey=gfwaj3gh4lrs70bdw0vjc1wsh&dl=0
2025-12-24 22:21:56,785 - rd_automator - INFO - Unrestricting link: https://www.dropbox.com/scl/fi/000cbrjevm8cei3y5goh5/Ryan-Conway-Welcome-To-Brixton.flac?rlkey=gfwaj3gh4lrs70bdw0vjc1wsh&dl=0
2025-12-24 22:21:57,988 - rd_automator.watcher - INFO - Detected new file: C:\Users\itsme\Desktop\download and auto\watch_folder\Dhanush - Megham Karukatha From Thiruchitrambalam.flac
2025-12-24 22:21:57,988 - rd_automator - INFO - Waiting for file stability: C:\Users\itsme\Desktop\download and auto\watch_folder\Dhanush - Megham Karukatha From Thiruchitrambalam.flac
2025-12-24 22:22:01,300 - rd_automator - INFO - Unrestrict successful! Download ID: 262QKXMKENTTG32
2025-12-24 22:22:01,309 - rd_automator - INFO - Saved link to unrestricted_links.txt
2025-12-24 22:22:01,309 - rd_automator - INFO - Cleaning up Dropbox to save space...
2025-12-24 22:22:01,309 - rd_automator.uploader - INFO - Using Dropbox Refresh Token authentication.
2025-12-24 22:22:01,310 - rd_automator.uploader - INFO - Deleting /Ryan Conway - Welcome To Brixton.flac from Dropbox...
2025-12-24 22:22:01,310 - dropbox - INFO - Refreshing access token.
2025-12-24 22:22:01,728 - dropbox - INFO - Request to files/delete_v2
2025-12-24 22:22:02,265 - rd_automator.uploader - INFO - Dropbox file deleted successfully.
2025-12-24 22:22:07,991 - rd_automator - INFO - Processing item: C:\Users\itsme\Desktop\download and auto\watch_folder\Dhanush - Megham Karukatha From Thiruchitrambalam.flac (Mode: hoster)
2025-12-24 22:22:07,991 - rd_automator.uploader - INFO - Using Dropbox Refresh Token authentication.
2025-12-24 22:22:07,991 - rd_automator.uploader - INFO - Uploading Dhanush - Megham Karukatha From Thiruchitrambalam.flac to Dropbox (61.89 MB)...
2025-12-24 22:22:08,010 - dropbox - INFO - Refreshing access token.
2025-12-24 22:22:08,381 - dropbox - INFO - Request to files/upload
2025-12-24 22:22:08,983 - rd_automator.watcher - INFO - Detected new file: C:\Users\itsme\Desktop\download and auto\watch_folder\Anirudh Ravichander - Thenmozhi From Thiruchitrambalam.flac
2025-12-24 22:22:08,984 - rd_automator - INFO - Waiting for file stability: C:\Users\itsme\Desktop\download and auto\watch_folder\Anirudh Ravichander - Thenmozhi From Thiruchitrambalam.flac
2025-12-24 22:22:13,077 - rd_automator.uploader - INFO - Dropbox Upload finished.
2025-12-24 22:22:13,077 - dropbox - INFO - Request to sharing/list_shared_links
2025-12-24 22:22:13,481 - dropbox - INFO - Request to sharing/create_shared_link_with_settings
2025-12-24 22:22:14,241 - rd_automator.uploader - INFO - Dropbox Link: https://www.dropbox.com/scl/fi/xf2r0l7hpzn6f7cf631rt/Dhanush-Megham-Karukatha-From-Thiruchitrambalam.flac?rlkey=lfrd40orx7s90xnrslhfciexl&dl=0
2025-12-24 22:22:14,242 - rd_automator - INFO - Unrestricting link: https://www.dropbox.com/scl/fi/xf2r0l7hpzn6f7cf631rt/Dhanush-Megham-Karukatha-From-Thiruchitrambalam.flac?rlkey=lfrd40orx7s90xnrslhfciexl&dl=0
2025-12-24 22:22:14,985 - rd_automator - INFO - Processing item: C:\Users\itsme\Desktop\download and auto\watch_folder\Anirudh Ravichander - Thenmozhi From Thiruchitrambalam.flac (Mode: hoster)
2025-12-24 22:22:14,986 - rd_automator.uploader - INFO - Using Dropbox Refresh Token authentication.
2025-12-24 22:22:14,986 - rd_automator.uploader - INFO - Uploading Anirudh Ravichander - Thenmozhi From Thiruchitrambalam.flac to Dropbox (35.72 MB)...
2025-12-24 22:22:14,995 - dropbox - INFO - Refreshing access token.
2025-12-24 22:22:15,391 - dropbox - INFO - Request to files/upload
2025-12-24 22:22:16,667 - rd_automator - INFO - Unrestrict successful! Download ID: YESC3CRBQK26W40
2025-12-24 22:22:16,668 - rd_automator - INFO - Saved link to unrestricted_links.txt
2025-12-24 22:22:16,668 - rd_automator - INFO - Cleaning up Dropbox to save space...
2025-12-24 22:22:16,668 - rd_automator.uploader - INFO - Using Dropbox Refresh Token authentication.
2025-12-24 22:22:16,669 - rd_automator.uploader - INFO - Deleting /Dhanush - Megham Karukatha From Thiruchitrambalam.flac from Dropbox...
2025-12-24 22:22:16,669 - dropbox - INFO - Refreshing access token.
2025-12-24 22:22:17,055 - dropbox - INFO - Request to files/delete_v2
2025-12-24 22:22:17,608 - rd_automator.watcher - INFO - Detected new file: C:\Users\itsme\Desktop\download and auto\watch_folder\Tanishk Bagchi - Raataan Lambiyan From Shershaah.flac
2025-12-24 22:22:17,608 - rd_automator - INFO - Waiting for file stability: C:\Users\itsme\Desktop\download and auto\watch_folder\Tanishk Bagchi - Raataan Lambiyan From Shershaah.flac
2025-12-24 22:22:17,640 - rd_automator.uploader - INFO - Dropbox file deleted successfully.
2025-12-24 22:22:18,790 - rd_automator.uploader - INFO - Dropbox Upload finished.
2025-12-24 22:22:18,791 - dropbox - INFO - Request to sharing/list_shared_links
2025-12-24 22:22:19,204 - dropbox - INFO - Request to sharing/create_shared_link_with_settings
2025-12-24 22:22:19,925 - rd_automator.uploader - INFO - Dropbox Link: https://www.dropbox.com/scl/fi/6e6r8n8a6zenzu9ul02on/Anirudh-Ravichander-Thenmozhi-From-Thiruchitrambalam.flac?rlkey=0u3jgqtxz9cpeduvi88odojej&dl=0
2025-12-24 22:22:19,926 - rd_automator - INFO - Unrestricting link: https://www.dropbox.com/scl/fi/6e6r8n8a6zenzu9ul02on/Anirudh-Ravichander-Thenmozhi-From-Thiruchitrambalam.flac?rlkey=0u3jgqtxz9cpeduvi88odojej&dl=0
2025-12-24 22:22:23,862 - rd_automator - INFO - Unrestrict successful! Download ID: 46FUDLCLGWK6M32
2025-12-24 22:22:23,863 - rd_automator - INFO - Saved link to unrestricted_links.txt
2025-12-24 22:22:23,863 - rd_automator - INFO - Cleaning up Dropbox to save space...
2025-12-24 22:22:23,863 - rd_automator.uploader - INFO - Using Dropbox Refresh Token authentication.
2025-12-24 22:22:23,863 - rd_automator.uploader - INFO - Deleting /Anirudh Ravichander - Thenmozhi From Thiruchitrambalam.flac from Dropbox...
2025-12-24 22:22:23,864 - dropbox - INFO - Refreshing access token.
2025-12-24 22:22:24,230 - dropbox - INFO - Request to files/delete_v2
2025-12-24 22:22:24,857 - rd_automator.uploader - INFO - Dropbox file deleted successfully.
2025-12-24 22:22:25,338 - rd_automator.watcher - INFO - Detected new file: C:\Users\itsme\Desktop\download and auto\watch_folder\Ruth B - Dandelions.flac
2025-12-24 22:22:25,339 - rd_automator - INFO - Waiting for file stability: C:\Users\itsme\Desktop\download and auto\watch_folder\Ruth B - Dandelions.flac
2025-12-24 22:22:25,610 - rd_automator - INFO - Processing item: C:\Users\itsme\Desktop\download and auto\watch_folder\Tanishk Bagchi - Raataan Lambiyan From Shershaah.flac (Mode: hoster)
2025-12-24 22:22:25,610 - rd_automator.uploader - INFO - Using Dropbox Refresh Token authentication.
2025-12-24 22:22:25,610 - rd_automator.uploader - INFO - Uploading Tanishk Bagchi - Raataan Lambiyan From Shershaah.flac to Dropbox (82.47 MB)...
2025-12-24 22:22:25,627 - dropbox - INFO - Refreshing access token.
2025-12-24 22:22:26,065 - dropbox - INFO - Request to files/upload_session/start
2025-12-24 22:22:30,244 - dropbox - INFO - Request to files/upload_session/finish
2025-12-24 22:22:31,348 - rd_automator - INFO - Processing item: C:\Users\itsme\Desktop\download and auto\watch_folder\Ruth B - Dandelions.flac (Mode: hoster)
2025-12-24 22:22:31,348 - rd_automator.uploader - INFO - Using Dropbox Refresh Token authentication.
2025-12-24 22:22:31,348 - rd_automator.uploader - INFO - Uploading Ruth B - Dandelions.flac to Dropbox (84.69 MB)...
2025-12-24 22:22:31,365 - dropbox - INFO - Refreshing access token.
2025-12-24 22:22:31,765 - dropbox - INFO - Request to files/upload_session/start
2025-12-24 22:22:31,875 - rd_automator.uploader - INFO - Dropbox Upload finished.
2025-12-24 22:22:31,876 - dropbox - INFO - Request to sharing/list_shared_links
2025-12-24 22:22:32,277 - dropbox - INFO - Request to sharing/create_shared_link_with_settings
2025-12-24 22:22:32,521 - rd_automator.watcher - INFO - Detected new file: C:\Users\itsme\Desktop\download and auto\watch_folder\BLACKPINK - Pink Venom.flac
2025-12-24 22:22:32,521 - rd_automator - INFO - Waiting for file stability: C:\Users\itsme\Desktop\download and auto\watch_folder\BLACKPINK - Pink Venom.flac
2025-12-24 22:22:33,035 - rd_automator.uploader - INFO - Dropbox Link: https://www.dropbox.com/scl/fi/qllxrudgjummu5secrrwu/Tanishk-Bagchi-Raataan-Lambiyan-From-Shershaah.flac?rlkey=m38ivjgrgyhehrglg4qduvsle&dl=0
2025-12-24 22:22:33,035 - rd_automator - INFO - Unrestricting link: https://www.dropbox.com/scl/fi/qllxrudgjummu5secrrwu/Tanishk-Bagchi-Raataan-Lambiyan-From-Shershaah.flac?rlkey=m38ivjgrgyhehrglg4qduvsle&dl=0
2025-12-24 22:22:35,155 - rd_automator - INFO - Unrestrict successful! Download ID: W6AIG6GNYIRV432
2025-12-24 22:22:35,156 - rd_automator - INFO - Saved link to unrestricted_links.txt
2025-12-24 22:22:35,156 - rd_automator - INFO - Cleaning up Dropbox to save space...
2025-12-24 22:22:35,156 - rd_automator.uploader - INFO - Using Dropbox Refresh Token authentication.
2025-12-24 22:22:35,156 - rd_automator.uploader - INFO - Deleting /Tanishk Bagchi - Raataan Lambiyan From Shershaah.flac from Dropbox...
2025-12-24 22:22:35,156 - dropbox - INFO - Refreshing access token.
2025-12-24 22:22:35,571 - dropbox - INFO - Request to files/delete_v2
2025-12-24 22:22:36,045 - dropbox - INFO - Request to files/upload_session/finish
2025-12-24 22:22:36,148 - rd_automator.uploader - INFO - Dropbox file deleted successfully.
2025-12-24 22:22:38,523 - rd_automator - INFO - Processing item: C:\Users\itsme\Desktop\download and auto\watch_folder\BLACKPINK - Pink Venom.flac (Mode: hoster)
2025-12-24 22:22:38,523 - rd_automator.uploader - INFO - Using Dropbox Refresh Token authentication.
2025-12-24 22:22:38,523 - rd_automator.uploader - INFO - Uploading BLACKPINK - Pink Venom.flac to Dropbox (39.56 MB)...
2025-12-24 22:22:38,535 - dropbox - INFO - Refreshing access token.
2025-12-24 22:22:38,900 - dropbox - INFO - Request to files/upload
2025-12-24 22:22:39,596 - rd_automator.uploader - INFO - Dropbox Upload finished.
2025-12-24 22:22:39,596 - dropbox - INFO - Request to sharing/list_shared_links
2025-12-24 22:22:40,066 - dropbox - INFO - Request to sharing/create_shared_link_with_settings
2025-12-24 22:22:40,558 - rd_automator.watcher - INFO - Detected new file: C:\Users\itsme\Desktop\download and auto\watch_folder\Billie Eilish - bad guy.flac
2025-12-24 22:22:40,558 - rd_automator - INFO - Waiting for file stability: C:\Users\itsme\Desktop\download and auto\watch_folder\Billie Eilish - bad guy.flac
2025-12-24 22:22:40,794 - rd_automator.uploader - INFO - Dropbox Link: https://www.dropbox.com/scl/fi/6timstw6qstvy4j0r1c6p/Ruth-B-Dandelions.flac?rlkey=rqctay67z2806a44rsucj7ray&dl=0
2025-12-24 22:22:40,795 - rd_automator - INFO - Unrestricting link: https://www.dropbox.com/scl/fi/6timstw6qstvy4j0r1c6p/Ruth-B-Dandelions.flac?rlkey=rqctay67z2806a44rsucj7ray&dl=0
2025-12-24 22:22:42,877 - rd_automator.uploader - INFO - Dropbox Upload finished.
2025-12-24 22:22:42,877 - dropbox - INFO - Request to sharing/list_shared_links
2025-12-24 22:22:42,951 - rd_automator - INFO - Unrestrict successful! Download ID: VURA3DGLCGQB232
2025-12-24 22:22:42,951 - rd_automator - INFO - Saved link to unrestricted_links.txt
2025-12-24 22:22:42,952 - rd_automator - INFO - Cleaning up Dropbox to save space...
2025-12-24 22:22:42,952 - rd_automator.uploader - INFO - Using Dropbox Refresh Token authentication.
2025-12-24 22:22:42,952 - rd_automator.uploader - INFO - Deleting /Ruth B - Dandelions.flac from Dropbox...
2025-12-24 22:22:42,952 - dropbox - INFO - Refreshing access token.
2025-12-24 22:22:43,261 - dropbox - INFO - Request to sharing/create_shared_link_with_settings
2025-12-24 22:22:43,378 - dropbox - INFO - Request to files/delete_v2
2025-12-24 22:22:44,114 - rd_automator.uploader - INFO - Dropbox Link: https://www.dropbox.com/scl/fi/89o5a9pu7x7y2ig6ocv0j/BLACKPINK-Pink-Venom.flac?rlkey=5wk5jo1pti4bp9ben0cupuoun&dl=0
2025-12-24 22:22:44,115 - rd_automator - INFO - Unrestricting link: https://www.dropbox.com/scl/fi/89o5a9pu7x7y2ig6ocv0j/BLACKPINK-Pink-Venom.flac?rlkey=5wk5jo1pti4bp9ben0cupuoun&dl=0
2025-12-24 22:22:44,157 - rd_automator.uploader - INFO - Dropbox file deleted successfully.
2025-12-24 22:22:46,164 - rd_automator - INFO - Unrestrict successful! Download ID: NRYQKU5HCM2HI32
2025-12-24 22:22:46,165 - rd_automator - INFO - Saved link to unrestricted_links.txt
2025-12-24 22:22:46,166 - rd_automator - INFO - Cleaning up Dropbox to save space...
2025-12-24 22:22:46,166 - rd_automator.uploader - INFO - Using Dropbox Refresh Token authentication.
2025-12-24 22:22:46,166 - rd_automator.uploader - INFO - Deleting /BLACKPINK - Pink Venom.flac from Dropbox...
2025-12-24 22:22:46,166 - dropbox - INFO - Refreshing access token.
2025-12-24 22:22:46,555 - dropbox - INFO - Request to files/delete_v2
2025-12-24 22:22:46,560 - rd_automator - INFO - Processing item: C:\Users\itsme\Desktop\download and auto\watch_folder\Billie Eilish - bad guy.flac (Mode: hoster)
2025-12-24 22:22:46,560 - rd_automator.uploader - INFO - Using Dropbox Refresh Token authentication.
2025-12-24 22:22:46,561 - rd_automator.uploader - INFO - Uploading Billie Eilish - bad guy.flac to Dropbox (33.07 MB)...
2025-12-24 22:22:46,569 - dropbox - INFO - Refreshing access token.
2025-12-24 22:22:46,945 - dropbox - INFO - Request to files/upload
2025-12-24 22:22:47,123 - rd_automator.uploader - INFO - Dropbox file deleted successfully.
2025-12-24 22:22:50,194 - rd_automator.uploader - INFO - Dropbox Upload finished.
2025-12-24 22:22:50,194 - dropbox - INFO - Request to sharing/list_shared_links
2025-12-24 22:22:50,585 - dropbox - INFO - Request to sharing/create_shared_link_with_settings
2025-12-24 22:22:51,312 - rd_automator.uploader - INFO - Dropbox Link: https://www.dropbox.com/scl/fi/9pbem1fbdzvfnjybhz7p1/Billie-Eilish-bad-guy.flac?rlkey=bm8bdf7tykqmy8mh7i7kh16du&dl=0
2025-12-24 22:22:51,312 - rd_automator - INFO - Unrestricting link: https://www.dropbox.com/scl/fi/9pbem1fbdzvfnjybhz7p1/Billie-Eilish-bad-guy.flac?rlkey=bm8bdf7tykqmy8mh7i7kh16du&dl=0
2025-12-24 22:22:51,660 - rd_automator.watcher - INFO - Detected new file: C:\Users\itsme\Desktop\download and auto\watch_folder\Anirudh Ravichander - Thaai Kelavi From Thiruchitrambalam.flac
2025-12-24 22:22:51,661 - rd_automator - INFO - Waiting for file stability: C:\Users\itsme\Desktop\download and auto\watch_folder\Anirudh Ravichander - Thaai Kelavi From Thiruchitrambalam.flac
2025-12-24 22:22:56,854 - rd_automator - INFO - Unrestrict successful! Download ID: 42RIZ7YWBS55U32
2025-12-24 22:22:56,854 - rd_automator - INFO - Saved link to unrestricted_links.txt
2025-12-24 22:22:56,854 - rd_automator - INFO - Cleaning up Dropbox to save space...
2025-12-24 22:22:56,855 - rd_automator.uploader - INFO - Using Dropbox Refresh Token authentication.
2025-12-24 22:22:56,855 - rd_automator.uploader - INFO - Deleting /Billie Eilish - bad guy.flac from Dropbox...
2025-12-24 22:22:56,855 - dropbox - INFO - Refreshing access token.
2025-12-24 22:22:57,243 - dropbox - INFO - Request to files/delete_v2
2025-12-24 22:22:57,783 - rd_automator.uploader - INFO - Dropbox file deleted successfully.
2025-12-24 22:22:59,663 - rd_automator - INFO - Processing item: C:\Users\itsme\Desktop\download and auto\watch_folder\Anirudh Ravichander - Thaai Kelavi From Thiruchitrambalam.flac (Mode: hoster)
2025-12-24 22:22:59,664 - rd_automator.uploader - INFO - Using Dropbox Refresh Token authentication.
2025-12-24 22:22:59,664 - rd_automator.uploader - INFO - Uploading Anirudh Ravichander - Thaai Kelavi From Thiruchitrambalam.flac to Dropbox (56.24 MB)...
2025-12-24 22:22:59,679 - dropbox - INFO - Refreshing access token.
2025-12-24 22:23:00,075 - dropbox - INFO - Request to files/upload
2025-12-24 22:23:00,253 - rd_automator.watcher - INFO - Detected new file: C:\Users\itsme\Desktop\download and auto\watch_folder\Alec Benjamin - Let Me Down Slowly.flac
2025-12-24 22:23:00,254 - rd_automator - INFO - Waiting for file stability: C:\Users\itsme\Desktop\download and auto\watch_folder\Alec Benjamin - Let Me Down Slowly.flac
2025-12-24 22:23:06,256 - rd_automator - INFO - Processing item: C:\Users\itsme\Desktop\download and auto\watch_folder\Alec Benjamin - Let Me Down Slowly.flac (Mode: hoster)
2025-12-24 22:23:06,256 - rd_automator.uploader - INFO - Using Dropbox Refresh Token authentication.
2025-12-24 22:23:06,256 - rd_automator.uploader - INFO - Uploading Alec Benjamin - Let Me Down Slowly.flac to Dropbox (17.68 MB)...
2025-12-24 22:23:06,261 - dropbox - INFO - Refreshing access token.
2025-12-24 22:23:06,621 - dropbox - INFO - Request to files/upload
2025-12-24 22:23:08,783 - rd_automator.watcher - INFO - Detected new file: C:\Users\itsme\Desktop\download and auto\watch_folder\Anirudh Ravichander - Andha Kanna Paathaakaa From Master.flac
2025-12-24 22:23:08,783 - rd_automator - INFO - Waiting for file stability: C:\Users\itsme\Desktop\download and auto\watch_folder\Anirudh Ravichander - Andha Kanna Paathaakaa From Master.flac
2025-12-24 22:23:09,111 - rd_automator.uploader - INFO - Dropbox Upload finished.
2025-12-24 22:23:09,111 - dropbox - INFO - Request to sharing/list_shared_links
2025-12-24 22:23:09,527 - dropbox - INFO - Request to sharing/create_shared_link_with_settings
2025-12-24 22:23:10,292 - rd_automator.uploader - INFO - Dropbox Link: https://www.dropbox.com/scl/fi/szaw4nk0iytmryrfz9ii4/Alec-Benjamin-Let-Me-Down-Slowly.flac?rlkey=2yzx2gu58tncbd6xu9auggx3o&dl=0
2025-12-24 22:23:10,292 - rd_automator - INFO - Unrestricting link: https://www.dropbox.com/scl/fi/szaw4nk0iytmryrfz9ii4/Alec-Benjamin-Let-Me-Down-Slowly.flac?rlkey=2yzx2gu58tncbd6xu9auggx3o&dl=0
2025-12-24 22:23:14,451 - rd_automator - INFO - Unrestrict successful! Download ID: 4ZXFF6LVACVS232
2025-12-24 22:23:14,451 - rd_automator - INFO - Saved link to unrestricted_links.txt
2025-12-24 22:23:14,451 - rd_automator - INFO - Cleaning up Dropbox to save space...
2025-12-24 22:23:14,451 - rd_automator.uploader - INFO - Using Dropbox Refresh Token authentication.
2025-12-24 22:23:14,452 - rd_automator.uploader - INFO - Deleting /Alec Benjamin - Let Me Down Slowly.flac from Dropbox...
2025-12-24 22:23:14,452 - dropbox - INFO - Refreshing access token.
2025-12-24 22:23:14,785 - rd_automator - INFO - Processing item: C:\Users\itsme\Desktop\download and auto\watch_folder\Anirudh Ravichander - Andha Kanna Paathaakaa From Master.flac (Mode: hoster)
2025-12-24 22:23:14,786 - rd_automator.uploader - INFO - Using Dropbox Refresh Token authentication.
2025-12-24 22:23:14,786 - rd_automator.uploader - INFO - Uploading Anirudh Ravichander - Andha Kanna Paathaakaa From Master.flac to Dropbox (21.61 MB)...
2025-12-24 22:23:14,792 - dropbox - INFO - Refreshing access token.
2025-12-24 22:23:14,826 - dropbox - INFO - Request to files/delete_v2
2025-12-24 22:23:15,194 - dropbox - INFO - Request to files/upload
2025-12-24 22:23:15,392 - rd_automator.uploader - INFO - Dropbox file deleted successfully.
2025-12-24 22:23:16,832 - rd_automator.watcher - INFO - Detected new file: C:\Users\itsme\Desktop\download and auto\watch_folder\Anirudh Ravichander - Kutti Story From Master.flac
2025-12-24 22:23:16,832 - rd_automator - INFO - Waiting for file stability: C:\Users\itsme\Desktop\download and auto\watch_folder\Anirudh Ravichander - Kutti Story From Master.flac
2025-12-24 22:23:18,284 - rd_automator.uploader - INFO - Dropbox Upload finished.
2025-12-24 22:23:18,284 - dropbox - INFO - Request to sharing/list_shared_links
2025-12-24 22:23:18,669 - dropbox - INFO - Request to sharing/create_shared_link_with_settings
2025-12-24 22:23:19,426 - rd_automator.uploader - INFO - Dropbox Link: https://www.dropbox.com/scl/fi/gbisev22n1f87wv22jjh6/Anirudh-Ravichander-Andha-Kanna-Paathaakaa-From-Master.flac?rlkey=94llus9zp4dq61tu7694lyy8v&dl=0
2025-12-24 22:23:19,426 - rd_automator - INFO - Unrestricting link: https://www.dropbox.com/scl/fi/gbisev22n1f87wv22jjh6/Anirudh-Ravichander-Andha-Kanna-Paathaakaa-From-Master.flac?rlkey=94llus9zp4dq61tu7694lyy8v&dl=0
2025-12-24 22:23:21,323 - rd_automator - INFO - Unrestrict successful! Download ID: DFUWS4AGJNWGA32
2025-12-24 22:23:21,324 - rd_automator - INFO - Saved link to unrestricted_links.txt
2025-12-24 22:23:21,324 - rd_automator - INFO - Cleaning up Dropbox to save space...
2025-12-24 22:23:21,324 - rd_automator.uploader - INFO - Using Dropbox Refresh Token authentication.
2025-12-24 22:23:21,324 - rd_automator.uploader - INFO - Deleting /Anirudh Ravichander - Andha Kanna Paathaakaa From Master.flac from Dropbox...
2025-12-24 22:23:21,324 - dropbox - INFO - Refreshing access token.
2025-12-24 22:23:21,697 - dropbox - INFO - Request to files/delete_v2
2025-12-24 22:23:22,353 - rd_automator.uploader - INFO - Dropbox file deleted successfully.
2025-12-24 22:23:22,834 - rd_automator - INFO - Processing item: C:\Users\itsme\Desktop\download and auto\watch_folder\Anirudh Ravichander - Kutti Story From Master.flac (Mode: hoster)
2025-12-24 22:23:22,834 - rd_automator.uploader - INFO - Using Dropbox Refresh Token authentication.
2025-12-24 22:23:22,835 - rd_automator.uploader - INFO - Uploading Anirudh Ravichander - Kutti Story From Master.flac to Dropbox (34.41 MB)...
2025-12-24 22:23:22,845 - dropbox - INFO - Refreshing access token.
2025-12-24 22:23:23,204 - dropbox - INFO - Request to files/upload
2025-12-24 22:23:24,694 - rd_automator.watcher - INFO - Detected new file: C:\Users\itsme\Desktop\download and auto\watch_folder\Anirudh Ravichander - Pona Pogattum.flac
2025-12-24 22:23:24,695 - rd_automator - INFO - Waiting for file stability: C:\Users\itsme\Desktop\download and auto\watch_folder\Anirudh Ravichander - Pona Pogattum.flac
2025-12-24 22:23:25,776 - rd_automator.uploader - INFO - Dropbox Upload finished.
2025-12-24 22:23:25,776 - dropbox - INFO - Request to sharing/list_shared_links
2025-12-24 22:23:26,179 - dropbox - INFO - Request to sharing/create_shared_link_with_settings
2025-12-24 22:23:26,928 - rd_automator.uploader - INFO - Dropbox Link: https://www.dropbox.com/scl/fi/gmb2lzzfbntnu9iqhxgvv/Anirudh-Ravichander-Kutti-Story-From-Master.flac?rlkey=s1dp2ie62r2v9f3n2eik68jbj&dl=0
2025-12-24 22:23:26,928 - rd_automator - INFO - Unrestricting link: https://www.dropbox.com/scl/fi/gmb2lzzfbntnu9iqhxgvv/Anirudh-Ravichander-Kutti-Story-From-Master.flac?rlkey=s1dp2ie62r2v9f3n2eik68jbj&dl=0
2025-12-24 22:23:27,882 - rd_automator.uploader - INFO - Dropbox Upload finished.
2025-12-24 22:23:27,882 - dropbox - INFO - Request to sharing/list_shared_links
2025-12-24 22:23:28,295 - dropbox - INFO - Request to sharing/create_shared_link_with_settings
2025-12-24 22:23:29,073 - rd_automator.uploader - INFO - Dropbox Link: https://www.dropbox.com/scl/fi/zt8g6havjvhtbtrizlhl5/Anirudh-Ravichander-Thaai-Kelavi-From-Thiruchitrambalam.flac?rlkey=zc7t5c7txfxg6i2duzqmyox7m&dl=0
2025-12-24 22:23:29,073 - rd_automator - INFO - Unrestricting link: https://www.dropbox.com/scl/fi/zt8g6havjvhtbtrizlhl5/Anirudh-Ravichander-Thaai-Kelavi-From-Thiruchitrambalam.flac?rlkey=zc7t5c7txfxg6i2duzqmyox7m&dl=0
2025-12-24 22:23:29,332 - rd_automator - INFO - Unrestrict successful! Download ID: PNTRHKFPYUAYK32
2025-12-24 22:23:29,333 - rd_automator - INFO - Saved link to unrestricted_links.txt
2025-12-24 22:23:29,333 - rd_automator - INFO - Cleaning up Dropbox to save space...
2025-12-24 22:23:29,333 - rd_automator.uploader - INFO - Using Dropbox Refresh Token authentication.
2025-12-24 22:23:29,334 - rd_automator.uploader - INFO - Deleting /Anirudh Ravichander - Kutti Story From Master.flac from Dropbox...
2025-12-24 22:23:29,334 - dropbox - INFO - Refreshing access token.
2025-12-24 22:23:29,692 - dropbox - INFO - Request to files/delete_v2
2025-12-24 22:23:30,260 - rd_automator.uploader - INFO - Dropbox file deleted successfully.
2025-12-24 22:23:30,696 - rd_automator - INFO - Processing item: C:\Users\itsme\Desktop\download and auto\watch_folder\Anirudh Ravichander - Pona Pogattum.flac (Mode: hoster)
2025-12-24 22:23:30,696 - rd_automator.uploader - INFO - Using Dropbox Refresh Token authentication.
2025-12-24 22:23:30,697 - rd_automator.uploader - INFO - Uploading Anirudh Ravichander - Pona Pogattum.flac to Dropbox (31.03 MB)...
2025-12-24 22:23:30,706 - dropbox - INFO - Refreshing access token.
2025-12-24 22:23:31,090 - dropbox - INFO - Request to files/upload
2025-12-24 22:23:33,169 - rd_automator - INFO - Unrestrict successful! Download ID: ZFXB3KP5QYRXA40
2025-12-24 22:23:33,170 - rd_automator - INFO - Saved link to unrestricted_links.txt
2025-12-24 22:23:33,170 - rd_automator - INFO - Cleaning up Dropbox to save space...
2025-12-24 22:23:33,171 - rd_automator.uploader - INFO - Using Dropbox Refresh Token authentication.
2025-12-24 22:23:33,171 - rd_automator.uploader - INFO - Deleting /Anirudh Ravichander - Thaai Kelavi From Thiruchitrambalam.flac from Dropbox...
2025-12-24 22:23:33,171 - dropbox - INFO - Refreshing access token.
2025-12-24 22:23:33,563 - dropbox - INFO - Request to files/delete_v2
2025-12-24 22:23:33,641 - rd_automator.watcher - INFO - Detected new file: C:\Users\itsme\Desktop\download and auto\watch_folder\Anirudh Ravichander - Polakattum Para Para.flac
2025-12-24 22:23:33,641 - rd_automator - INFO - Waiting for file stability: C:\Users\itsme\Desktop\download and auto\watch_folder\Anirudh Ravichander - Polakattum Para Para.flac
2025-12-24 22:23:34,077 - rd_automator.uploader - INFO - Dropbox file deleted successfully.
2025-12-24 22:23:34,529 - rd_automator.uploader - INFO - Dropbox Upload finished.
2025-12-24 22:23:34,530 - dropbox - INFO - Request to sharing/list_shared_links
2025-12-24 22:23:34,951 - dropbox - INFO - Request to sharing/create_shared_link_with_settings
2025-12-24 22:23:35,671 - rd_automator.uploader - INFO - Dropbox Link: https://www.dropbox.com/scl/fi/4eebbnwb33egusc0jxd28/Anirudh-Ravichander-Pona-Pogattum.flac?rlkey=9db2188xjltc0z00kfntpsdea&dl=0
2025-12-24 22:23:35,672 - rd_automator - INFO - Unrestricting link: https://www.dropbox.com/scl/fi/4eebbnwb33egusc0jxd28/Anirudh-Ravichander-Pona-Pogattum.flac?rlkey=9db2188xjltc0z00kfntpsdea&dl=0
2025-12-24 22:23:37,642 - rd_automator - INFO - Processing item: C:\Users\itsme\Desktop\download and auto\watch_folder\Anirudh Ravichander - Polakattum Para Para.flac (Mode: hoster)
2025-12-24 22:23:37,642 - rd_automator.uploader - INFO - Using Dropbox Refresh Token authentication.
2025-12-24 22:23:37,642 - rd_automator.uploader - INFO - Uploading Anirudh Ravichander - Polakattum Para Para.flac to Dropbox (0.00 MB)...
2025-12-24 22:23:37,642 - dropbox - INFO - Refreshing access token.
2025-12-24 22:23:37,714 - rd_automator - INFO - Unrestrict successful! Download ID: WCLVOXDXVHY2232
2025-12-24 22:23:37,715 - rd_automator - INFO - Saved link to unrestricted_links.txt
2025-12-24 22:23:37,715 - rd_automator - INFO - Cleaning up Dropbox to save space...
2025-12-24 22:23:37,715 - rd_automator.uploader - INFO - Using Dropbox Refresh Token authentication.
2025-12-24 22:23:37,715 - rd_automator.uploader - INFO - Deleting /Anirudh Ravichander - Pona Pogattum.flac from Dropbox...
2025-12-24 22:23:37,716 - dropbox - INFO - Refreshing access token.
2025-12-24 22:23:38,047 - dropbox - INFO - Request to files/upload
2025-12-24 22:23:38,127 - dropbox - INFO - Request to files/delete_v2
2025-12-24 22:23:38,709 - rd_automator.uploader - INFO - Dropbox file deleted successfully.
2025-12-24 22:23:39,212 - rd_automator.uploader - INFO - Dropbox Upload finished.
2025-12-24 22:23:39,212 - dropbox - INFO - Request to sharing/list_shared_links
2025-12-24 22:23:39,644 - dropbox - INFO - Request to sharing/create_shared_link_with_settings
2025-12-24 22:23:40,428 - rd_automator.uploader - INFO - Dropbox Link: https://www.dropbox.com/scl/fi/brmzm4djrvft5a3ket419/Anirudh-Ravichander-Polakattum-Para-Para.flac?rlkey=ksijf096s0jkwxl5tg4kzjzlp&dl=0
2025-12-24 22:23:40,428 - rd_automator - INFO - Unrestricting link: https://www.dropbox.com/scl/fi/brmzm4djrvft5a3ket419/Anirudh-Ravichander-Polakattum-Para-Para.flac?rlkey=ksijf096s0jkwxl5tg4kzjzlp&dl=0
2025-12-24 22:23:41,428 - rd_automator.watcher - INFO - Detected new file: C:\Users\itsme\Desktop\download and auto\watch_folder\Gopi Sundar - Inkem Inkem Lofi Mix From Geetha Govindam.flac
2025-12-24 22:23:41,428 - rd_automator - INFO - Waiting for file stability: C:\Users\itsme\Desktop\download and auto\watch_folder\Gopi Sundar - Inkem Inkem Lofi Mix From Geetha Govindam.flac
2025-12-24 22:23:44,441 - rd_automator - INFO - Unrestrict successful! Download ID: JRVQXB3EM6BM232
2025-12-24 22:23:44,442 - rd_automator - INFO - Saved link to unrestricted_links.txt
2025-12-24 22:23:44,442 - rd_automator - INFO - Cleaning up Dropbox to save space...
2025-12-24 22:23:44,442 - rd_automator.uploader - INFO - Using Dropbox Refresh Token authentication.
2025-12-24 22:23:44,442 - rd_automator.uploader - INFO - Deleting /Anirudh Ravichander - Polakattum Para Para.flac from Dropbox...
2025-12-24 22:23:44,442 - dropbox - INFO - Refreshing access token.
2025-12-24 22:23:44,802 - dropbox - INFO - Request to files/delete_v2
2025-12-24 22:23:45,342 - rd_automator.uploader - INFO - Dropbox file deleted successfully.
2025-12-24 22:23:49,430 - rd_automator - INFO - Processing item: C:\Users\itsme\Desktop\download and auto\watch_folder\Gopi Sundar - Inkem Inkem Lofi Mix From Geetha Govindam.flac (Mode: hoster)
2025-12-24 22:23:49,430 - rd_automator.uploader - INFO - Using Dropbox Refresh Token authentication.
2025-12-24 22:23:49,431 - rd_automator.uploader - INFO - Uploading Gopi Sundar - Inkem Inkem Lofi Mix From Geetha Govindam.flac to Dropbox (59.67 MB)...
2025-12-24 22:23:49,447 - dropbox - INFO - Refreshing access token.
2025-12-24 22:23:49,802 - dropbox - INFO - Request to files/upload
2025-12-24 22:23:50,567 - rd_automator.watcher - INFO - Detected new file: C:\Users\itsme\Desktop\download and auto\watch_folder\Gopi Sundar - Yenti Yenti Lofi Mix From Geetha Govindam.flac
2025-12-24 22:23:50,568 - rd_automator - INFO - Waiting for file stability: C:\Users\itsme\Desktop\download and auto\watch_folder\Gopi Sundar - Yenti Yenti Lofi Mix From Geetha Govindam.flac
2025-12-24 22:23:54,483 - rd_automator.uploader - INFO - Dropbox Upload finished.
2025-12-24 22:23:54,485 - dropbox - INFO - Request to sharing/list_shared_links
2025-12-24 22:23:55,161 - dropbox - INFO - Request to sharing/create_shared_link_with_settings
2025-12-24 22:23:55,917 - rd_automator.uploader - INFO - Dropbox Link: https://www.dropbox.com/scl/fi/kvy5d7mye24iqkqmxk4aq/Gopi-Sundar-Inkem-Inkem-Lofi-Mix-From-Geetha-Govindam.flac?rlkey=tbsgci8pf21yekdongh700n6y&dl=0
2025-12-24 22:23:55,917 - rd_automator - INFO - Unrestricting link: https://www.dropbox.com/scl/fi/kvy5d7mye24iqkqmxk4aq/Gopi-Sundar-Inkem-Inkem-Lofi-Mix-From-Geetha-Govindam.flac?rlkey=tbsgci8pf21yekdongh700n6y&dl=0
2025-12-24 22:23:58,081 - rd_automator - INFO - Unrestrict successful! Download ID: KAMAI3XDHHXFI32
2025-12-24 22:23:58,081 - rd_automator - INFO - Saved link to unrestricted_links.txt
2025-12-24 22:23:58,081 - rd_automator - INFO - Cleaning up Dropbox to save space...
2025-12-24 22:23:58,082 - rd_automator.uploader - INFO - Using Dropbox Refresh Token authentication.
2025-12-24 22:23:58,082 - rd_automator.uploader - INFO - Deleting /Gopi Sundar - Inkem Inkem Lofi Mix From Geetha Govindam.flac from Dropbox...
2025-12-24 22:23:58,082 - dropbox - INFO - Refreshing access token.
2025-12-24 22:23:58,463 - dropbox - INFO - Request to files/delete_v2
2025-12-24 22:23:58,570 - rd_automator - INFO - Processing item: C:\Users\itsme\Desktop\download and auto\watch_folder\Gopi Sundar - Yenti Yenti Lofi Mix From Geetha Govindam.flac (Mode: hoster)
2025-12-24 22:23:58,570 - rd_automator.uploader - INFO - Using Dropbox Refresh Token authentication.
2025-12-24 22:23:58,571 - rd_automator.uploader - INFO - Uploading Gopi Sundar - Yenti Yenti Lofi Mix From Geetha Govindam.flac to Dropbox (62.79 MB)...
2025-12-24 22:23:58,603 - dropbox - INFO - Refreshing access token.
2025-12-24 22:23:58,973 - dropbox - INFO - Request to files/upload
2025-12-24 22:23:59,065 - rd_automator.uploader - INFO - Dropbox file deleted successfully.
2025-12-24 22:23:59,973 - rd_automator.watcher - INFO - Detected new file: C:\Users\itsme\Desktop\download and auto\watch_folder\AR Rahman - Yeh Haseen Vadiyan Yeh Khula Aasman.flac
2025-12-24 22:23:59,973 - rd_automator - INFO - Waiting for file stability: C:\Users\itsme\Desktop\download and auto\watch_folder\AR Rahman - Yeh Haseen Vadiyan Yeh Khula Aasman.flac
2025-12-24 22:24:03,673 - rd_automator.uploader - INFO - Dropbox Upload finished.
2025-12-24 22:24:03,674 - dropbox - INFO - Request to sharing/list_shared_links
2025-12-24 22:24:04,104 - dropbox - INFO - Request to sharing/create_shared_link_with_settings
2025-12-24 22:24:04,854 - rd_automator.uploader - INFO - Dropbox Link: https://www.dropbox.com/scl/fi/h5zz33axv00qdp6jkfugj/Gopi-Sundar-Yenti-Yenti-Lofi-Mix-From-Geetha-Govindam.flac?rlkey=x2os88g20ygbf20ncf6857ij1&dl=0
2025-12-24 22:24:04,854 - rd_automator - INFO - Unrestricting link: https://www.dropbox.com/scl/fi/h5zz33axv00qdp6jkfugj/Gopi-Sundar-Yenti-Yenti-Lofi-Mix-From-Geetha-Govindam.flac?rlkey=x2os88g20ygbf20ncf6857ij1&dl=0
2025-12-24 22:24:05,975 - rd_automator - INFO - Processing item: C:\Users\itsme\Desktop\download and auto\watch_folder\AR Rahman - Yeh Haseen Vadiyan Yeh Khula Aasman.flac (Mode: hoster)
2025-12-24 22:24:05,975 - rd_automator.uploader - INFO - Using Dropbox Refresh Token authentication.
2025-12-24 22:24:05,975 - rd_automator.uploader - INFO - Uploading AR Rahman - Yeh Haseen Vadiyan Yeh Khula Aasman.flac to Dropbox (31.61 MB)...
2025-12-24 22:24:05,985 - dropbox - INFO - Refreshing access token.
2025-12-24 22:24:06,349 - dropbox - INFO - Request to files/upload
2025-12-24 22:24:07,788 - rd_automator.watcher - INFO - Detected new file: C:\Users\itsme\Desktop\download and auto\watch_folder\Sai Vignesh - Ennavale Adi Ennavale.flac
2025-12-24 22:24:07,788 - rd_automator - INFO - Waiting for file stability: C:\Users\itsme\Desktop\download and auto\watch_folder\Sai Vignesh - Ennavale Adi Ennavale.flac
2025-12-24 22:24:09,335 - rd_automator - INFO - Unrestrict successful! Download ID: R7ECCWLQ2V33K32
2025-12-24 22:24:09,336 - rd_automator - INFO - Saved link to unrestricted_links.txt
2025-12-24 22:24:09,337 - rd_automator - INFO - Cleaning up Dropbox to save space...
2025-12-24 22:24:09,337 - rd_automator.uploader - INFO - Using Dropbox Refresh Token authentication.
2025-12-24 22:24:09,337 - rd_automator.uploader - INFO - Deleting /Gopi Sundar - Yenti Yenti Lofi Mix From Geetha Govindam.flac from Dropbox...
2025-12-24 22:24:09,337 - dropbox - INFO - Refreshing access token.
2025-12-24 22:24:09,501 - rd_automator.uploader - INFO - Dropbox Upload finished.
2025-12-24 22:24:09,501 - dropbox - INFO - Request to sharing/list_shared_links
2025-12-24 22:24:09,696 - dropbox - INFO - Request to files/delete_v2
2025-12-24 22:24:09,904 - dropbox - INFO - Request to sharing/create_shared_link_with_settings
2025-12-24 22:24:10,249 - rd_automator.uploader - INFO - Dropbox file deleted successfully.
2025-12-24 22:24:10,629 - rd_automator.uploader - INFO - Dropbox Link: https://www.dropbox.com/scl/fi/fsyz3zprzbon1kauyc6qp/AR-Rahman-Yeh-Haseen-Vadiyan-Yeh-Khula-Aasman.flac?rlkey=tjjir4bf4z3re40g5mhktog4y&dl=0
2025-12-24 22:24:10,630 - rd_automator - INFO - Unrestricting link: https://www.dropbox.com/scl/fi/fsyz3zprzbon1kauyc6qp/AR-Rahman-Yeh-Haseen-Vadiyan-Yeh-Khula-Aasman.flac?rlkey=tjjir4bf4z3re40g5mhktog4y&dl=0
2025-12-24 22:24:13,790 - rd_automator - INFO - Processing item: C:\Users\itsme\Desktop\download and auto\watch_folder\Sai Vignesh - Ennavale Adi Ennavale.flac (Mode: hoster)
2025-12-24 22:24:13,790 - rd_automator.uploader - INFO - Using Dropbox Refresh Token authentication.
2025-12-24 22:24:13,791 - rd_automator.uploader - INFO - Uploading Sai Vignesh - Ennavale Adi Ennavale.flac to Dropbox (28.93 MB)...
2025-12-24 22:24:13,801 - dropbox - INFO - Refreshing access token.
2025-12-24 22:24:14,189 - dropbox - INFO - Request to files/upload
2025-12-24 22:24:14,723 - rd_automator - INFO - Unrestrict successful! Download ID: LNGIAEGDNPD3Y32
2025-12-24 22:24:14,724 - rd_automator - INFO - Saved link to unrestricted_links.txt
2025-12-24 22:24:14,724 - rd_automator - INFO - Cleaning up Dropbox to save space...
2025-12-24 22:24:14,724 - rd_automator.uploader - INFO - Using Dropbox Refresh Token authentication.
2025-12-24 22:24:14,724 - rd_automator.uploader - INFO - Deleting /AR Rahman - Yeh Haseen Vadiyan Yeh Khula Aasman.flac from Dropbox...
2025-12-24 22:24:14,725 - dropbox - INFO - Refreshing access token.
2025-12-24 22:24:15,098 - dropbox - INFO - Request to files/delete_v2
2025-12-24 22:24:15,681 - rd_automator.uploader - INFO - Dropbox file deleted successfully.
2025-12-24 22:24:16,069 - rd_automator.watcher - INFO - Detected new file: C:\Users\itsme\Desktop\download and auto\watch_folder\AR Rahman - Urvasi Urvasi Hip-Hop Remix From Premikudu.flac
2025-12-24 22:24:16,069 - rd_automator - INFO - Waiting for file stability: C:\Users\itsme\Desktop\download and auto\watch_folder\AR Rahman - Urvasi Urvasi Hip-Hop Remix From Premikudu.flac
2025-12-24 22:24:24,071 - rd_automator - INFO - Processing item: C:\Users\itsme\Desktop\download and auto\watch_folder\AR Rahman - Urvasi Urvasi Hip-Hop Remix From Premikudu.flac (Mode: hoster)
2025-12-24 22:24:24,071 - rd_automator.uploader - INFO - Using Dropbox Refresh Token authentication.
2025-12-24 22:24:24,071 - rd_automator.uploader - INFO - Uploading AR Rahman - Urvasi Urvasi Hip-Hop Remix From Premikudu.flac to Dropbox (78.53 MB)...
2025-12-24 22:24:24,097 - dropbox - INFO - Refreshing access token.
2025-12-24 22:24:24,465 - dropbox - INFO - Request to files/upload_session/start
2025-12-24 22:24:26,632 - rd_automator.watcher - INFO - Detected new file: C:\Users\itsme\Desktop\download and auto\watch_folder\AR Rahman - Mukkala Mukkabala Slap House Remix From Premikudu.flac
2025-12-24 22:24:26,633 - rd_automator - INFO - Waiting for file stability: C:\Users\itsme\Desktop\download and auto\watch_folder\AR Rahman - Mukkala Mukkabala Slap House Remix From Premikudu.flac
2025-12-24 22:24:29,088 - dropbox - INFO - Request to files/upload_session/finish
2025-12-24 22:24:30,718 - rd_automator.uploader - INFO - Dropbox Upload finished.
2025-12-24 22:24:30,718 - dropbox - INFO - Request to sharing/list_shared_links
2025-12-24 22:24:31,133 - dropbox - INFO - Request to sharing/create_shared_link_with_settings
2025-12-24 22:24:31,885 - rd_automator.uploader - INFO - Dropbox Link: https://www.dropbox.com/scl/fi/ef0phjg0sm1gujngznrbj/AR-Rahman-Urvasi-Urvasi-Hip-Hop-Remix-From-Premikudu.flac?rlkey=xqsxigmx1pumg2gqux53x03x1&dl=0
2025-12-24 22:24:31,886 - rd_automator - INFO - Unrestricting link: https://www.dropbox.com/scl/fi/ef0phjg0sm1gujngznrbj/AR-Rahman-Urvasi-Urvasi-Hip-Hop-Remix-From-Premikudu.flac?rlkey=xqsxigmx1pumg2gqux53x03x1&dl=0
2025-12-24 22:24:32,605 - rd_automator.uploader - INFO - Dropbox Upload finished.
2025-12-24 22:24:32,605 - dropbox - INFO - Request to sharing/list_shared_links
2025-12-24 22:24:33,001 - dropbox - INFO - Request to sharing/create_shared_link_with_settings
2025-12-24 22:24:33,799 - rd_automator.uploader - INFO - Dropbox Link: https://www.dropbox.com/scl/fi/2ddgchy5qu02ni6r37hlo/Sai-Vignesh-Ennavale-Adi-Ennavale.flac?rlkey=4kl6zo6oikp9vf2p4mlrdwrgo&dl=0
2025-12-24 22:24:33,799 - rd_automator - INFO - Unrestricting link: https://www.dropbox.com/scl/fi/2ddgchy5qu02ni6r37hlo/Sai-Vignesh-Ennavale-Adi-Ennavale.flac?rlkey=4kl6zo6oikp9vf2p4mlrdwrgo&dl=0
2025-12-24 22:24:35,648 - rd_automator - INFO - Unrestrict successful! Download ID: OA4MNV3WSHC6M32
2025-12-24 22:24:35,648 - rd_automator - INFO - Saved link to unrestricted_links.txt
2025-12-24 22:24:35,649 - rd_automator - INFO - Cleaning up Dropbox to save space...
2025-12-24 22:24:35,649 - rd_automator.uploader - INFO - Using Dropbox Refresh Token authentication.
2025-12-24 22:24:35,649 - rd_automator.uploader - INFO - Deleting /Sai Vignesh - Ennavale Adi Ennavale.flac from Dropbox...
2025-12-24 22:24:35,649 - dropbox - INFO - Refreshing access token.
2025-12-24 22:24:36,009 - dropbox - INFO - Request to files/delete_v2
2025-12-24 22:24:36,527 - rd_automator.uploader - INFO - Dropbox file deleted successfully.
2025-12-24 22:24:36,609 - rd_automator - INFO - Unrestrict successful! Download ID: ITPFDMBCHRWLY32
2025-12-24 22:24:36,609 - rd_automator - INFO - Saved link to unrestricted_links.txt
2025-12-24 22:24:36,609 - rd_automator - INFO - Cleaning up Dropbox to save space...
2025-12-24 22:24:36,610 - rd_automator.uploader - INFO - Using Dropbox Refresh Token authentication.
2025-12-24 22:24:36,610 - rd_automator.uploader - INFO - Deleting /AR Rahman - Urvasi Urvasi Hip-Hop Remix From Premikudu.flac from Dropbox...
2025-12-24 22:24:36,610 - dropbox - INFO - Refreshing access token.
2025-12-24 22:24:37,173 - dropbox - INFO - Request to files/delete_v2
2025-12-24 22:24:37,772 - rd_automator.uploader - INFO - Dropbox file deleted successfully.
2025-12-24 22:24:44,637 - rd_automator - INFO - Processing item: C:\Users\itsme\Desktop\download and auto\watch_folder\AR Rahman - Mukkala Mukkabala Slap House Remix From Premikudu.flac (Mode: hoster)
2025-12-24 22:24:44,638 - rd_automator.uploader - INFO - Using Dropbox Refresh Token authentication.
2025-12-24 22:24:44,638 - rd_automator.uploader - INFO - Uploading AR Rahman - Mukkala Mukkabala Slap House Remix From Premikudu.flac to Dropbox (73.06 MB)...
2025-12-24 22:24:44,667 - dropbox - INFO - Refreshing access token.
2025-12-24 22:24:45,072 - dropbox - INFO - Request to files/upload_session/start
2025-12-24 22:24:48,491 - rd_automator.watcher - INFO - Detected new file: C:\Users\itsme\Desktop\download and auto\watch_folder\S P Balasubrahmanyam - Premika Ne Pyar Se House Remix.flac
2025-12-24 22:24:48,492 - rd_automator - INFO - Waiting for file stability: C:\Users\itsme\Desktop\download and auto\watch_folder\S P Balasubrahmanyam - Premika Ne Pyar Se House Remix.flac
2025-12-24 22:24:54,493 - rd_automator - INFO - Processing item: C:\Users\itsme\Desktop\download and auto\watch_folder\S P Balasubrahmanyam - Premika Ne Pyar Se House Remix.flac (Mode: hoster)
2025-12-24 22:24:54,494 - rd_automator.uploader - INFO - Using Dropbox Refresh Token authentication.
2025-12-24 22:24:54,494 - rd_automator.uploader - INFO - Uploading S P Balasubrahmanyam - Premika Ne Pyar Se House Remix.flac to Dropbox (59.67 MB)...
2025-12-24 22:24:54,517 - dropbox - INFO - Refreshing access token.
2025-12-24 22:24:54,911 - dropbox - INFO - Request to files/upload
2025-12-24 22:24:55,635 - rd_automator.watcher - INFO - Detected new file: C:\Users\itsme\Desktop\download and auto\watch_folder\Xxxtentacion - SAD.flac
2025-12-24 22:24:55,635 - rd_automator - INFO - Waiting for file stability: C:\Users\itsme\Desktop\download and auto\watch_folder\Xxxtentacion - SAD.flac
2025-12-24 22:24:59,208 - rd_automator.uploader - INFO - Dropbox Upload finished.
2025-12-24 22:24:59,208 - dropbox - INFO - Request to sharing/list_shared_links
2025-12-24 22:24:59,636 - rd_automator - INFO - Processing item: C:\Users\itsme\Desktop\download and auto\watch_folder\Xxxtentacion - SAD.flac (Mode: hoster)
2025-12-24 22:24:59,636 - rd_automator.uploader - INFO - Using Dropbox Refresh Token authentication.
2025-12-24 22:24:59,637 - rd_automator.uploader - INFO - Uploading Xxxtentacion - SAD.flac to Dropbox (13.33 MB)...
2025-12-24 22:24:59,641 - dropbox - INFO - Refreshing access token.
2025-12-24 22:24:59,645 - dropbox - INFO - Request to sharing/create_shared_link_with_settings
2025-12-24 22:25:00,000 - dropbox - INFO - Request to files/upload
2025-12-24 22:25:00,386 - rd_automator.uploader - INFO - Dropbox Link: https://www.dropbox.com/scl/fi/27cdygwzoswk3t3q2ambg/S-P-Balasubrahmanyam-Premika-Ne-Pyar-Se-House-Remix.flac?rlkey=47b65d7p2da6l6vt54kdht052&dl=0
2025-12-24 22:25:00,387 - rd_automator - INFO - Unrestricting link: https://www.dropbox.com/scl/fi/27cdygwzoswk3t3q2ambg/S-P-Balasubrahmanyam-Premika-Ne-Pyar-Se-House-Remix.flac?rlkey=47b65d7p2da6l6vt54kdht052&dl=0
2025-12-24 22:25:01,317 - rd_automator.watcher - INFO - Detected new file: C:\Users\itsme\Desktop\download and auto\watch_folder\Katy Perry - bandaids.flac
2025-12-24 22:25:02,709 - rd_automator - INFO - Unrestrict successful! Download ID: 3VAKU2LVWCZ7232
2025-12-24 22:25:02,710 - rd_automator - INFO - Saved link to unrestricted_links.txt
2025-12-24 22:25:02,710 - rd_automator - INFO - Cleaning up Dropbox to save space...
2025-12-24 22:25:02,710 - rd_automator.uploader - INFO - Using Dropbox Refresh Token authentication.
2025-12-24 22:25:02,710 - rd_automator.uploader - INFO - Deleting /S P Balasubrahmanyam - Premika Ne Pyar Se House Remix.flac from Dropbox...
2025-12-24 22:25:02,710 - dropbox - INFO - Refreshing access token.
2025-12-24 22:25:03,112 - dropbox - INFO - Request to files/delete_v2
2025-12-24 22:25:03,647 - rd_automator.uploader - INFO - Dropbox file deleted successfully.
2025-12-24 22:25:03,647 - rd_automator - INFO - Waiting for file stability: C:\Users\itsme\Desktop\download and auto\watch_folder\Katy Perry - bandaids.flac
2025-12-24 22:25:04,572 - rd_automator.uploader - INFO - Dropbox Upload finished.
2025-12-24 22:25:04,572 - dropbox - INFO - Request to sharing/list_shared_links
2025-12-24 22:25:04,959 - dropbox - INFO - Request to sharing/create_shared_link_with_settings
2025-12-24 22:25:05,746 - rd_automator.uploader - INFO - Dropbox Link: https://www.dropbox.com/scl/fi/a27ywuaptooi2pili42to/Xxxtentacion-SAD.flac?rlkey=d9by6z723fsckcbejw8v6ugbc&dl=0
2025-12-24 22:25:05,746 - rd_automator - INFO - Unrestricting link: https://www.dropbox.com/scl/fi/a27ywuaptooi2pili42to/Xxxtentacion-SAD.flac?rlkey=d9by6z723fsckcbejw8v6ugbc&dl=0
2025-12-24 22:25:07,748 - rd_automator - INFO - Unrestrict successful! Download ID: QVFLV2MD2BFS632
2025-12-24 22:25:07,748 - rd_automator - INFO - Saved link to unrestricted_links.txt
2025-12-24 22:25:07,749 - rd_automator - INFO - Cleaning up Dropbox to save space...
2025-12-24 22:25:07,749 - rd_automator.uploader - INFO - Using Dropbox Refresh Token authentication.
2025-12-24 22:25:07,749 - rd_automator.uploader - INFO - Deleting /Xxxtentacion - SAD.flac from Dropbox...
2025-12-24 22:25:07,749 - dropbox - INFO - Refreshing access token.
2025-12-24 22:25:08,154 - dropbox - INFO - Request to files/delete_v2
2025-12-24 22:25:08,724 - rd_automator.uploader - INFO - Dropbox file deleted successfully.
2025-12-24 22:25:17,651 - rd_automator - INFO - Processing item: C:\Users\itsme\Desktop\download and auto\watch_folder\Katy Perry - bandaids.flac (Mode: hoster)
2025-12-24 22:25:17,651 - rd_automator.uploader - INFO - Using Dropbox Refresh Token authentication.
2025-12-24 22:25:17,652 - rd_automator.uploader - INFO - Uploading Katy Perry - bandaids.flac to Dropbox (42.82 MB)...
2025-12-24 22:25:17,665 - dropbox - INFO - Refreshing access token.
2025-12-24 22:25:18,056 - dropbox - INFO - Request to files/upload
2025-12-24 22:25:20,645 - rd_automator.watcher - INFO - Detected new file: C:\Users\itsme\Desktop\download and auto\watch_folder\Eagles - Hotel California 2013 Remaster.flac
2025-12-24 22:25:20,645 - rd_automator - INFO - Waiting for file stability: C:\Users\itsme\Desktop\download and auto\watch_folder\Eagles - Hotel California 2013 Remaster.flac
2025-12-24 22:25:21,604 - rd_automator.uploader - INFO - Dropbox Upload finished.
2025-12-24 22:25:21,605 - dropbox - INFO - Request to sharing/list_shared_links
2025-12-24 22:25:22,011 - dropbox - INFO - Request to sharing/create_shared_link_with_settings
2025-12-24 22:25:22,811 - rd_automator.uploader - INFO - Dropbox Link: https://www.dropbox.com/scl/fi/q81zn0k6cqnmek851mpju/Katy-Perry-bandaids.flac?rlkey=oknt9ztitil2qp5mdmpacsrhj&dl=0
2025-12-24 22:25:22,811 - rd_automator - INFO - Unrestricting link: https://www.dropbox.com/scl/fi/q81zn0k6cqnmek851mpju/Katy-Perry-bandaids.flac?rlkey=oknt9ztitil2qp5mdmpacsrhj&dl=0
2025-12-24 22:25:24,908 - rd_automator - INFO - Unrestrict successful! Download ID: 2CZOVSVNK4HZU32
2025-12-24 22:25:24,909 - rd_automator - INFO - Saved link to unrestricted_links.txt
2025-12-24 22:25:24,909 - rd_automator - INFO - Cleaning up Dropbox to save space...
2025-12-24 22:25:24,909 - rd_automator.uploader - INFO - Using Dropbox Refresh Token authentication.
2025-12-24 22:25:24,910 - rd_automator.uploader - INFO - Deleting /Katy Perry - bandaids.flac from Dropbox...
2025-12-24 22:25:24,910 - dropbox - INFO - Refreshing access token.
2025-12-24 22:25:25,276 - dropbox - INFO - Request to files/delete_v2
2025-12-24 22:25:25,820 - rd_automator.uploader - INFO - Dropbox file deleted successfully.
2025-12-24 22:25:32,648 - rd_automator - INFO - Processing item: C:\Users\itsme\Desktop\download and auto\watch_folder\Eagles - Hotel California 2013 Remaster.flac (Mode: hoster)
2025-12-24 22:25:32,649 - rd_automator.uploader - INFO - Using Dropbox Refresh Token authentication.
2025-12-24 22:25:32,649 - rd_automator.uploader - INFO - Uploading Eagles - Hotel California 2013 Remaster.flac to Dropbox (240.68 MB)...
2025-12-24 22:25:32,667 - dropbox - INFO - Refreshing access token.
2025-12-24 22:25:33,018 - dropbox - INFO - Request to files/upload_session/start
2025-12-24 22:25:34,018 - dropbox - INFO - Request to files/upload_session/finish
2025-12-24 22:25:34,629 - rd_automator.watcher - INFO - Detected new file: C:\Users\itsme\Desktop\download and auto\watch_folder\Chip Tha Ripper - Interior Crocodile Alligator.flac
2025-12-24 22:25:34,629 - rd_automator - INFO - Waiting for file stability: C:\Users\itsme\Desktop\download and auto\watch_folder\Chip Tha Ripper - Interior Crocodile Alligator.flac
2025-12-24 22:25:37,658 - dropbox - INFO - Request to files/upload_session/append_v2
2025-12-24 22:25:38,630 - rd_automator - INFO - Processing item: C:\Users\itsme\Desktop\download and auto\watch_folder\Chip Tha Ripper - Interior Crocodile Alligator.flac (Mode: hoster)
2025-12-24 22:25:38,630 - rd_automator.uploader - INFO - Using Dropbox Refresh Token authentication.
2025-12-24 22:25:38,630 - rd_automator.uploader - INFO - Uploading Chip Tha Ripper - Interior Crocodile Alligator.flac to Dropbox (9.12 MB)...
2025-12-24 22:25:38,634 - dropbox - INFO - Refreshing access token.
2025-12-24 22:25:39,016 - dropbox - INFO - Request to files/upload
2025-12-24 22:25:40,364 - rd_automator.watcher - INFO - Detected new file: C:\Users\itsme\Desktop\download and auto\watch_folder\Shankar Mahadevan - Sarakku Vachiruken.flac
2025-12-24 22:25:41,439 - dropbox - INFO - Request to files/upload_session/append_v2
2025-12-24 22:25:41,745 - rd_automator.uploader - INFO - Dropbox Upload finished.
2025-12-24 22:25:41,745 - dropbox - INFO - Request to sharing/list_shared_links
2025-12-24 22:25:42,155 - dropbox - INFO - Request to sharing/create_shared_link_with_settings
2025-12-24 22:25:42,953 - rd_automator.uploader - INFO - Dropbox Link: https://www.dropbox.com/scl/fi/3eh85l1uqf80s85jn03kt/AR-Rahman-Mukkala-Mukkabala-Slap-House-Remix-From-Premikudu.flac?rlkey=t437vcx0hvld4xr7ev7z2tuwb&dl=0
2025-12-24 22:25:42,954 - rd_automator - INFO - Unrestricting link: https://www.dropbox.com/scl/fi/3eh85l1uqf80s85jn03kt/AR-Rahman-Mukkala-Mukkabala-Slap-House-Remix-From-Premikudu.flac?rlkey=t437vcx0hvld4xr7ev7z2tuwb&dl=0
2025-12-24 22:25:43,889 - rd_automator.uploader - INFO - Dropbox Upload finished.
2025-12-24 22:25:43,889 - dropbox - INFO - Request to sharing/list_shared_links
2025-12-24 22:25:44,322 - dropbox - INFO - Request to sharing/create_shared_link_with_settings
2025-12-24 22:25:44,936 - dropbox - INFO - Request to files/upload_session/finish
2025-12-24 22:25:45,129 - rd_automator.uploader - INFO - Dropbox Link: https://www.dropbox.com/scl/fi/7408io4nfrongmxfg1r3t/Chip-Tha-Ripper-Interior-Crocodile-Alligator.flac?rlkey=qp7z88lgyv1hbrmgtjt2a19he&dl=0
2025-12-24 22:25:45,130 - rd_automator - INFO - Unrestricting link: https://www.dropbox.com/scl/fi/7408io4nfrongmxfg1r3t/Chip-Tha-Ripper-Interior-Crocodile-Alligator.flac?rlkey=qp7z88lgyv1hbrmgtjt2a19he&dl=0
2025-12-24 22:25:45,213 - rd_automator - INFO - Unrestrict successful! Download ID: LX7D3QJAZNFGU32
2025-12-24 22:25:45,214 - rd_automator - INFO - Saved link to unrestricted_links.txt
2025-12-24 22:25:45,214 - rd_automator - INFO - Cleaning up Dropbox to save space...
2025-12-24 22:25:45,214 - rd_automator.uploader - INFO - Using Dropbox Refresh Token authentication.
2025-12-24 22:25:45,214 - rd_automator.uploader - INFO - Deleting /AR Rahman - Mukkala Mukkabala Slap House Remix From Premikudu.flac from Dropbox...
2025-12-24 22:25:45,214 - dropbox - INFO - Refreshing access token.
2025-12-24 22:25:45,638 - dropbox - INFO - Request to files/delete_v2
2025-12-24 22:25:46,213 - rd_automator.uploader - INFO - Dropbox file deleted successfully.
2025-12-24 22:25:46,214 - rd_automator - INFO - Waiting for file stability: C:\Users\itsme\Desktop\download and auto\watch_folder\Shankar Mahadevan - Sarakku Vachiruken.flac
2025-12-24 22:25:47,244 - rd_automator - INFO - Unrestrict successful! Download ID: H6WVSI42JRUBM32
2025-12-24 22:25:47,245 - rd_automator - INFO - Saved link to unrestricted_links.txt
2025-12-24 22:25:47,245 - rd_automator - INFO - Cleaning up Dropbox to save space...
2025-12-24 22:25:47,245 - rd_automator.uploader - INFO - Using Dropbox Refresh Token authentication.
2025-12-24 22:25:47,246 - rd_automator.uploader - INFO - Deleting /Chip Tha Ripper - Interior Crocodile Alligator.flac from Dropbox...
2025-12-24 22:25:47,246 - dropbox - INFO - Refreshing access token.
2025-12-24 22:25:47,635 - dropbox - INFO - Request to files/delete_v2
2025-12-24 22:25:47,978 - rd_automator.uploader - INFO - Dropbox Upload finished.
2025-12-24 22:25:47,978 - dropbox - INFO - Request to sharing/list_shared_links
2025-12-24 22:25:48,198 - rd_automator.uploader - INFO - Dropbox file deleted successfully.
2025-12-24 22:25:48,214 - rd_automator - INFO - Processing item: C:\Users\itsme\Desktop\download and auto\watch_folder\Shankar Mahadevan - Sarakku Vachiruken.flac (Mode: hoster)
2025-12-24 22:25:48,214 - rd_automator.uploader - INFO - Using Dropbox Refresh Token authentication.
2025-12-24 22:25:48,215 - rd_automator.uploader - INFO - Uploading Shankar Mahadevan - Sarakku Vachiruken.flac to Dropbox (30.73 MB)...
2025-12-24 22:25:48,223 - dropbox - INFO - Refreshing access token.
2025-12-24 22:25:48,335 - rd_automator.watcher - INFO - Detected new file: C:\Users\itsme\Desktop\download and auto\watch_folder\Shaan Rahman - Kudukku.flac
2025-12-24 22:25:48,336 - rd_automator - INFO - Waiting for file stability: C:\Users\itsme\Desktop\download and auto\watch_folder\Shaan Rahman - Kudukku.flac
2025-12-24 22:25:48,400 - dropbox - INFO - Request to sharing/create_shared_link_with_settings
2025-12-24 22:25:48,619 - dropbox - INFO - Request to files/upload
2025-12-24 22:25:49,220 - rd_automator.uploader - INFO - Dropbox Link: https://www.dropbox.com/scl/fi/to5kjodrlbj4fpwmyreag/Eagles-Hotel-California-2013-Remaster.flac?rlkey=ljpenik5rd3v1gju1i9gazzs2&dl=0
2025-12-24 22:25:49,221 - rd_automator - INFO - Unrestricting link: https://www.dropbox.com/scl/fi/to5kjodrlbj4fpwmyreag/Eagles-Hotel-California-2013-Remaster.flac?rlkey=ljpenik5rd3v1gju1i9gazzs2&dl=0
2025-12-24 22:25:51,625 - rd_automator.uploader - INFO - Dropbox Upload finished.
2025-12-24 22:25:51,625 - dropbox - INFO - Request to sharing/list_shared_links
2025-12-24 22:25:51,945 - rd_automator - INFO - Unrestrict successful! Download ID: UIFDBDPAY44UU32
2025-12-24 22:25:51,946 - rd_automator - INFO - Saved link to unrestricted_links.txt
2025-12-24 22:25:51,946 - rd_automator - INFO - Cleaning up Dropbox to save space...
2025-12-24 22:25:51,946 - rd_automator.uploader - INFO - Using Dropbox Refresh Token authentication.
2025-12-24 22:25:51,946 - rd_automator.uploader - INFO - Deleting /Eagles - Hotel California 2013 Remaster.flac from Dropbox...
2025-12-24 22:25:51,946 - dropbox - INFO - Refreshing access token.
2025-12-24 22:25:52,055 - dropbox - INFO - Request to sharing/create_shared_link_with_settings
2025-12-24 22:25:52,721 - dropbox - INFO - Request to files/delete_v2
2025-12-24 22:25:52,885 - rd_automator.uploader - INFO - Dropbox Link: https://www.dropbox.com/scl/fi/3tip4965z68w269pkcszs/Shankar-Mahadevan-Sarakku-Vachiruken.flac?rlkey=y6hiombwlr79q3at0si6h9lmz&dl=0
2025-12-24 22:25:52,886 - rd_automator - INFO - Unrestricting link: https://www.dropbox.com/scl/fi/3tip4965z68w269pkcszs/Shankar-Mahadevan-Sarakku-Vachiruken.flac?rlkey=y6hiombwlr79q3at0si6h9lmz&dl=0
2025-12-24 22:25:53,381 - rd_automator.uploader - INFO - Dropbox file deleted successfully.
2025-12-24 22:25:54,936 - rd_automator - INFO - Unrestrict successful! Download ID: 2XWOJ4NPYRDIQ32
2025-12-24 22:25:54,937 - rd_automator - INFO - Saved link to unrestricted_links.txt
2025-12-24 22:25:54,937 - rd_automator - INFO - Cleaning up Dropbox to save space...
2025-12-24 22:25:54,937 - rd_automator.uploader - INFO - Using Dropbox Refresh Token authentication.
2025-12-24 22:25:54,937 - rd_automator.uploader - INFO - Deleting /Shankar Mahadevan - Sarakku Vachiruken.flac from Dropbox...
2025-12-24 22:25:54,937 - dropbox - INFO - Refreshing access token.
2025-12-24 22:25:55,343 - dropbox - INFO - Request to files/delete_v2
2025-12-24 22:25:55,926 - rd_automator.uploader - INFO - Dropbox file deleted successfully.
2025-12-24 22:25:56,338 - rd_automator - INFO - Processing item: C:\Users\itsme\Desktop\download and auto\watch_folder\Shaan Rahman - Kudukku.flac (Mode: hoster)
2025-12-24 22:25:56,338 - rd_automator.uploader - INFO - Using Dropbox Refresh Token authentication.
2025-12-24 22:25:56,339 - rd_automator.uploader - INFO - Uploading Shaan Rahman - Kudukku.flac to Dropbox (16.96 MB)...
2025-12-24 22:25:56,344 - dropbox - INFO - Refreshing access token.
2025-12-24 22:25:56,694 - dropbox - INFO - Request to files/upload
2025-12-24 22:25:58,445 - rd_automator.watcher - INFO - Detected new file: C:\Users\itsme\Desktop\download and auto\watch_folder\Shaan Rahman - Entammede Jimikki Kammal.flac
2025-12-24 22:25:58,445 - rd_automator - INFO - Waiting for file stability: C:\Users\itsme\Desktop\download and auto\watch_folder\Shaan Rahman - Entammede Jimikki Kammal.flac
2025-12-24 22:25:59,102 - rd_automator.uploader - INFO - Dropbox Upload finished.
2025-12-24 22:25:59,102 - dropbox - INFO - Request to sharing/list_shared_links
2025-12-24 22:25:59,496 - dropbox - INFO - Request to sharing/create_shared_link_with_settings
2025-12-24 22:26:00,219 - rd_automator.uploader - INFO - Dropbox Link: https://www.dropbox.com/scl/fi/i3mr09g5evmpa9dvk47vr/Shaan-Rahman-Kudukku.flac?rlkey=on0h3he1rgwa1nofwvfnvcitg&dl=0
2025-12-24 22:26:00,220 - rd_automator - INFO - Unrestricting link: https://www.dropbox.com/scl/fi/i3mr09g5evmpa9dvk47vr/Shaan-Rahman-Kudukku.flac?rlkey=on0h3he1rgwa1nofwvfnvcitg&dl=0
2025-12-24 22:26:02,091 - rd_automator - INFO - Unrestrict successful! Download ID: L45HNQ6E5YLIS32
2025-12-24 22:26:02,092 - rd_automator - INFO - Saved link to unrestricted_links.txt
2025-12-24 22:26:02,092 - rd_automator - INFO - Cleaning up Dropbox to save space...
2025-12-24 22:26:02,092 - rd_automator.uploader - INFO - Using Dropbox Refresh Token authentication.
2025-12-24 22:26:02,093 - rd_automator.uploader - INFO - Deleting /Shaan Rahman - Kudukku.flac from Dropbox...
2025-12-24 22:26:02,093 - dropbox - INFO - Refreshing access token.
2025-12-24 22:26:02,474 - dropbox - INFO - Request to files/delete_v2
2025-12-24 22:26:03,037 - rd_automator.uploader - INFO - Dropbox file deleted successfully.
2025-12-24 22:26:04,446 - rd_automator - INFO - Processing item: C:\Users\itsme\Desktop\download and auto\watch_folder\Shaan Rahman - Entammede Jimikki Kammal.flac (Mode: hoster)
2025-12-24 22:26:04,446 - rd_automator.uploader - INFO - Using Dropbox Refresh Token authentication.
2025-12-24 22:26:04,447 - rd_automator.uploader - INFO - Uploading Shaan Rahman - Entammede Jimikki Kammal.flac to Dropbox (20.46 MB)...
2025-12-24 22:26:04,452 - dropbox - INFO - Refreshing access token.
2025-12-24 22:26:04,807 - dropbox - INFO - Request to files/upload
2025-12-24 22:26:06,533 - rd_automator.watcher - INFO - Detected new file: C:\Users\itsme\Desktop\download and auto\watch_folder\Anirudh Ravichander - Marana Mass From Petta.flac
2025-12-24 22:26:06,534 - rd_automator - INFO - Waiting for file stability: C:\Users\itsme\Desktop\download and auto\watch_folder\Anirudh Ravichander - Marana Mass From Petta.flac
2025-12-24 22:26:06,817 - rd_automator.uploader - INFO - Dropbox Upload finished.
2025-12-24 22:26:06,817 - dropbox - INFO - Request to sharing/list_shared_links
2025-12-24 22:26:07,223 - dropbox - INFO - Request to sharing/create_shared_link_with_settings
2025-12-24 22:26:07,972 - rd_automator.uploader - INFO - Dropbox Link: https://www.dropbox.com/scl/fi/muz6vzv0zxb2mp8v5dvke/Shaan-Rahman-Entammede-Jimikki-Kammal.flac?rlkey=x2rj4252gh27ihz5t5zubfjch&dl=0
2025-12-24 22:26:07,973 - rd_automator - INFO - Unrestricting link: https://www.dropbox.com/scl/fi/muz6vzv0zxb2mp8v5dvke/Shaan-Rahman-Entammede-Jimikki-Kammal.flac?rlkey=x2rj4252gh27ihz5t5zubfjch&dl=0
2025-12-24 22:26:11,934 - rd_automator - INFO - Unrestrict successful! Download ID: LYZ3CSX4FRT5432
2025-12-24 22:26:11,934 - rd_automator - INFO - Saved link to unrestricted_links.txt
2025-12-24 22:26:11,935 - rd_automator - INFO - Cleaning up Dropbox to save space...
2025-12-24 22:26:11,935 - rd_automator.uploader - INFO - Using Dropbox Refresh Token authentication.
2025-12-24 22:26:11,935 - rd_automator.uploader - INFO - Deleting /Shaan Rahman - Entammede Jimikki Kammal.flac from Dropbox...
2025-12-24 22:26:11,935 - dropbox - INFO - Refreshing access token.
2025-12-24 22:26:12,332 - dropbox - INFO - Request to files/delete_v2
2025-12-24 22:26:12,956 - rd_automator.uploader - INFO - Dropbox file deleted successfully.
2025-12-24 22:26:24,540 - rd_automator - INFO - Processing item: C:\Users\itsme\Desktop\download and auto\watch_folder\Anirudh Ravichander - Marana Mass From Petta.flac (Mode: hoster)
2025-12-24 22:26:24,541 - rd_automator.uploader - INFO - Using Dropbox Refresh Token authentication.
2025-12-24 22:26:24,541 - rd_automator.uploader - INFO - Uploading Anirudh Ravichander - Marana Mass From Petta.flac to Dropbox (78.88 MB)...
2025-12-24 22:26:24,559 - dropbox - INFO - Refreshing access token.
2025-12-24 22:26:24,988 - dropbox - INFO - Request to files/upload_session/start
2025-12-24 22:26:25,357 - rd_automator.watcher - INFO - Detected new file: C:\Users\itsme\Desktop\download and auto\watch_folder\S P Balasubrahmanyam - Adi Rakkamma From Thalapathi.flac
2025-12-24 22:26:25,358 - rd_automator - INFO - Waiting for file stability: C:\Users\itsme\Desktop\download and auto\watch_folder\S P Balasubrahmanyam - Adi Rakkamma From Thalapathi.flac
2025-12-24 22:26:29,290 - dropbox - INFO - Request to files/upload_session/finish
2025-12-24 22:26:30,901 - rd_automator.uploader - INFO - Dropbox Upload finished.
2025-12-24 22:26:30,901 - dropbox - INFO - Request to sharing/list_shared_links
2025-12-24 22:26:31,362 - dropbox - INFO - Request to sharing/create_shared_link_with_settings
2025-12-24 22:26:32,165 - rd_automator.uploader - INFO - Dropbox Link: https://www.dropbox.com/scl/fi/ast2gc6a9ajmwm3akwqtp/Anirudh-Ravichander-Marana-Mass-From-Petta.flac?rlkey=z4icvqjzlqmugack1eqkqdzyc&dl=0
2025-12-24 22:26:32,165 - rd_automator - INFO - Unrestricting link: https://www.dropbox.com/scl/fi/ast2gc6a9ajmwm3akwqtp/Anirudh-Ravichander-Marana-Mass-From-Petta.flac?rlkey=z4icvqjzlqmugack1eqkqdzyc&dl=0
2025-12-24 22:26:33,360 - rd_automator - INFO - Processing item: C:\Users\itsme\Desktop\download and auto\watch_folder\S P Balasubrahmanyam - Adi Rakkamma From Thalapathi.flac (Mode: hoster)
2025-12-24 22:26:33,360 - rd_automator.uploader - INFO - Using Dropbox Refresh Token authentication.
2025-12-24 22:26:33,361 - rd_automator.uploader - INFO - Uploading S P Balasubrahmanyam - Adi Rakkamma From Thalapathi.flac to Dropbox (42.36 MB)...
2025-12-24 22:26:33,372 - dropbox - INFO - Refreshing access token.
2025-12-24 22:26:33,616 - rd_automator.watcher - INFO - Detected new file: C:\Users\itsme\Desktop\download and auto\watch_folder\S P Balasubrahmanyam - Style-U Style-U Dhaan Idhu Super From Baasha Tamil.flac
2025-12-24 22:26:33,616 - rd_automator - INFO - Waiting for file stability: C:\Users\itsme\Desktop\download and auto\watch_folder\S P Balasubrahmanyam - Style-U Style-U Dhaan Idhu Super From Baasha Tamil.flac
2025-12-24 22:26:33,730 - dropbox - INFO - Request to files/upload
2025-12-24 22:26:34,396 - rd_automator - INFO - Unrestrict successful! Download ID: TRQCCK6QT26QY32
2025-12-24 22:26:34,397 - rd_automator - INFO - Saved link to unrestricted_links.txt
2025-12-24 22:26:34,397 - rd_automator - INFO - Cleaning up Dropbox to save space...
2025-12-24 22:26:34,397 - rd_automator.uploader - INFO - Using Dropbox Refresh Token authentication.
2025-12-24 22:26:34,397 - rd_automator.uploader - INFO - Deleting /Anirudh Ravichander - Marana Mass From Petta.flac from Dropbox...
2025-12-24 22:26:34,397 - dropbox - INFO - Refreshing access token.
2025-12-24 22:26:35,954 - dropbox - INFO - Request to files/delete_v2
2025-12-24 22:26:36,570 - rd_automator.uploader - INFO - Dropbox file deleted successfully.
2025-12-24 22:26:37,126 - rd_automator.uploader - INFO - Dropbox Upload finished.
2025-12-24 22:26:37,126 - dropbox - INFO - Request to sharing/list_shared_links
2025-12-24 22:26:37,515 - dropbox - INFO - Request to sharing/create_shared_link_with_settings
2025-12-24 22:26:38,263 - rd_automator.uploader - INFO - Dropbox Link: https://www.dropbox.com/scl/fi/f13xo6n47wkfdiqk20agn/S-P-Balasubrahmanyam-Adi-Rakkamma-From-Thalapathi.flac?rlkey=z9lvaq63za63eo07at3fvuw7z&dl=0
2025-12-24 22:26:38,264 - rd_automator - INFO - Unrestricting link: https://www.dropbox.com/scl/fi/f13xo6n47wkfdiqk20agn/S-P-Balasubrahmanyam-Adi-Rakkamma-From-Thalapathi.flac?rlkey=z9lvaq63za63eo07at3fvuw7z&dl=0
2025-12-24 22:26:39,617 - rd_automator - INFO - Processing item: C:\Users\itsme\Desktop\download and auto\watch_folder\S P Balasubrahmanyam - Style-U Style-U Dhaan Idhu Super From Baasha Tamil.flac (Mode: hoster)
2025-12-24 22:26:39,618 - rd_automator.uploader - INFO - Using Dropbox Refresh Token authentication.
2025-12-24 22:26:39,618 - rd_automator.uploader - INFO - Uploading S P Balasubrahmanyam - Style-U Style-U Dhaan Idhu Super From Baasha Tamil.flac to Dropbox (32.55 MB)...
2025-12-24 22:26:39,629 - dropbox - INFO - Refreshing access token.
2025-12-24 22:26:39,984 - dropbox - INFO - Request to files/upload
2025-12-24 22:26:41,661 - rd_automator.watcher - INFO - Detected new file: C:\Users\itsme\Desktop\download and auto\watch_folder\S P Balasubrahmanyam - Naa Autokaran Autokaran.flac
2025-12-24 22:26:41,661 - rd_automator - INFO - Waiting for file stability: C:\Users\itsme\Desktop\download and auto\watch_folder\S P Balasubrahmanyam - Naa Autokaran Autokaran.flac
2025-12-24 22:26:42,119 - rd_automator - INFO - Unrestrict successful! Download ID: FEEWIDRSXARNK32
2025-12-24 22:26:42,120 - rd_automator - INFO - Saved link to unrestricted_links.txt
2025-12-24 22:26:42,120 - rd_automator - INFO - Cleaning up Dropbox to save space...
2025-12-24 22:26:42,120 - rd_automator.uploader - INFO - Using Dropbox Refresh Token authentication.
2025-12-24 22:26:42,120 - rd_automator.uploader - INFO - Deleting /S P Balasubrahmanyam - Adi Rakkamma From Thalapathi.flac from Dropbox...
2025-12-24 22:26:42,120 - dropbox - INFO - Refreshing access token.
2025-12-24 22:26:42,855 - dropbox - INFO - Request to files/delete_v2
2025-12-24 22:26:43,331 - rd_automator.uploader - INFO - Dropbox Upload finished.
2025-12-24 22:26:43,331 - dropbox - INFO - Request to sharing/list_shared_links
2025-12-24 22:26:43,403 - rd_automator.uploader - INFO - Dropbox file deleted successfully.
2025-12-24 22:26:43,721 - dropbox - INFO - Request to sharing/create_shared_link_with_settings
2025-12-24 22:26:44,501 - rd_automator.uploader - INFO - Dropbox Link: https://www.dropbox.com/scl/fi/xj0dqofdrjygfjy54tdcw/S-P-Balasubrahmanyam-Style-U-Style-U-Dhaan-Idhu-Super-From-Baasha-Tamil.flac?rlkey=fkmxhneawjj2qpa0r1ne7oknp&dl=0
2025-12-24 22:26:44,501 - rd_automator - INFO - Unrestricting link: https://www.dropbox.com/scl/fi/xj0dqofdrjygfjy54tdcw/S-P-Balasubrahmanyam-Style-U-Style-U-Dhaan-Idhu-Super-From-Baasha-Tamil.flac?rlkey=fkmxhneawjj2qpa0r1ne7oknp&dl=0
2025-12-24 22:26:46,416 - rd_automator - INFO - Unrestrict successful! Download ID: OULF25Y7D7YQ640
2025-12-24 22:26:46,416 - rd_automator - INFO - Saved link to unrestricted_links.txt
2025-12-24 22:26:46,417 - rd_automator - INFO - Cleaning up Dropbox to save space...
2025-12-24 22:26:46,417 - rd_automator.uploader - INFO - Using Dropbox Refresh Token authentication.
2025-12-24 22:26:46,417 - rd_automator.uploader - INFO - Deleting /S P Balasubrahmanyam - Style-U Style-U Dhaan Idhu Super From Baasha Tamil.flac from Dropbox...
2025-12-24 22:26:46,417 - dropbox - INFO - Refreshing access token.
2025-12-24 22:26:47,804 - dropbox - INFO - Request to files/delete_v2
2025-12-24 22:26:48,349 - rd_automator.uploader - INFO - Dropbox file deleted successfully.
2025-12-24 22:26:49,664 - rd_automator - INFO - Processing item: C:\Users\itsme\Desktop\download and auto\watch_folder\S P Balasubrahmanyam - Naa Autokaran Autokaran.flac (Mode: hoster)
2025-12-24 22:26:49,664 - rd_automator.uploader - INFO - Using Dropbox Refresh Token authentication.
2025-12-24 22:26:49,665 - rd_automator.uploader - INFO - Uploading S P Balasubrahmanyam - Naa Autokaran Autokaran.flac to Dropbox (65.87 MB)...
2025-12-24 22:26:49,707 - dropbox - INFO - Refreshing access token.
2025-12-24 22:26:50,134 - dropbox - INFO - Request to files/upload_session/start
2025-12-24 22:26:51,296 - rd_automator.watcher - INFO - Detected new file: C:\Users\itsme\Desktop\download and auto\watch_folder\S P Balasubrahmanyam - Azhagu Azhagu Nee Nadanthal.flac
2025-12-24 22:26:51,297 - rd_automator - INFO - Waiting for file stability: C:\Users\itsme\Desktop\download and auto\watch_folder\S P Balasubrahmanyam - Azhagu Azhagu Nee Nadanthal.flac
2025-12-24 22:26:54,219 - dropbox - INFO - Request to files/upload_session/finish
2025-12-24 22:26:56,476 - rd_automator.uploader - INFO - Dropbox Upload finished.
2025-12-24 22:26:56,476 - dropbox - INFO - Request to sharing/list_shared_links
2025-12-24 22:26:56,916 - dropbox - INFO - Request to sharing/create_shared_link_with_settings
2025-12-24 22:26:57,753 - rd_automator.uploader - INFO - Dropbox Link: https://www.dropbox.com/scl/fi/0qevmh6a91xvnsh9tewkj/S-P-Balasubrahmanyam-Naa-Autokaran-Autokaran.flac?rlkey=sqhd12hl9zfwuqs6let5wlcag&dl=0
2025-12-24 22:26:57,753 - rd_automator - INFO - Unrestricting link: https://www.dropbox.com/scl/fi/0qevmh6a91xvnsh9tewkj/S-P-Balasubrahmanyam-Naa-Autokaran-Autokaran.flac?rlkey=sqhd12hl9zfwuqs6let5wlcag&dl=0
2025-12-24 22:26:59,299 - rd_automator - INFO - Processing item: C:\Users\itsme\Desktop\download and auto\watch_folder\S P Balasubrahmanyam - Azhagu Azhagu Nee Nadanthal.flac (Mode: hoster)
2025-12-24 22:26:59,300 - rd_automator.uploader - INFO - Using Dropbox Refresh Token authentication.
2025-12-24 22:26:59,300 - rd_automator.uploader - INFO - Uploading S P Balasubrahmanyam - Azhagu Azhagu Nee Nadanthal.flac to Dropbox (59.77 MB)...
2025-12-24 22:26:59,329 - dropbox - INFO - Refreshing access token.
2025-12-24 22:26:59,745 - dropbox - INFO - Request to files/upload
2025-12-24 22:26:59,802 - rd_automator.watcher - INFO - Detected new file: C:\Users\itsme\Desktop\download and auto\watch_folder\Deva - Athanda Ithanda.flac
2025-12-24 22:26:59,802 - rd_automator - INFO - Waiting for file stability: C:\Users\itsme\Desktop\download and auto\watch_folder\Deva - Athanda Ithanda.flac
2025-12-24 22:26:59,991 - rd_automator - INFO - Unrestrict successful! Download ID: UPPZ4AAUWPCEI32
2025-12-24 22:26:59,992 - rd_automator - INFO - Saved link to unrestricted_links.txt
2025-12-24 22:26:59,992 - rd_automator - INFO - Cleaning up Dropbox to save space...
2025-12-24 22:26:59,992 - rd_automator.uploader - INFO - Using Dropbox Refresh Token authentication.
2025-12-24 22:26:59,992 - rd_automator.uploader - INFO - Deleting /S P Balasubrahmanyam - Naa Autokaran Autokaran.flac from Dropbox...
2025-12-24 22:26:59,993 - dropbox - INFO - Refreshing access token.
2025-12-24 22:27:00,364 - dropbox - INFO - Request to files/delete_v2
2025-12-24 22:27:00,907 - rd_automator.uploader - INFO - Dropbox file deleted successfully.
2025-12-24 22:27:03,541 - rd_automator.uploader - INFO - Dropbox Upload finished.
2025-12-24 22:27:03,541 - dropbox - INFO - Request to sharing/list_shared_links
2025-12-24 22:27:03,939 - dropbox - INFO - Request to sharing/create_shared_link_with_settings
2025-12-24 22:27:04,923 - rd_automator.uploader - INFO - Dropbox Link: https://www.dropbox.com/scl/fi/u55z1wj9bkmzzqkrn6reu/S-P-Balasubrahmanyam-Azhagu-Azhagu-Nee-Nadanthal.flac?rlkey=ld6jtrvfzg8fd0b0pb0bl2ibd&dl=0
2025-12-24 22:27:04,923 - rd_automator - INFO - Unrestricting link: https://www.dropbox.com/scl/fi/u55z1wj9bkmzzqkrn6reu/S-P-Balasubrahmanyam-Azhagu-Azhagu-Nee-Nadanthal.flac?rlkey=ld6jtrvfzg8fd0b0pb0bl2ibd&dl=0
2025-12-24 22:27:05,804 - rd_automator - INFO - Processing item: C:\Users\itsme\Desktop\download and auto\watch_folder\Deva - Athanda Ithanda.flac (Mode: hoster)
2025-12-24 22:27:05,805 - rd_automator.uploader - INFO - Using Dropbox Refresh Token authentication.
2025-12-24 22:27:05,805 - rd_automator.uploader - INFO - Uploading Deva - Athanda Ithanda.flac to Dropbox (32.69 MB)...
2025-12-24 22:27:05,818 - dropbox - INFO - Refreshing access token.
2025-12-24 22:27:06,230 - dropbox - INFO - Request to files/upload
2025-12-24 22:27:07,111 - rd_automator - INFO - Unrestrict successful! Download ID: HIVBYRCQ5GQY432
2025-12-24 22:27:07,112 - rd_automator - INFO - Saved link to unrestricted_links.txt
2025-12-24 22:27:07,112 - rd_automator - INFO - Cleaning up Dropbox to save space...
2025-12-24 22:27:07,112 - rd_automator.uploader - INFO - Using Dropbox Refresh Token authentication.
2025-12-24 22:27:07,112 - rd_automator.uploader - INFO - Deleting /S P Balasubrahmanyam - Azhagu Azhagu Nee Nadanthal.flac from Dropbox...
2025-12-24 22:27:07,113 - dropbox - INFO - Refreshing access token.
2025-12-24 22:27:08,193 - rd_automator.watcher - INFO - Detected new file: C:\Users\itsme\Desktop\download and auto\watch_folder\AR Rahman feat Hariharan  Madhushree - Wahji Wahji.flac
2025-12-24 22:27:08,193 - rd_automator - INFO - Waiting for file stability: C:\Users\itsme\Desktop\download and auto\watch_folder\AR Rahman feat Hariharan  Madhushree - Wahji Wahji.flac
2025-12-24 22:27:08,493 - dropbox - INFO - Request to files/delete_v2
2025-12-24 22:27:09,178 - rd_automator.uploader - INFO - Dropbox file deleted successfully.
2025-12-24 22:27:09,213 - rd_automator.uploader - INFO - Dropbox Upload finished.
2025-12-24 22:27:09,214 - dropbox - INFO - Request to sharing/list_shared_links
2025-12-24 22:27:09,655 - dropbox - INFO - Request to sharing/create_shared_link_with_settings
2025-12-24 22:27:10,413 - rd_automator.uploader - INFO - Dropbox Link: https://www.dropbox.com/scl/fi/hyj2z8x4rrioopyupun66/Deva-Athanda-Ithanda.flac?rlkey=91phbilxxz2lkj0izkw1u9rcj&dl=0
2025-12-24 22:27:10,413 - rd_automator - INFO - Unrestricting link: https://www.dropbox.com/scl/fi/hyj2z8x4rrioopyupun66/Deva-Athanda-Ithanda.flac?rlkey=91phbilxxz2lkj0izkw1u9rcj&dl=0
2025-12-24 22:27:12,634 - rd_automator - INFO - Unrestrict successful! Download ID: QLH3YHVC3KZHK32
2025-12-24 22:27:12,635 - rd_automator - INFO - Saved link to unrestricted_links.txt
2025-12-24 22:27:12,635 - rd_automator - INFO - Cleaning up Dropbox to save space...
2025-12-24 22:27:12,635 - rd_automator.uploader - INFO - Using Dropbox Refresh Token authentication.
2025-12-24 22:27:12,635 - rd_automator.uploader - INFO - Deleting /Deva - Athanda Ithanda.flac from Dropbox...
2025-12-24 22:27:12,636 - dropbox - INFO - Refreshing access token.
2025-12-24 22:27:13,033 - dropbox - INFO - Request to files/delete_v2
2025-12-24 22:27:13,564 - rd_automator.uploader - INFO - Dropbox file deleted successfully.
2025-12-24 22:27:14,195 - rd_automator - INFO - Processing item: C:\Users\itsme\Desktop\download and auto\watch_folder\AR Rahman feat Hariharan  Madhushree - Wahji Wahji.flac (Mode: hoster)
2025-12-24 22:27:14,196 - rd_automator.uploader - INFO - Using Dropbox Refresh Token authentication.
2025-12-24 22:27:14,196 - rd_automator.uploader - INFO - Uploading AR Rahman feat Hariharan  Madhushree - Wahji Wahji.flac to Dropbox (41.51 MB)...
2025-12-24 22:27:14,218 - dropbox - INFO - Refreshing access token.
2025-12-24 22:27:14,604 - dropbox - INFO - Request to files/upload
2025-12-24 22:27:16,223 - rd_automator.watcher - INFO - Detected new file: C:\Users\itsme\Desktop\download and auto\watch_folder\AR Rahman - Kaadhal Illamale.flac
2025-12-24 22:27:16,223 - rd_automator - INFO - Waiting for file stability: C:\Users\itsme\Desktop\download and auto\watch_folder\AR Rahman - Kaadhal Illamale.flac
2025-12-24 22:27:18,516 - rd_automator.uploader - INFO - Dropbox Upload finished.
2025-12-24 22:27:18,516 - dropbox - INFO - Request to sharing/list_shared_links
2025-12-24 22:27:18,951 - dropbox - INFO - Request to sharing/create_shared_link_with_settings
2025-12-24 22:27:19,730 - rd_automator.uploader - INFO - Dropbox Link: https://www.dropbox.com/scl/fi/uzgidc9imatjymmp1ip38/AR-Rahman-feat-Hariharan-Madhushree-Wahji-Wahji.flac?rlkey=efdi55hq2yc6zr8v0210tma0j&dl=0
2025-12-24 22:27:19,730 - rd_automator - INFO - Unrestricting link: https://www.dropbox.com/scl/fi/uzgidc9imatjymmp1ip38/AR-Rahman-feat-Hariharan-Madhushree-Wahji-Wahji.flac?rlkey=efdi55hq2yc6zr8v0210tma0j&dl=0
2025-12-24 22:27:21,846 - rd_automator - INFO - Unrestrict successful! Download ID: 3BHZH5LOH3SSQ42
2025-12-24 22:27:21,847 - rd_automator - INFO - Saved link to unrestricted_links.txt
2025-12-24 22:27:21,847 - rd_automator - INFO - Cleaning up Dropbox to save space...
2025-12-24 22:27:21,847 - rd_automator.uploader - INFO - Using Dropbox Refresh Token authentication.
2025-12-24 22:27:21,847 - rd_automator.uploader - INFO - Deleting /AR Rahman feat Hariharan  Madhushree - Wahji Wahji.flac from Dropbox...
2025-12-24 22:27:21,847 - dropbox - INFO - Refreshing access token.
2025-12-24 22:27:22,241 - dropbox - INFO - Request to files/delete_v2
2025-12-24 22:27:22,785 - rd_automator.uploader - INFO - Dropbox file deleted successfully.
2025-12-24 22:27:26,226 - rd_automator - INFO - Processing item: C:\Users\itsme\Desktop\download and auto\watch_folder\AR Rahman - Kaadhal Illamale.flac (Mode: hoster)
2025-12-24 22:27:26,226 - rd_automator.uploader - INFO - Using Dropbox Refresh Token authentication.
2025-12-24 22:27:26,227 - rd_automator.uploader - INFO - Uploading AR Rahman - Kaadhal Illamale.flac to Dropbox (97.88 MB)...
2025-12-24 22:27:26,247 - dropbox - INFO - Refreshing access token.
2025-12-24 22:27:26,437 - rd_automator.watcher - INFO - Detected new file: C:\Users\itsme\Desktop\download and auto\watch_folder\DJ Bun - Vetrikodi Kattu Dance Floor.flac
2025-12-24 22:27:26,437 - rd_automator - INFO - Waiting for file stability: C:\Users\itsme\Desktop\download and auto\watch_folder\DJ Bun - Vetrikodi Kattu Dance Floor.flac
2025-12-24 22:27:26,612 - dropbox - INFO - Request to files/upload_session/start
2025-12-24 22:27:30,955 - dropbox - INFO - Request to files/upload_session/finish
2025-12-24 22:27:33,355 - rd_automator.uploader - INFO - Dropbox Upload finished.
2025-12-24 22:27:33,355 - dropbox - INFO - Request to sharing/list_shared_links
2025-12-24 22:27:33,803 - dropbox - INFO - Request to sharing/create_shared_link_with_settings
2025-12-24 22:27:34,563 - rd_automator.uploader - INFO - Dropbox Link: https://www.dropbox.com/scl/fi/z836vnxahdt3126g2226b/AR-Rahman-Kaadhal-Illamale.flac?rlkey=54pye9ahcyu3lwbr4ci1etwn9&dl=0
2025-12-24 22:27:34,569 - rd_automator - INFO - Unrestricting link: https://www.dropbox.com/scl/fi/z836vnxahdt3126g2226b/AR-Rahman-Kaadhal-Illamale.flac?rlkey=54pye9ahcyu3lwbr4ci1etwn9&dl=0
2025-12-24 22:27:38,522 - rd_automator - INFO - Unrestrict successful! Download ID: YZAMOWHUJG3XC32
2025-12-24 22:27:38,523 - rd_automator - INFO - Saved link to unrestricted_links.txt
2025-12-24 22:27:38,523 - rd_automator - INFO - Cleaning up Dropbox to save space...
2025-12-24 22:27:38,523 - rd_automator.uploader - INFO - Using Dropbox Refresh Token authentication.
2025-12-24 22:27:38,523 - rd_automator.uploader - INFO - Deleting /AR Rahman - Kaadhal Illamale.flac from Dropbox...
2025-12-24 22:27:38,523 - dropbox - INFO - Refreshing access token.
2025-12-24 22:27:38,946 - dropbox - INFO - Request to files/delete_v2
2025-12-24 22:27:39,605 - rd_automator.uploader - INFO - Dropbox file deleted successfully.
2025-12-24 22:27:40,441 - rd_automator - INFO - Processing item: C:\Users\itsme\Desktop\download and auto\watch_folder\DJ Bun - Vetrikodi Kattu Dance Floor.flac (Mode: hoster)
2025-12-24 22:27:40,442 - rd_automator.uploader - INFO - Using Dropbox Refresh Token authentication.
2025-12-24 22:27:40,442 - rd_automator.uploader - INFO - Uploading DJ Bun - Vetrikodi Kattu Dance Floor.flac to Dropbox (33.28 MB)...
2025-12-24 22:27:40,452 - dropbox - INFO - Refreshing access token.
2025-12-24 22:27:40,847 - dropbox - INFO - Request to files/upload
2025-12-24 22:27:42,301 - rd_automator.watcher - INFO - Detected new file: C:\Users\itsme\Desktop\download and auto\watch_folder\AR Rahman - Theendai From En Swasa Katre.flac
2025-12-24 22:27:42,302 - rd_automator - INFO - Waiting for file stability: C:\Users\itsme\Desktop\download and auto\watch_folder\AR Rahman - Theendai From En Swasa Katre.flac
2025-12-24 22:27:44,200 - rd_automator.uploader - INFO - Dropbox Upload finished.
2025-12-24 22:27:44,200 - dropbox - INFO - Request to sharing/list_shared_links
2025-12-24 22:27:44,612 - dropbox - INFO - Request to sharing/create_shared_link_with_settings
2025-12-24 22:27:45,345 - rd_automator.uploader - INFO - Dropbox Link: https://www.dropbox.com/scl/fi/37mbx4vcqtmqao0c49jip/DJ-Bun-Vetrikodi-Kattu-Dance-Floor.flac?rlkey=duj8wals56ax181sf04xtbd6h&dl=0
2025-12-24 22:27:45,346 - rd_automator - INFO - Unrestricting link: https://www.dropbox.com/scl/fi/37mbx4vcqtmqao0c49jip/DJ-Bun-Vetrikodi-Kattu-Dance-Floor.flac?rlkey=duj8wals56ax181sf04xtbd6h&dl=0
2025-12-24 22:27:49,321 - rd_automator - INFO - Unrestrict successful! Download ID: O5544GBWJBDF432
2025-12-24 22:27:49,322 - rd_automator - INFO - Saved link to unrestricted_links.txt
2025-12-24 22:27:49,322 - rd_automator - INFO - Cleaning up Dropbox to save space...
2025-12-24 22:27:49,322 - rd_automator.uploader - INFO - Using Dropbox Refresh Token authentication.
2025-12-24 22:27:49,322 - rd_automator.uploader - INFO - Deleting /DJ Bun - Vetrikodi Kattu Dance Floor.flac from Dropbox...
2025-12-24 22:27:49,322 - dropbox - INFO - Refreshing access token.
2025-12-24 22:27:49,729 - dropbox - INFO - Request to files/delete_v2
2025-12-24 22:27:50,264 - rd_automator.uploader - INFO - Dropbox file deleted successfully.
2025-12-24 22:27:50,304 - rd_automator - INFO - Processing item: C:\Users\itsme\Desktop\download and auto\watch_folder\AR Rahman - Theendai From En Swasa Katre.flac (Mode: hoster)
2025-12-24 22:27:50,305 - rd_automator.uploader - INFO - Using Dropbox Refresh Token authentication.
2025-12-24 22:27:50,305 - rd_automator.uploader - INFO - Uploading AR Rahman - Theendai From En Swasa Katre.flac to Dropbox (43.20 MB)...
2025-12-24 22:27:50,322 - dropbox - INFO - Refreshing access token.
2025-12-24 22:27:50,704 - dropbox - INFO - Request to files/upload
2025-12-24 22:27:53,661 - rd_automator.uploader - INFO - Dropbox Upload finished.
2025-12-24 22:27:53,662 - dropbox - INFO - Request to sharing/list_shared_links
2025-12-24 22:27:54,058 - dropbox - INFO - Request to sharing/create_shared_link_with_settings
2025-12-24 22:27:54,411 - rd_automator.watcher - INFO - Detected new file: C:\Users\itsme\Desktop\download and auto\watch_folder\Anirudh Ravichander - Ilamai Thirumbudhe From Petta.flac
2025-12-24 22:27:54,412 - rd_automator - INFO - Waiting for file stability: C:\Users\itsme\Desktop\download and auto\watch_folder\Anirudh Ravichander - Ilamai Thirumbudhe From Petta.flac
2025-12-24 22:27:54,862 - rd_automator.uploader - INFO - Dropbox Link: https://www.dropbox.com/scl/fi/ntkqr44vve4t9fk9fnal5/AR-Rahman-Theendai-From-En-Swasa-Katre.flac?rlkey=po72uaiwl045mfa8jidtidxww&dl=0
2025-12-24 22:27:54,863 - rd_automator - INFO - Unrestricting link: https://www.dropbox.com/scl/fi/ntkqr44vve4t9fk9fnal5/AR-Rahman-Theendai-From-En-Swasa-Katre.flac?rlkey=po72uaiwl045mfa8jidtidxww&dl=0
2025-12-24 22:27:56,964 - rd_automator - INFO - Unrestrict successful! Download ID: ZCASYGBBA53C432
2025-12-24 22:27:56,964 - rd_automator - INFO - Saved link to unrestricted_links.txt
2025-12-24 22:27:56,965 - rd_automator - INFO - Cleaning up Dropbox to save space...
2025-12-24 22:27:56,965 - rd_automator.uploader - INFO - Using Dropbox Refresh Token authentication.
2025-12-24 22:27:56,965 - rd_automator.uploader - INFO - Deleting /AR Rahman - Theendai From En Swasa Katre.flac from Dropbox...
2025-12-24 22:27:56,965 - dropbox - INFO - Refreshing access token.
2025-12-24 22:27:57,320 - dropbox - INFO - Request to files/delete_v2
2025-12-24 22:27:57,872 - rd_automator.uploader - INFO - Dropbox file deleted successfully.
2025-12-24 22:28:00,414 - rd_automator - INFO - Processing item: C:\Users\itsme\Desktop\download and auto\watch_folder\Anirudh Ravichander - Ilamai Thirumbudhe From Petta.flac (Mode: hoster)
2025-12-24 22:28:00,414 - rd_automator.uploader - INFO - Using Dropbox Refresh Token authentication.
2025-12-24 22:28:00,414 - rd_automator.uploader - INFO - Uploading Anirudh Ravichander - Ilamai Thirumbudhe From Petta.flac to Dropbox (22.95 MB)...
2025-12-24 22:28:00,420 - dropbox - INFO - Refreshing access token.
2025-12-24 22:28:00,856 - dropbox - INFO - Request to files/upload
2025-12-24 22:28:05,069 - rd_automator.uploader - INFO - Dropbox Upload finished.
2025-12-24 22:28:05,070 - dropbox - INFO - Request to sharing/list_shared_links
2025-12-24 22:28:05,498 - dropbox - INFO - Request to sharing/create_shared_link_with_settings
2025-12-24 22:28:06,316 - rd_automator.uploader - INFO - Dropbox Link: https://www.dropbox.com/scl/fi/9okl45jn24ttk6jaow10d/Anirudh-Ravichander-Ilamai-Thirumbudhe-From-Petta.flac?rlkey=af302jg1sd6lvrjsatcgonlbp&dl=0
2025-12-24 22:28:06,317 - rd_automator - INFO - Unrestricting link: https://www.dropbox.com/scl/fi/9okl45jn24ttk6jaow10d/Anirudh-Ravichander-Ilamai-Thirumbudhe-From-Petta.flac?rlkey=af302jg1sd6lvrjsatcgonlbp&dl=0
2025-12-24 22:28:08,160 - rd_automator - INFO - Unrestrict successful! Download ID: HVBWATICJXXXC32
2025-12-24 22:28:08,161 - rd_automator - INFO - Saved link to unrestricted_links.txt
2025-12-24 22:28:08,161 - rd_automator - INFO - Cleaning up Dropbox to save space...
2025-12-24 22:28:08,161 - rd_automator.uploader - INFO - Using Dropbox Refresh Token authentication.
2025-12-24 22:28:08,162 - rd_automator.uploader - INFO - Deleting /Anirudh Ravichander - Ilamai Thirumbudhe From Petta.flac from Dropbox...
2025-12-24 22:28:08,162 - dropbox - INFO - Refreshing access token.
2025-12-24 22:28:08,542 - dropbox - INFO - Request to files/delete_v2
2025-12-24 22:28:09,067 - rd_automator.uploader - INFO - Dropbox file deleted successfully.
2025-12-24 22:28:09,696 - rd_automator.watcher - INFO - Detected new file: C:\Users\itsme\Desktop\download and auto\watch_folder\Anirudh Ravichander - Aaha Kalyanam From Petta.flac
2025-12-24 22:28:09,696 - rd_automator - INFO - Waiting for file stability: C:\Users\itsme\Desktop\download and auto\watch_folder\Anirudh Ravichander - Aaha Kalyanam From Petta.flac
2025-12-24 22:28:15,698 - rd_automator - INFO - Processing item: C:\Users\itsme\Desktop\download and auto\watch_folder\Anirudh Ravichander - Aaha Kalyanam From Petta.flac (Mode: hoster)
2025-12-24 22:28:15,698 - rd_automator.uploader - INFO - Using Dropbox Refresh Token authentication.
2025-12-24 22:28:15,699 - rd_automator.uploader - INFO - Uploading Anirudh Ravichander - Aaha Kalyanam From Petta.flac to Dropbox (38.14 MB)...
2025-12-24 22:28:15,710 - dropbox - INFO - Refreshing access token.
2025-12-24 22:28:16,073 - dropbox - INFO - Request to files/upload
2025-12-24 22:28:16,669 - rd_automator.watcher - INFO - Detected new file: C:\Users\itsme\Desktop\download and auto\watch_folder\Anirudh Ravichander - Petta Theme From Petta.flac
2025-12-24 22:28:16,669 - rd_automator - INFO - Waiting for file stability: C:\Users\itsme\Desktop\download and auto\watch_folder\Anirudh Ravichander - Petta Theme From Petta.flac
2025-12-24 22:28:20,670 - rd_automator - INFO - Processing item: C:\Users\itsme\Desktop\download and auto\watch_folder\Anirudh Ravichander - Petta Theme From Petta.flac (Mode: hoster)
2025-12-24 22:28:20,670 - rd_automator.uploader - INFO - Using Dropbox Refresh Token authentication.
2025-12-24 22:28:20,671 - rd_automator.uploader - INFO - Uploading Anirudh Ravichander - Petta Theme From Petta.flac to Dropbox (11.41 MB)...
2025-12-24 22:28:20,675 - dropbox - INFO - Refreshing access token.
2025-12-24 22:28:21,053 - dropbox - INFO - Request to files/upload
2025-12-24 22:28:24,410 - rd_automator.watcher - INFO - Detected new file: C:\Users\itsme\Desktop\download and auto\watch_folder\Anirudh Ravichander - Petta Paraak From Petta.flac
2025-12-24 22:28:24,411 - rd_automator - INFO - Waiting for file stability: C:\Users\itsme\Desktop\download and auto\watch_folder\Anirudh Ravichander - Petta Paraak From Petta.flac
2025-12-24 22:28:25,217 - rd_automator.uploader - INFO - Dropbox Upload finished.
2025-12-24 22:28:25,217 - dropbox - INFO - Request to sharing/list_shared_links
2025-12-24 22:28:25,629 - dropbox - INFO - Request to sharing/create_shared_link_with_settings
2025-12-24 22:28:26,461 - rd_automator.uploader - INFO - Dropbox Link: https://www.dropbox.com/scl/fi/6alv39y4n8kkmqq9o4et2/Anirudh-Ravichander-Petta-Theme-From-Petta.flac?rlkey=9308xljy6ygk61gsox3twr7bm&dl=0
2025-12-24 22:28:26,462 - rd_automator - INFO - Unrestricting link: https://www.dropbox.com/scl/fi/6alv39y4n8kkmqq9o4et2/Anirudh-Ravichander-Petta-Theme-From-Petta.flac?rlkey=9308xljy6ygk61gsox3twr7bm&dl=0
2025-12-24 22:28:29,075 - rd_automator - INFO - Unrestrict successful! Download ID: 7YCH23YQWQAH232
2025-12-24 22:28:29,076 - rd_automator - INFO - Saved link to unrestricted_links.txt
2025-12-24 22:28:29,076 - rd_automator - INFO - Cleaning up Dropbox to save space...
2025-12-24 22:28:29,076 - rd_automator.uploader - INFO - Using Dropbox Refresh Token authentication.
2025-12-24 22:28:29,076 - rd_automator.uploader - INFO - Deleting /Anirudh Ravichander - Petta Theme From Petta.flac from Dropbox...
2025-12-24 22:28:29,076 - dropbox - INFO - Refreshing access token.
2025-12-24 22:28:29,443 - dropbox - INFO - Request to files/delete_v2
2025-12-24 22:28:30,010 - rd_automator.uploader - INFO - Dropbox file deleted successfully.
2025-12-24 22:28:30,412 - rd_automator - INFO - Processing item: C:\Users\itsme\Desktop\download and auto\watch_folder\Anirudh Ravichander - Petta Paraak From Petta.flac (Mode: hoster)
2025-12-24 22:28:30,413 - rd_automator.uploader - INFO - Using Dropbox Refresh Token authentication.
2025-12-24 22:28:30,413 - rd_automator.uploader - INFO - Uploading Anirudh Ravichander - Petta Paraak From Petta.flac to Dropbox (30.35 MB)...
2025-12-24 22:28:30,422 - dropbox - INFO - Refreshing access token.
2025-12-24 22:28:30,792 - dropbox - INFO - Request to files/upload
2025-12-24 22:28:32,436 - rd_automator.watcher - INFO - Detected new file: C:\Users\itsme\Desktop\download and auto\watch_folder\Anirudh Ravichander - Ullaallaa From Petta.flac
2025-12-24 22:28:32,436 - rd_automator - INFO - Waiting for file stability: C:\Users\itsme\Desktop\download and auto\watch_folder\Anirudh Ravichander - Ullaallaa From Petta.flac
2025-12-24 22:28:33,823 - rd_automator.uploader - INFO - Dropbox Upload finished.
2025-12-24 22:28:33,823 - dropbox - INFO - Request to sharing/list_shared_links
2025-12-24 22:28:34,248 - dropbox - INFO - Request to sharing/create_shared_link_with_settings
2025-12-24 22:28:35,020 - rd_automator.uploader - INFO - Dropbox Link: https://www.dropbox.com/scl/fi/3xjvfm31uu7rh7i1kyjnh/Anirudh-Ravichander-Petta-Paraak-From-Petta.flac?rlkey=q0c13z3p1pg7rcf0w8kbip882&dl=0
2025-12-24 22:28:35,020 - rd_automator - INFO - Unrestricting link: https://www.dropbox.com/scl/fi/3xjvfm31uu7rh7i1kyjnh/Anirudh-Ravichander-Petta-Paraak-From-Petta.flac?rlkey=q0c13z3p1pg7rcf0w8kbip882&dl=0
2025-12-24 22:28:36,847 - rd_automator - INFO - Unrestrict successful! Download ID: ZWJ3ZMTNXMCSY32
2025-12-24 22:28:36,847 - rd_automator - INFO - Saved link to unrestricted_links.txt
2025-12-24 22:28:36,848 - rd_automator - INFO - Cleaning up Dropbox to save space...
2025-12-24 22:28:36,848 - rd_automator.uploader - INFO - Using Dropbox Refresh Token authentication.
2025-12-24 22:28:36,848 - rd_automator.uploader - INFO - Deleting /Anirudh Ravichander - Petta Paraak From Petta.flac from Dropbox...
2025-12-24 22:28:36,848 - dropbox - INFO - Refreshing access token.
2025-12-24 22:28:37,224 - dropbox - INFO - Request to files/delete_v2
2025-12-24 22:28:37,797 - rd_automator.uploader - INFO - Dropbox file deleted successfully.
2025-12-24 22:28:40,438 - rd_automator - INFO - Processing item: C:\Users\itsme\Desktop\download and auto\watch_folder\Anirudh Ravichander - Ullaallaa From Petta.flac (Mode: hoster)
2025-12-24 22:28:40,438 - rd_automator.uploader - INFO - Using Dropbox Refresh Token authentication.
2025-12-24 22:28:40,439 - rd_automator.uploader - INFO - Uploading Anirudh Ravichander - Ullaallaa From Petta.flac to Dropbox (37.00 MB)...
2025-12-24 22:28:40,449 - dropbox - INFO - Refreshing access token.
2025-12-24 22:28:40,859 - dropbox - INFO - Request to files/upload
2025-12-24 22:28:43,389 - rd_automator.watcher - INFO - Detected new file: C:\Users\itsme\Desktop\download and auto\watch_folder\AR Rahman - Endhira Logathu Sundariye From 2 0.flac
2025-12-24 22:28:43,390 - rd_automator - INFO - Waiting for file stability: C:\Users\itsme\Desktop\download and auto\watch_folder\AR Rahman - Endhira Logathu Sundariye From 2 0.flac
2025-12-24 22:28:44,006 - rd_automator.uploader - INFO - Dropbox Upload finished.
2025-12-24 22:28:44,006 - dropbox - INFO - Request to sharing/list_shared_links
2025-12-24 22:28:44,445 - dropbox - INFO - Request to sharing/create_shared_link_with_settings
2025-12-24 22:28:45,284 - rd_automator.uploader - INFO - Dropbox Link: https://www.dropbox.com/scl/fi/lvvwutftj2k4w9x1dp9yf/Anirudh-Ravichander-Ullaallaa-From-Petta.flac?rlkey=odv8xkutzb4aoujmr7yse1fx8&dl=0
2025-12-24 22:28:45,284 - rd_automator - INFO - Unrestricting link: https://www.dropbox.com/scl/fi/lvvwutftj2k4w9x1dp9yf/Anirudh-Ravichander-Ullaallaa-From-Petta.flac?rlkey=odv8xkutzb4aoujmr7yse1fx8&dl=0
2025-12-24 22:28:47,659 - rd_automator - INFO - Unrestrict successful! Download ID: K3UXKUR7LR5IQ32
2025-12-24 22:28:47,660 - rd_automator - INFO - Saved link to unrestricted_links.txt
2025-12-24 22:28:47,660 - rd_automator - INFO - Cleaning up Dropbox to save space...
2025-12-24 22:28:47,660 - rd_automator.uploader - INFO - Using Dropbox Refresh Token authentication.
2025-12-24 22:28:47,660 - rd_automator.uploader - INFO - Deleting /Anirudh Ravichander - Ullaallaa From Petta.flac from Dropbox...
2025-12-24 22:28:47,661 - dropbox - INFO - Refreshing access token.
2025-12-24 22:28:48,017 - dropbox - INFO - Request to files/delete_v2
2025-12-24 22:28:48,599 - rd_automator.uploader - INFO - Dropbox file deleted successfully.
2025-12-24 22:28:49,392 - rd_automator - INFO - Processing item: C:\Users\itsme\Desktop\download and auto\watch_folder\AR Rahman - Endhira Logathu Sundariye From 2 0.flac (Mode: hoster)
2025-12-24 22:28:49,392 - rd_automator.uploader - INFO - Using Dropbox Refresh Token authentication.
2025-12-24 22:28:49,392 - rd_automator.uploader - INFO - Uploading AR Rahman - Endhira Logathu Sundariye From 2 0.flac to Dropbox (27.73 MB)...
2025-12-24 22:28:49,400 - dropbox - INFO - Refreshing access token.
2025-12-24 22:28:49,799 - dropbox - INFO - Request to files/upload
2025-12-24 22:28:53,053 - rd_automator.watcher - INFO - Detected new file: C:\Users\itsme\Desktop\download and auto\watch_folder\AR Rahman - Irumbile Oru Idhaiyam.flac
2025-12-24 22:28:53,053 - rd_automator - INFO - Waiting for file stability: C:\Users\itsme\Desktop\download and auto\watch_folder\AR Rahman - Irumbile Oru Idhaiyam.flac
2025-12-24 22:28:53,194 - rd_automator.uploader - INFO - Dropbox Upload finished.
2025-12-24 22:28:53,195 - dropbox - INFO - Request to sharing/list_shared_links
2025-12-24 22:28:53,585 - dropbox - INFO - Request to sharing/create_shared_link_with_settings
2025-12-24 22:28:54,369 - rd_automator.uploader - INFO - Dropbox Link: https://www.dropbox.com/scl/fi/s7eki5taynb3g1bjesjpf/AR-Rahman-Endhira-Logathu-Sundariye-From-2-0.flac?rlkey=43zdvnpaux10jkxmol2g6jdzc&dl=0
2025-12-24 22:28:54,370 - rd_automator - INFO - Unrestricting link: https://www.dropbox.com/scl/fi/s7eki5taynb3g1bjesjpf/AR-Rahman-Endhira-Logathu-Sundariye-From-2-0.flac?rlkey=43zdvnpaux10jkxmol2g6jdzc&dl=0
2025-12-24 22:28:56,288 - rd_automator - INFO - Unrestrict successful! Download ID: XVOKP52ENQGQE32
2025-12-24 22:28:56,289 - rd_automator - INFO - Saved link to unrestricted_links.txt
2025-12-24 22:28:56,289 - rd_automator - INFO - Cleaning up Dropbox to save space...
2025-12-24 22:28:56,289 - rd_automator.uploader - INFO - Using Dropbox Refresh Token authentication.
2025-12-24 22:28:56,289 - rd_automator.uploader - INFO - Deleting /AR Rahman - Endhira Logathu Sundariye From 2 0.flac from Dropbox...
2025-12-24 22:28:56,289 - dropbox - INFO - Refreshing access token.
2025-12-24 22:28:56,655 - dropbox - INFO - Request to files/delete_v2
2025-12-24 22:28:57,250 - rd_automator.uploader - INFO - Dropbox file deleted successfully.
2025-12-24 22:28:59,054 - rd_automator - INFO - Processing item: C:\Users\itsme\Desktop\download and auto\watch_folder\AR Rahman - Irumbile Oru Idhaiyam.flac (Mode: hoster)
2025-12-24 22:28:59,055 - rd_automator.uploader - INFO - Using Dropbox Refresh Token authentication.
2025-12-24 22:28:59,055 - rd_automator.uploader - INFO - Uploading AR Rahman - Irumbile Oru Idhaiyam.flac to Dropbox (39.45 MB)...
2025-12-24 22:28:59,065 - dropbox - INFO - Refreshing access token.
2025-12-24 22:28:59,424 - dropbox - INFO - Request to files/upload
2025-12-24 22:28:59,522 - rd_automator.uploader - INFO - Dropbox Upload finished.
2025-12-24 22:28:59,522 - dropbox - INFO - Request to sharing/list_shared_links
2025-12-24 22:28:59,906 - dropbox - INFO - Request to sharing/create_shared_link_with_settings
2025-12-24 22:29:00,730 - rd_automator.watcher - INFO - Detected new file: C:\Users\itsme\Desktop\download and auto\watch_folder\ofRo - Semma BodhaFrom Think Originals.flac
2025-12-24 22:29:00,730 - rd_automator - INFO - Waiting for file stability: C:\Users\itsme\Desktop\download and auto\watch_folder\ofRo - Semma BodhaFrom Think Originals.flac
2025-12-24 22:29:00,748 - rd_automator.uploader - INFO - Dropbox Link: https://www.dropbox.com/scl/fi/b7iu7kp4o25hc6iykuewn/Anirudh-Ravichander-Aaha-Kalyanam-From-Petta.flac?rlkey=6sdpdfn09cgtuiwy1v92jathn&dl=0
2025-12-24 22:29:00,749 - rd_automator - INFO - Unrestricting link: https://www.dropbox.com/scl/fi/b7iu7kp4o25hc6iykuewn/Anirudh-Ravichander-Aaha-Kalyanam-From-Petta.flac?rlkey=6sdpdfn09cgtuiwy1v92jathn&dl=0
2025-12-24 22:29:02,442 - rd_automator.uploader - INFO - Dropbox Upload finished.
2025-12-24 22:29:02,443 - dropbox - INFO - Request to sharing/list_shared_links
2025-12-24 22:29:02,617 - rd_automator - INFO - Unrestrict successful! Download ID: PQKRUFXCJU4P432
2025-12-24 22:29:02,618 - rd_automator - INFO - Saved link to unrestricted_links.txt
2025-12-24 22:29:02,618 - rd_automator - INFO - Cleaning up Dropbox to save space...
2025-12-24 22:29:02,618 - rd_automator.uploader - INFO - Using Dropbox Refresh Token authentication.
2025-12-24 22:29:02,618 - rd_automator.uploader - INFO - Deleting /Anirudh Ravichander - Aaha Kalyanam From Petta.flac from Dropbox...
2025-12-24 22:29:02,618 - dropbox - INFO - Refreshing access token.
2025-12-24 22:29:02,873 - dropbox - INFO - Request to sharing/create_shared_link_with_settings
2025-12-24 22:29:03,040 - dropbox - INFO - Request to files/delete_v2
2025-12-24 22:29:03,588 - rd_automator.uploader - INFO - Dropbox Link: https://www.dropbox.com/scl/fi/x0lwsqda1cfyifwjv53ym/AR-Rahman-Irumbile-Oru-Idhaiyam.flac?rlkey=613268s5oxqx70f4otzjplo18&dl=0
2025-12-24 22:29:03,588 - rd_automator - INFO - Unrestricting link: https://www.dropbox.com/scl/fi/x0lwsqda1cfyifwjv53ym/AR-Rahman-Irumbile-Oru-Idhaiyam.flac?rlkey=613268s5oxqx70f4otzjplo18&dl=0
2025-12-24 22:29:03,609 - rd_automator.uploader - INFO - Dropbox file deleted successfully.
2025-12-24 22:29:06,732 - rd_automator - INFO - Processing item: C:\Users\itsme\Desktop\download and auto\watch_folder\ofRo - Semma BodhaFrom Think Originals.flac (Mode: hoster)
2025-12-24 22:29:06,732 - rd_automator.uploader - INFO - Using Dropbox Refresh Token authentication.
2025-12-24 22:29:06,732 - rd_automator.uploader - INFO - Uploading ofRo - Semma BodhaFrom Think Originals.flac to Dropbox (18.85 MB)...
2025-12-24 22:29:06,738 - dropbox - INFO - Refreshing access token.
2025-12-24 22:29:07,157 - dropbox - INFO - Request to files/upload
2025-12-24 22:29:07,630 - rd_automator - INFO - Unrestrict successful! Download ID: DOIJJBFW6YHTS32
2025-12-24 22:29:07,631 - rd_automator - INFO - Saved link to unrestricted_links.txt
2025-12-24 22:29:07,631 - rd_automator - INFO - Cleaning up Dropbox to save space...
2025-12-24 22:29:07,631 - rd_automator.uploader - INFO - Using Dropbox Refresh Token authentication.
2025-12-24 22:29:07,631 - rd_automator.uploader - INFO - Deleting /AR Rahman - Irumbile Oru Idhaiyam.flac from Dropbox...
2025-12-24 22:29:07,631 - dropbox - INFO - Refreshing access token.
2025-12-24 22:29:08,000 - dropbox - INFO - Request to files/delete_v2
2025-12-24 22:29:08,596 - rd_automator.uploader - INFO - Dropbox file deleted successfully.
2025-12-24 22:29:08,889 - rd_automator.watcher - INFO - Detected new file: C:\Users\itsme\Desktop\download and auto\watch_folder\Harihara Sudhan - Semma Weightu.flac
2025-12-24 22:29:08,889 - rd_automator - INFO - Waiting for file stability: C:\Users\itsme\Desktop\download and auto\watch_folder\Harihara Sudhan - Semma Weightu.flac
2025-12-24 22:29:10,006 - rd_automator.uploader - INFO - Dropbox Upload finished.
2025-12-24 22:29:10,006 - dropbox - INFO - Request to sharing/list_shared_links
2025-12-24 22:29:10,403 - dropbox - INFO - Request to sharing/create_shared_link_with_settings
2025-12-24 22:29:11,181 - rd_automator.uploader - INFO - Dropbox Link: https://www.dropbox.com/scl/fi/aqx8j9uflkd9war61rph5/ofRo-Semma-BodhaFrom-Think-Originals.flac?rlkey=xjo5drwiemy251jkcgacpqb2g&dl=0
2025-12-24 22:29:11,182 - rd_automator - INFO - Unrestricting link: https://www.dropbox.com/scl/fi/aqx8j9uflkd9war61rph5/ofRo-Semma-BodhaFrom-Think-Originals.flac?rlkey=xjo5drwiemy251jkcgacpqb2g&dl=0
2025-12-24 22:29:13,926 - rd_automator - INFO - Unrestrict successful! Download ID: 5J6RTKZ6GAB5U32
2025-12-24 22:29:13,927 - rd_automator - INFO - Saved link to unrestricted_links.txt
2025-12-24 22:29:13,927 - rd_automator - INFO - Cleaning up Dropbox to save space...
2025-12-24 22:29:13,927 - rd_automator.uploader - INFO - Using Dropbox Refresh Token authentication.
2025-12-24 22:29:13,927 - rd_automator.uploader - INFO - Deleting /ofRo - Semma BodhaFrom Think Originals.flac from Dropbox...
2025-12-24 22:29:13,927 - dropbox - INFO - Refreshing access token.
2025-12-24 22:29:14,352 - dropbox - INFO - Request to files/delete_v2
2025-12-24 22:29:14,928 - rd_automator.uploader - INFO - Dropbox file deleted successfully.
2025-12-24 22:29:16,891 - rd_automator - INFO - Processing item: C:\Users\itsme\Desktop\download and auto\watch_folder\Harihara Sudhan - Semma Weightu.flac (Mode: hoster)
2025-12-24 22:29:16,891 - rd_automator.uploader - INFO - Using Dropbox Refresh Token authentication.
2025-12-24 22:29:16,891 - rd_automator.uploader - INFO - Uploading Harihara Sudhan - Semma Weightu.flac to Dropbox (88.66 MB)...
2025-12-24 22:29:16,909 - dropbox - INFO - Refreshing access token.
2025-12-24 22:29:17,283 - dropbox - INFO - Request to files/upload_session/start
2025-12-24 22:29:18,299 - rd_automator.watcher - INFO - Detected new file: C:\Users\itsme\Desktop\download and auto\watch_folder\Shankar Mahadevan - Thanga Sela.flac
2025-12-24 22:29:18,299 - rd_automator - INFO - Waiting for file stability: C:\Users\itsme\Desktop\download and auto\watch_folder\Shankar Mahadevan - Thanga Sela.flac
2025-12-24 22:29:21,845 - dropbox - INFO - Request to files/upload_session/finish
2025-12-24 22:29:23,876 - rd_automator.uploader - INFO - Dropbox Upload finished.
2025-12-24 22:29:23,876 - dropbox - INFO - Request to sharing/list_shared_links
2025-12-24 22:29:24,273 - dropbox - INFO - Request to sharing/create_shared_link_with_settings
2025-12-24 22:29:25,027 - rd_automator.uploader - INFO - Dropbox Link: https://www.dropbox.com/scl/fi/3kc8b2r11a250pxmv45ge/Harihara-Sudhan-Semma-Weightu.flac?rlkey=35e7tm7d9ogqbqhr10zy5y5z0&dl=0
2025-12-24 22:29:25,027 - rd_automator - INFO - Unrestricting link: https://www.dropbox.com/scl/fi/3kc8b2r11a250pxmv45ge/Harihara-Sudhan-Semma-Weightu.flac?rlkey=35e7tm7d9ogqbqhr10zy5y5z0&dl=0
2025-12-24 22:29:27,201 - rd_automator - INFO - Unrestrict successful! Download ID: 3YCB3NLWWRATG32
2025-12-24 22:29:27,202 - rd_automator - INFO - Saved link to unrestricted_links.txt
2025-12-24 22:29:27,202 - rd_automator - INFO - Cleaning up Dropbox to save space...
2025-12-24 22:29:27,202 - rd_automator.uploader - INFO - Using Dropbox Refresh Token authentication.
2025-12-24 22:29:27,202 - rd_automator.uploader - INFO - Deleting /Harihara Sudhan - Semma Weightu.flac from Dropbox...
2025-12-24 22:29:27,202 - dropbox - INFO - Refreshing access token.
2025-12-24 22:29:27,561 - dropbox - INFO - Request to files/delete_v2
2025-12-24 22:29:28,155 - rd_automator.uploader - INFO - Dropbox file deleted successfully.
2025-12-24 22:29:28,302 - rd_automator - INFO - Processing item: C:\Users\itsme\Desktop\download and auto\watch_folder\Shankar Mahadevan - Thanga Sela.flac (Mode: hoster)
2025-12-24 22:29:28,302 - rd_automator.uploader - INFO - Using Dropbox Refresh Token authentication.
2025-12-24 22:29:28,302 - rd_automator.uploader - INFO - Uploading Shankar Mahadevan - Thanga Sela.flac to Dropbox (78.41 MB)...
2025-12-24 22:29:28,332 - dropbox - INFO - Refreshing access token.
2025-12-24 22:29:28,707 - dropbox - INFO - Request to files/upload_session/start
2025-12-24 22:29:29,572 - rd_automator.watcher - INFO - Detected new file: C:\Users\itsme\Desktop\download and auto\watch_folder\Yogi B - Katravai Patravai.flac
2025-12-24 22:29:29,572 - rd_automator - INFO - Waiting for file stability: C:\Users\itsme\Desktop\download and auto\watch_folder\Yogi B - Katravai Patravai.flac
2025-12-24 22:29:32,986 - dropbox - INFO - Request to files/upload_session/finish
2025-12-24 22:29:34,433 - rd_automator.uploader - INFO - Dropbox Upload finished.
2025-12-24 22:29:34,433 - dropbox - INFO - Request to sharing/list_shared_links
2025-12-24 22:29:34,851 - dropbox - INFO - Request to sharing/create_shared_link_with_settings
2025-12-24 22:29:35,591 - rd_automator.uploader - INFO - Dropbox Link: https://www.dropbox.com/scl/fi/cnt4s1nmb9dmcfr0w8ddd/Shankar-Mahadevan-Thanga-Sela.flac?rlkey=zvhmow3zi6m2rh355sxob3dav&dl=0
2025-12-24 22:29:35,591 - rd_automator - INFO - Unrestricting link: https://www.dropbox.com/scl/fi/cnt4s1nmb9dmcfr0w8ddd/Shankar-Mahadevan-Thanga-Sela.flac?rlkey=zvhmow3zi6m2rh355sxob3dav&dl=0
2025-12-24 22:29:37,574 - rd_automator - INFO - Processing item: C:\Users\itsme\Desktop\download and auto\watch_folder\Yogi B - Katravai Patravai.flac (Mode: hoster)
2025-12-24 22:29:37,575 - rd_automator.uploader - INFO - Using Dropbox Refresh Token authentication.
2025-12-24 22:29:37,575 - rd_automator.uploader - INFO - Uploading Yogi B - Katravai Patravai.flac to Dropbox (68.70 MB)...
2025-12-24 22:29:37,592 - dropbox - INFO - Refreshing access token.
2025-12-24 22:29:38,024 - dropbox - INFO - Request to files/upload_session/start
2025-12-24 22:29:39,126 - rd_automator.watcher - INFO - Detected new file: C:\Users\itsme\Desktop\download and auto\watch_folder\Dopeadelicz - Nikkal Nikkal.flac
2025-12-24 22:29:39,126 - rd_automator - INFO - Waiting for file stability: C:\Users\itsme\Desktop\download and auto\watch_folder\Dopeadelicz - Nikkal Nikkal.flac
2025-12-24 22:29:39,858 - rd_automator - INFO - Unrestrict successful! Download ID: SBESVW3KGVZBA32
2025-12-24 22:29:39,859 - rd_automator - INFO - Saved link to unrestricted_links.txt
2025-12-24 22:29:39,859 - rd_automator - INFO - Cleaning up Dropbox to save space...
2025-12-24 22:29:39,859 - rd_automator.uploader - INFO - Using Dropbox Refresh Token authentication.
2025-12-24 22:29:39,859 - rd_automator.uploader - INFO - Deleting /Shankar Mahadevan - Thanga Sela.flac from Dropbox...
2025-12-24 22:29:39,860 - dropbox - INFO - Refreshing access token.
2025-12-24 22:29:40,249 - dropbox - INFO - Request to files/delete_v2
2025-12-24 22:29:40,875 - rd_automator.uploader - INFO - Dropbox file deleted successfully.
2025-12-24 22:29:42,343 - dropbox - INFO - Request to files/upload_session/finish
2025-12-24 22:29:43,492 - rd_automator.uploader - INFO - Dropbox Upload finished.
2025-12-24 22:29:43,492 - dropbox - INFO - Request to sharing/list_shared_links
2025-12-24 22:29:43,913 - dropbox - INFO - Request to sharing/create_shared_link_with_settings
2025-12-24 22:29:44,693 - rd_automator.uploader - INFO - Dropbox Link: https://www.dropbox.com/scl/fi/7hvjojogln2bh1lj31otp/Yogi-B-Katravai-Patravai.flac?rlkey=zf4ezl86m02lcz1tkr0abih4a&dl=0
2025-12-24 22:29:44,694 - rd_automator - INFO - Unrestricting link: https://www.dropbox.com/scl/fi/7hvjojogln2bh1lj31otp/Yogi-B-Katravai-Patravai.flac?rlkey=zf4ezl86m02lcz1tkr0abih4a&dl=0
2025-12-24 22:29:46,770 - rd_automator - INFO - Unrestrict successful! Download ID: NU6R56HSMBLM632
2025-12-24 22:29:46,771 - rd_automator - INFO - Saved link to unrestricted_links.txt
2025-12-24 22:29:46,771 - rd_automator - INFO - Cleaning up Dropbox to save space...
2025-12-24 22:29:46,771 - rd_automator.uploader - INFO - Using Dropbox Refresh Token authentication.
2025-12-24 22:29:46,771 - rd_automator.uploader - INFO - Deleting /Yogi B - Katravai Patravai.flac from Dropbox...
2025-12-24 22:29:46,772 - dropbox - INFO - Refreshing access token.
2025-12-24 22:29:47,128 - rd_automator - INFO - Processing item: C:\Users\itsme\Desktop\download and auto\watch_folder\Dopeadelicz - Nikkal Nikkal.flac (Mode: hoster)
2025-12-24 22:29:47,129 - rd_automator.uploader - INFO - Using Dropbox Refresh Token authentication.
2025-12-24 22:29:47,129 - rd_automator.uploader - INFO - Uploading Dopeadelicz - Nikkal Nikkal.flac to Dropbox (49.66 MB)...
2025-12-24 22:29:47,132 - dropbox - INFO - Request to files/delete_v2
2025-12-24 22:29:47,141 - dropbox - INFO - Refreshing access token.
2025-12-24 22:29:47,549 - dropbox - INFO - Request to files/upload
2025-12-24 22:29:47,653 - rd_automator.watcher - INFO - Detected new file: C:\Users\itsme\Desktop\download and auto\watch_folder\Hiphop Tamizha - Naan Konjam Karuppu Thaan From Kaththi Sandai.flac
2025-12-24 22:29:47,653 - rd_automator - INFO - Waiting for file stability: C:\Users\itsme\Desktop\download and auto\watch_folder\Hiphop Tamizha - Naan Konjam Karuppu Thaan From Kaththi Sandai.flac
2025-12-24 22:29:47,690 - rd_automator.uploader - INFO - Dropbox file deleted successfully.
2025-12-24 22:29:51,271 - rd_automator.uploader - INFO - Dropbox Upload finished.
2025-12-24 22:29:51,272 - dropbox - INFO - Request to sharing/list_shared_links
2025-12-24 22:29:51,697 - dropbox - INFO - Request to sharing/create_shared_link_with_settings
2025-12-24 22:29:52,444 - rd_automator.uploader - INFO - Dropbox Link: https://www.dropbox.com/scl/fi/x257s1vcb58owpi2l8y9l/Dopeadelicz-Nikkal-Nikkal.flac?rlkey=agn4aevu2uqr73r6doqbbzseg&dl=0
2025-12-24 22:29:52,445 - rd_automator - INFO - Unrestricting link: https://www.dropbox.com/scl/fi/x257s1vcb58owpi2l8y9l/Dopeadelicz-Nikkal-Nikkal.flac?rlkey=agn4aevu2uqr73r6doqbbzseg&dl=0
2025-12-24 22:29:54,623 - rd_automator - INFO - Unrestrict successful! Download ID: HG2U3H7USFITI32
2025-12-24 22:29:54,624 - rd_automator - INFO - Saved link to unrestricted_links.txt
2025-12-24 22:29:54,624 - rd_automator - INFO - Cleaning up Dropbox to save space...
2025-12-24 22:29:54,625 - rd_automator.uploader - INFO - Using Dropbox Refresh Token authentication.
2025-12-24 22:29:54,625 - rd_automator.uploader - INFO - Deleting /Dopeadelicz - Nikkal Nikkal.flac from Dropbox...
2025-12-24 22:29:54,625 - dropbox - INFO - Refreshing access token.
2025-12-24 22:29:54,980 - dropbox - INFO - Request to files/delete_v2
2025-12-24 22:29:55,539 - rd_automator.uploader - INFO - Dropbox file deleted successfully.
2025-12-24 22:29:55,655 - rd_automator - INFO - Processing item: C:\Users\itsme\Desktop\download and auto\watch_folder\Hiphop Tamizha - Naan Konjam Karuppu Thaan From Kaththi Sandai.flac (Mode: hoster)
2025-12-24 22:29:55,656 - rd_automator.uploader - INFO - Using Dropbox Refresh Token authentication.
2025-12-24 22:29:55,656 - rd_automator.uploader - INFO - Uploading Hiphop Tamizha - Naan Konjam Karuppu Thaan From Kaththi Sandai.flac to Dropbox (56.93 MB)...
2025-12-24 22:29:55,674 - dropbox - INFO - Refreshing access token.
2025-12-24 22:29:55,801 - rd_automator.watcher - INFO - Detected new file: C:\Users\itsme\Desktop\download and auto\watch_folder\Hiphop Tamizha - Oru Kuchi Oru Kulfi TheSelfieSong From Kalakalappu 2.flac
2025-12-24 22:29:55,801 - rd_automator - INFO - Waiting for file stability: C:\Users\itsme\Desktop\download and auto\watch_folder\Hiphop Tamizha - Oru Kuchi Oru Kulfi TheSelfieSong From Kalakalappu 2.flac
2025-12-24 22:29:56,032 - dropbox - INFO - Request to files/upload
2025-12-24 22:30:01,370 - rd_automator.uploader - INFO - Dropbox Upload finished.
2025-12-24 22:30:01,371 - dropbox - INFO - Request to sharing/list_shared_links
2025-12-24 22:30:01,767 - dropbox - INFO - Request to sharing/create_shared_link_with_settings
2025-12-24 22:30:01,803 - rd_automator - INFO - Processing item: C:\Users\itsme\Desktop\download and auto\watch_folder\Hiphop Tamizha - Oru Kuchi Oru Kulfi TheSelfieSong From Kalakalappu 2.flac (Mode: hoster)
2025-12-24 22:30:01,803 - rd_automator.uploader - INFO - Using Dropbox Refresh Token authentication.
2025-12-24 22:30:01,803 - rd_automator.uploader - INFO - Uploading Hiphop Tamizha - Oru Kuchi Oru Kulfi TheSelfieSong From Kalakalappu 2.flac to Dropbox (26.36 MB)...
2025-12-24 22:30:01,810 - dropbox - INFO - Refreshing access token.
2025-12-24 22:30:02,208 - dropbox - INFO - Request to files/upload
2025-12-24 22:30:02,562 - rd_automator.uploader - INFO - Dropbox Link: https://www.dropbox.com/scl/fi/9bo2w9jo6auhdf02fbaqw/Hiphop-Tamizha-Naan-Konjam-Karuppu-Thaan-From-Kaththi-Sandai.flac?rlkey=n9nxq5vcw8ib9ssnrww5nulqt&dl=0
2025-12-24 22:30:02,563 - rd_automator - INFO - Unrestricting link: https://www.dropbox.com/scl/fi/9bo2w9jo6auhdf02fbaqw/Hiphop-Tamizha-Naan-Konjam-Karuppu-Thaan-From-Kaththi-Sandai.flac?rlkey=n9nxq5vcw8ib9ssnrww5nulqt&dl=0
2025-12-24 22:30:03,283 - rd_automator.watcher - INFO - Detected new file: C:\Users\itsme\Desktop\download and auto\watch_folder\Anirudh Ravichander - Maari Thara Local From Maari Here Comes Maari.flac
2025-12-24 22:30:03,283 - rd_automator - INFO - Waiting for file stability: C:\Users\itsme\Desktop\download and auto\watch_folder\Anirudh Ravichander - Maari Thara Local From Maari Here Comes Maari.flac
2025-12-24 22:30:05,074 - rd_automator.uploader - INFO - Dropbox Upload finished.
2025-12-24 22:30:05,075 - dropbox - INFO - Request to sharing/list_shared_links
2025-12-24 22:30:05,540 - dropbox - INFO - Request to sharing/create_shared_link_with_settings
2025-12-24 22:30:06,289 - rd_automator.uploader - INFO - Dropbox Link: https://www.dropbox.com/scl/fi/g5o6d0admc3eqpyii5lb8/Hiphop-Tamizha-Oru-Kuchi-Oru-Kulfi-TheSelfieSong-From-Kalakalappu-2.flac?rlkey=u0sey092wc8rly8dteumnpq9i&dl=0
2025-12-24 22:30:06,289 - rd_automator - INFO - Unrestricting link: https://www.dropbox.com/scl/fi/g5o6d0admc3eqpyii5lb8/Hiphop-Tamizha-Oru-Kuchi-Oru-Kulfi-TheSelfieSong-From-Kalakalappu-2.flac?rlkey=u0sey092wc8rly8dteumnpq9i&dl=0
2025-12-24 22:30:06,871 - rd_automator - INFO - Unrestrict successful! Download ID: 24HIIW2RR7KO432
2025-12-24 22:30:06,871 - rd_automator - INFO - Saved link to unrestricted_links.txt
2025-12-24 22:30:06,871 - rd_automator - INFO - Cleaning up Dropbox to save space...
2025-12-24 22:30:06,872 - rd_automator.uploader - INFO - Using Dropbox Refresh Token authentication.
2025-12-24 22:30:06,872 - rd_automator.uploader - INFO - Deleting /Hiphop Tamizha - Naan Konjam Karuppu Thaan From Kaththi Sandai.flac from Dropbox...
2025-12-24 22:30:06,872 - dropbox - INFO - Refreshing access token.
2025-12-24 22:30:07,292 - dropbox - INFO - Request to files/delete_v2
2025-12-24 22:30:07,966 - rd_automator.uploader - INFO - Dropbox file deleted successfully.
2025-12-24 22:30:08,679 - rd_automator - INFO - Unrestrict successful! Download ID: IFJ6TFXBMVW5W32
2025-12-24 22:30:08,679 - rd_automator - INFO - Saved link to unrestricted_links.txt
2025-12-24 22:30:08,679 - rd_automator - INFO - Cleaning up Dropbox to save space...
2025-12-24 22:30:08,680 - rd_automator.uploader - INFO - Using Dropbox Refresh Token authentication.
2025-12-24 22:30:08,680 - rd_automator.uploader - INFO - Deleting /Hiphop Tamizha - Oru Kuchi Oru Kulfi TheSelfieSong From Kalakalappu 2.flac from Dropbox...
2025-12-24 22:30:08,680 - dropbox - INFO - Refreshing access token.
2025-12-24 22:30:09,095 - dropbox - INFO - Request to files/delete_v2
2025-12-24 22:30:09,285 - rd_automator - INFO - Processing item: C:\Users\itsme\Desktop\download and auto\watch_folder\Anirudh Ravichander - Maari Thara Local From Maari Here Comes Maari.flac (Mode: hoster)
2025-12-24 22:30:09,285 - rd_automator.uploader - INFO - Using Dropbox Refresh Token authentication.
2025-12-24 22:30:09,285 - rd_automator.uploader - INFO - Uploading Anirudh Ravichander - Maari Thara Local From Maari Here Comes Maari.flac to Dropbox (28.51 MB)...
2025-12-24 22:30:09,294 - dropbox - INFO - Refreshing access token.
2025-12-24 22:30:09,652 - dropbox - INFO - Request to files/upload
2025-12-24 22:30:09,660 - rd_automator.uploader - INFO - Dropbox file deleted successfully.
2025-12-24 22:30:12,482 - rd_automator.watcher - INFO - Detected new file: C:\Users\itsme\Desktop\download and auto\watch_folder\Anirudh Ravichander - Mayakkama Kalakkama From Thiruchitrambalam.flac
2025-12-24 22:30:12,483 - rd_automator - INFO - Waiting for file stability: C:\Users\itsme\Desktop\download and auto\watch_folder\Anirudh Ravichander - Mayakkama Kalakkama From Thiruchitrambalam.flac
2025-12-24 22:30:12,522 - rd_automator.uploader - INFO - Dropbox Upload finished.
2025-12-24 22:30:12,523 - dropbox - INFO - Request to sharing/list_shared_links
2025-12-24 22:30:12,924 - dropbox - INFO - Request to sharing/create_shared_link_with_settings
2025-12-24 22:30:13,681 - rd_automator.uploader - INFO - Dropbox Link: https://www.dropbox.com/scl/fi/gct85afojx1vlddwsc4i8/Anirudh-Ravichander-Maari-Thara-Local-From-Maari-Here-Comes-Maari.flac?rlkey=oaokojt132j22e6a9n1m9hnms&dl=0
2025-12-24 22:30:13,681 - rd_automator - INFO - Unrestricting link: https://www.dropbox.com/scl/fi/gct85afojx1vlddwsc4i8/Anirudh-Ravichander-Maari-Thara-Local-From-Maari-Here-Comes-Maari.flac?rlkey=oaokojt132j22e6a9n1m9hnms&dl=0
2025-12-24 22:30:17,680 - rd_automator - INFO - Unrestrict successful! Download ID: DIICARUOJDEAG32
2025-12-24 22:30:17,681 - rd_automator - INFO - Saved link to unrestricted_links.txt
2025-12-24 22:30:17,681 - rd_automator - INFO - Cleaning up Dropbox to save space...
2025-12-24 22:30:17,681 - rd_automator.uploader - INFO - Using Dropbox Refresh Token authentication.
2025-12-24 22:30:17,681 - rd_automator.uploader - INFO - Deleting /Anirudh Ravichander - Maari Thara Local From Maari Here Comes Maari.flac from Dropbox...
2025-12-24 22:30:17,681 - dropbox - INFO - Refreshing access token.
2025-12-24 22:30:18,091 - dropbox - INFO - Request to files/delete_v2
2025-12-24 22:30:18,485 - rd_automator - INFO - Processing item: C:\Users\itsme\Desktop\download and auto\watch_folder\Anirudh Ravichander - Mayakkama Kalakkama From Thiruchitrambalam.flac (Mode: hoster)
2025-12-24 22:30:18,485 - rd_automator.uploader - INFO - Using Dropbox Refresh Token authentication.
2025-12-24 22:30:18,485 - rd_automator.uploader - INFO - Uploading Anirudh Ravichander - Mayakkama Kalakkama From Thiruchitrambalam.flac to Dropbox (29.14 MB)...
2025-12-24 22:30:18,494 - dropbox - INFO - Refreshing access token.
2025-12-24 22:30:18,656 - rd_automator.uploader - INFO - Dropbox file deleted successfully.
2025-12-24 22:30:18,875 - dropbox - INFO - Request to files/upload
2025-12-24 22:30:22,178 - rd_automator.uploader - INFO - Dropbox Upload finished.
2025-12-24 22:30:22,179 - dropbox - INFO - Request to sharing/list_shared_links
2025-12-24 22:30:22,585 - dropbox - INFO - Request to sharing/create_shared_link_with_settings
2025-12-24 22:30:23,326 - rd_automator.uploader - INFO - Dropbox Link: https://www.dropbox.com/scl/fi/62t00s64nitvq005ypvo6/Anirudh-Ravichander-Mayakkama-Kalakkama-From-Thiruchitrambalam.flac?rlkey=pnradvauqj66mi88zjhj46ju5&dl=0
2025-12-24 22:30:23,327 - rd_automator - INFO - Unrestricting link: https://www.dropbox.com/scl/fi/62t00s64nitvq005ypvo6/Anirudh-Ravichander-Mayakkama-Kalakkama-From-Thiruchitrambalam.flac?rlkey=pnradvauqj66mi88zjhj46ju5&dl=0
2025-12-24 22:30:25,335 - rd_automator - INFO - Unrestrict successful! Download ID: 5Z3K5KFEYNX3U32
2025-12-24 22:30:25,336 - rd_automator - INFO - Saved link to unrestricted_links.txt
2025-12-24 22:30:25,336 - rd_automator - INFO - Cleaning up Dropbox to save space...
2025-12-24 22:30:25,337 - rd_automator.uploader - INFO - Using Dropbox Refresh Token authentication.
2025-12-24 22:30:25,337 - rd_automator.uploader - INFO - Deleting /Anirudh Ravichander - Mayakkama Kalakkama From Thiruchitrambalam.flac from Dropbox...
2025-12-24 22:30:25,337 - dropbox - INFO - Refreshing access token.
2025-12-24 22:30:25,743 - dropbox - INFO - Request to files/delete_v2
2025-12-24 22:30:26,438 - rd_automator.uploader - INFO - Dropbox file deleted successfully.
2025-12-24 22:47:03,796 - rd_automator - INFO - Stopping...
2025-12-24 22:47:03,797 - rd_automator - INFO - Shutting down executor...
2025-12-27 01:47:48,155 - rd_automator - INFO - Starting ThreadPoolExecutor with 3 workers.
2025-12-27 01:47:48,156 - rd_automator.watcher - INFO - Starting watcher on C:\Users\itsme\Desktop\download and auto\watch_folder
2025-12-27 01:47:48,157 - rd_automator - INFO - Starting background monitoring loop...
2025-12-27 01:47:48,157 - rd_automator - INFO - Orchestrator started. Press Ctrl+C to stop.
2025-12-27 01:50:48,660 - rd_automator.watcher - INFO - Detected new file: C:\Users\itsme\Desktop\download and auto\watch_folder\Ludwig van Beethoven - Für Elise.flac
2025-12-27 01:50:48,661 - rd_automator - INFO - Waiting for file stability: C:\Users\itsme\Desktop\download and auto\watch_folder\Ludwig van Beethoven - Für Elise.flac
2025-12-27 01:50:54,672 - rd_automator - INFO - Processing item: C:\Users\itsme\Desktop\download and auto\watch_folder\Ludwig van Beethoven - Für Elise.flac (Mode: hoster)
2025-12-27 01:50:54,673 - rd_automator.uploader - INFO - Using Dropbox Refresh Token authentication.
2025-12-27 01:50:54,673 - rd_automator.uploader - INFO - Uploading Ludwig van Beethoven - Für Elise.flac to Dropbox (20.18 MB)...
2025-12-27 01:50:54,681 - dropbox - INFO - Refreshing access token.
2025-12-27 01:50:54,962 - rd_automator.watcher - INFO - Detected new file: C:\Users\itsme\Desktop\download and auto\watch_folder\Kenndog - Beethoven.flac
2025-12-27 01:50:54,963 - rd_automator - INFO - Waiting for file stability: C:\Users\itsme\Desktop\download and auto\watch_folder\Kenndog - Beethoven.flac
2025-12-27 01:50:55,119 - dropbox - INFO - Request to files/upload
2025-12-27 01:50:58,144 - rd_automator.uploader - INFO - Dropbox Upload finished.
2025-12-27 01:50:58,145 - dropbox - INFO - Request to sharing/list_shared_links
2025-12-27 01:50:58,599 - dropbox - INFO - Request to sharing/create_shared_link_with_settings
2025-12-27 01:50:59,386 - rd_automator.uploader - INFO - Dropbox Link: https://www.dropbox.com/scl/fi/6c93te6fxuk1gac9fi74l/Ludwig-van-Beethoven-F-r-Elise.flac?rlkey=142rtl3i3heox7ny8km9ic829&dl=0
2025-12-27 01:50:59,387 - rd_automator - INFO - Unrestricting link: https://www.dropbox.com/scl/fi/6c93te6fxuk1gac9fi74l/Ludwig-van-Beethoven-F-r-Elise.flac?rlkey=142rtl3i3heox7ny8km9ic829&dl=0
2025-12-27 01:51:02,966 - rd_automator - INFO - Processing item: C:\Users\itsme\Desktop\download and auto\watch_folder\Kenndog - Beethoven.flac (Mode: hoster)
2025-12-27 01:51:02,966 - rd_automator.uploader - INFO - Using Dropbox Refresh Token authentication.
2025-12-27 01:51:02,966 - rd_automator.uploader - INFO - Uploading Kenndog - Beethoven.flac to Dropbox (13.39 MB)...
2025-12-27 01:51:02,970 - dropbox - INFO - Refreshing access token.
2025-12-27 01:51:03,387 - dropbox - INFO - Request to files/upload
2025-12-27 01:51:03,662 - rd_automator.watcher - INFO - Detected new file: C:\Users\itsme\Desktop\download and auto\watch_folder\Central Cee - Obsessed With You.flac
2025-12-27 01:51:03,662 - rd_automator - INFO - Waiting for file stability: C:\Users\itsme\Desktop\download and auto\watch_folder\Central Cee - Obsessed With You.flac
2025-12-27 01:51:04,106 - rd_automator - INFO - Unrestrict successful! Download ID: 3C742G7WVCIUU32
2025-12-27 01:51:04,115 - rd_automator - INFO - Saved link to unrestricted_links.txt
2025-12-27 01:51:04,116 - rd_automator - INFO - Cleaning up Dropbox to save space...
2025-12-27 01:51:04,116 - rd_automator.uploader - INFO - Using Dropbox Refresh Token authentication.
2025-12-27 01:51:04,116 - rd_automator.uploader - INFO - Deleting /Ludwig van Beethoven - Für Elise.flac from Dropbox...
2025-12-27 01:51:04,116 - dropbox - INFO - Refreshing access token.
2025-12-27 01:51:04,946 - rd_automator.uploader - INFO - Dropbox Upload finished.
2025-12-27 01:51:04,947 - dropbox - INFO - Request to sharing/list_shared_links
2025-12-27 01:51:05,393 - dropbox - INFO - Request to sharing/create_shared_link_with_settings
2025-12-27 01:51:05,546 - dropbox - INFO - Request to files/delete_v2
2025-12-27 01:51:06,114 - rd_automator.uploader - INFO - Dropbox file deleted successfully.
2025-12-27 01:51:06,139 - rd_automator.uploader - INFO - Dropbox Link: https://www.dropbox.com/scl/fi/j1v026szqsc486z0lgeyn/Kenndog-Beethoven.flac?rlkey=dc6cmv0mhgjxvbn2a87mtfft3&dl=0
2025-12-27 01:51:06,139 - rd_automator - INFO - Unrestricting link: https://www.dropbox.com/scl/fi/j1v026szqsc486z0lgeyn/Kenndog-Beethoven.flac?rlkey=dc6cmv0mhgjxvbn2a87mtfft3&dl=0
2025-12-27 01:51:09,665 - rd_automator - INFO - Processing item: C:\Users\itsme\Desktop\download and auto\watch_folder\Central Cee - Obsessed With You.flac (Mode: hoster)
2025-12-27 01:51:09,665 - rd_automator.uploader - INFO - Using Dropbox Refresh Token authentication.
2025-12-27 01:51:09,666 - rd_automator.uploader - INFO - Uploading Central Cee - Obsessed With You.flac to Dropbox (22.15 MB)...
2025-12-27 01:51:09,672 - dropbox - INFO - Refreshing access token.
2025-12-27 01:51:10,046 - dropbox - INFO - Request to files/upload
2025-12-27 01:51:10,266 - rd_automator - INFO - Unrestrict successful! Download ID: LFUAHSFRLSBRY32
2025-12-27 01:51:10,267 - rd_automator - INFO - Saved link to unrestricted_links.txt
2025-12-27 01:51:10,267 - rd_automator - INFO - Cleaning up Dropbox to save space...
2025-12-27 01:51:10,267 - rd_automator.uploader - INFO - Using Dropbox Refresh Token authentication.
2025-12-27 01:51:10,267 - rd_automator.uploader - INFO - Deleting /Kenndog - Beethoven.flac from Dropbox...
2025-12-27 01:51:10,268 - dropbox - INFO - Refreshing access token.
2025-12-27 01:51:10,636 - dropbox - INFO - Request to files/delete_v2
2025-12-27 01:51:10,790 - rd_automator.watcher - INFO - Detected new file: C:\Users\itsme\Desktop\download and auto\watch_folder\Kyle Exum - Bassthoven.flac
2025-12-27 01:51:10,790 - rd_automator - INFO - Waiting for file stability: C:\Users\itsme\Desktop\download and auto\watch_folder\Kyle Exum - Bassthoven.flac
2025-12-27 01:51:11,190 - rd_automator.uploader - INFO - Dropbox file deleted successfully.
2025-12-27 01:51:13,037 - rd_automator.uploader - INFO - Dropbox Upload finished.
2025-12-27 01:51:13,037 - dropbox - INFO - Request to sharing/list_shared_links
2025-12-27 01:51:13,426 - dropbox - INFO - Request to sharing/create_shared_link_with_settings
2025-12-27 01:51:14,214 - rd_automator.uploader - INFO - Dropbox Link: https://www.dropbox.com/scl/fi/48kt5aoex9u5c2dqp34uj/Central-Cee-Obsessed-With-You.flac?rlkey=1qyc7qxrc5ce0pcrvmy9ci8p3&dl=0
2025-12-27 01:51:14,215 - rd_automator - INFO - Unrestricting link: https://www.dropbox.com/scl/fi/48kt5aoex9u5c2dqp34uj/Central-Cee-Obsessed-With-You.flac?rlkey=1qyc7qxrc5ce0pcrvmy9ci8p3&dl=0
2025-12-27 01:51:16,416 - rd_automator - INFO - Unrestrict successful! Download ID: UBICJ3RJDXABO32
2025-12-27 01:51:16,417 - rd_automator - INFO - Saved link to unrestricted_links.txt
2025-12-27 01:51:16,417 - rd_automator - INFO - Cleaning up Dropbox to save space...
2025-12-27 01:51:16,417 - rd_automator.uploader - INFO - Using Dropbox Refresh Token authentication.
2025-12-27 01:51:16,417 - rd_automator.uploader - INFO - Deleting /Central Cee - Obsessed With You.flac from Dropbox...
2025-12-27 01:51:16,418 - dropbox - INFO - Refreshing access token.
2025-12-27 01:51:16,792 - rd_automator - INFO - Processing item: C:\Users\itsme\Desktop\download and auto\watch_folder\Kyle Exum - Bassthoven.flac (Mode: hoster)
2025-12-27 01:51:16,793 - rd_automator.uploader - INFO - Using Dropbox Refresh Token authentication.
2025-12-27 01:51:16,793 - rd_automator.uploader - INFO - Uploading Kyle Exum - Bassthoven.flac to Dropbox (25.98 MB)...
2025-12-27 01:51:16,799 - dropbox - INFO - Refreshing access token.
2025-12-27 01:51:16,843 - dropbox - INFO - Request to files/delete_v2
2025-12-27 01:51:17,206 - dropbox - INFO - Request to files/upload
2025-12-27 01:51:17,430 - rd_automator.uploader - INFO - Dropbox file deleted successfully.
2025-12-27 01:51:19,008 - rd_automator.watcher - INFO - Detected new file: C:\Users\itsme\Desktop\download and auto\watch_folder\Central Cee - Doja.flac
2025-12-27 01:51:19,009 - rd_automator - INFO - Waiting for file stability: C:\Users\itsme\Desktop\download and auto\watch_folder\Central Cee - Doja.flac
2025-12-27 01:51:20,045 - rd_automator.uploader - INFO - Dropbox Upload finished.
2025-12-27 01:51:20,046 - dropbox - INFO - Request to sharing/list_shared_links
2025-12-27 01:51:20,451 - dropbox - INFO - Request to sharing/create_shared_link_with_settings
2025-12-27 01:51:21,209 - rd_automator.uploader - INFO - Dropbox Link: https://www.dropbox.com/scl/fi/b3wwcladw8la8a1bm9jpx/Kyle-Exum-Bassthoven.flac?rlkey=5jf6rj1z2ea4u4mvjl4qsbtrl&dl=0
2025-12-27 01:51:21,210 - rd_automator - INFO - Unrestricting link: https://www.dropbox.com/scl/fi/b3wwcladw8la8a1bm9jpx/Kyle-Exum-Bassthoven.flac?rlkey=5jf6rj1z2ea4u4mvjl4qsbtrl&dl=0
2025-12-27 01:51:25,010 - rd_automator - INFO - Processing item: C:\Users\itsme\Desktop\download and auto\watch_folder\Central Cee - Doja.flac (Mode: hoster)
2025-12-27 01:51:25,011 - rd_automator.uploader - INFO - Using Dropbox Refresh Token authentication.
2025-12-27 01:51:25,011 - rd_automator.uploader - INFO - Uploading Central Cee - Doja.flac to Dropbox (17.10 MB)...
2025-12-27 01:51:25,018 - dropbox - INFO - Refreshing access token.
2025-12-27 01:51:25,207 - rd_automator.watcher - INFO - Detected new file: C:\Users\itsme\Desktop\download and auto\watch_folder\Ryan Conway - Welcome To Brixton.flac
2025-12-27 01:51:25,208 - rd_automator - INFO - Waiting for file stability: C:\Users\itsme\Desktop\download and auto\watch_folder\Ryan Conway - Welcome To Brixton.flac
2025-12-27 01:51:25,402 - dropbox - INFO - Request to files/upload
2025-12-27 01:51:25,583 - rd_automator - INFO - Unrestrict successful! Download ID: SLJ2H3LCCAQJC40
2025-12-27 01:51:25,584 - rd_automator - INFO - Saved link to unrestricted_links.txt
2025-12-27 01:51:25,584 - rd_automator - INFO - Cleaning up Dropbox to save space...
2025-12-27 01:51:25,584 - rd_automator.uploader - INFO - Using Dropbox Refresh Token authentication.
2025-12-27 01:51:25,585 - rd_automator.uploader - INFO - Deleting /Kyle Exum - Bassthoven.flac from Dropbox...
2025-12-27 01:51:25,585 - dropbox - INFO - Refreshing access token.
2025-12-27 01:51:25,960 - dropbox - INFO - Request to files/delete_v2
2025-12-27 01:51:26,532 - rd_automator.uploader - INFO - Dropbox file deleted successfully.
2025-12-27 01:51:29,264 - rd_automator.uploader - INFO - Dropbox Upload finished.
2025-12-27 01:51:29,264 - dropbox - INFO - Request to sharing/list_shared_links
2025-12-27 01:51:29,660 - dropbox - INFO - Request to sharing/create_shared_link_with_settings
2025-12-27 01:51:30,408 - rd_automator.uploader - INFO - Dropbox Link: https://www.dropbox.com/scl/fi/8oah2axkfgvy2rrqws2my/Central-Cee-Doja.flac?rlkey=o8ech8lbvs3g655jaqj5vc6kr&dl=0
2025-12-27 01:51:30,409 - rd_automator - INFO - Unrestricting link: https://www.dropbox.com/scl/fi/8oah2axkfgvy2rrqws2my/Central-Cee-Doja.flac?rlkey=o8ech8lbvs3g655jaqj5vc6kr&dl=0
2025-12-27 01:51:31,210 - rd_automator - INFO - Processing item: C:\Users\itsme\Desktop\download and auto\watch_folder\Ryan Conway - Welcome To Brixton.flac (Mode: hoster)
2025-12-27 01:51:31,211 - rd_automator.uploader - INFO - Using Dropbox Refresh Token authentication.
2025-12-27 01:51:31,211 - rd_automator.uploader - INFO - Uploading Ryan Conway - Welcome To Brixton.flac to Dropbox (13.75 MB)...
2025-12-27 01:51:31,216 - dropbox - INFO - Refreshing access token.
2025-12-27 01:51:31,647 - dropbox - INFO - Request to files/upload
2025-12-27 01:51:31,779 - rd_automator.watcher - INFO - Detected new file: C:\Users\itsme\Desktop\download and auto\watch_folder\Dhanush - Megham Karukatha From Thiruchitrambalam.flac
2025-12-27 01:51:31,780 - rd_automator - INFO - Waiting for file stability: C:\Users\itsme\Desktop\download and auto\watch_folder\Dhanush - Megham Karukatha From Thiruchitrambalam.flac
2025-12-27 01:51:34,555 - rd_automator - INFO - Unrestrict successful! Download ID: KKH3TI4WWWTJA32
2025-12-27 01:51:34,556 - rd_automator - INFO - Saved link to unrestricted_links.txt
2025-12-27 01:51:34,556 - rd_automator - INFO - Cleaning up Dropbox to save space...
2025-12-27 01:51:34,556 - rd_automator.uploader - INFO - Using Dropbox Refresh Token authentication.
2025-12-27 01:51:34,557 - rd_automator.uploader - INFO - Deleting /Central Cee - Doja.flac from Dropbox...
2025-12-27 01:51:34,557 - dropbox - INFO - Refreshing access token.
2025-12-27 01:51:34,943 - dropbox - INFO - Request to files/delete_v2
2025-12-27 01:51:35,299 - rd_automator.uploader - INFO - Dropbox Upload finished.
2025-12-27 01:51:35,299 - dropbox - INFO - Request to sharing/list_shared_links
2025-12-27 01:51:35,460 - rd_automator.uploader - INFO - Dropbox file deleted successfully.
2025-12-27 01:51:35,712 - dropbox - INFO - Request to sharing/create_shared_link_with_settings
2025-12-27 01:51:36,781 - rd_automator.uploader - INFO - Dropbox Link: https://www.dropbox.com/scl/fi/xdgnp3cj38uue9bqmeett/Ryan-Conway-Welcome-To-Brixton.flac?rlkey=aqwq840xqaph1mtb8yk8wkf4i&dl=0
2025-12-27 01:51:36,781 - rd_automator - INFO - Unrestricting link: https://www.dropbox.com/scl/fi/xdgnp3cj38uue9bqmeett/Ryan-Conway-Welcome-To-Brixton.flac?rlkey=aqwq840xqaph1mtb8yk8wkf4i&dl=0
2025-12-27 01:51:39,783 - rd_automator - INFO - Processing item: C:\Users\itsme\Desktop\download and auto\watch_folder\Dhanush - Megham Karukatha From Thiruchitrambalam.flac (Mode: hoster)
2025-12-27 01:51:39,784 - rd_automator.uploader - INFO - Using Dropbox Refresh Token authentication.
2025-12-27 01:51:39,784 - rd_automator.uploader - INFO - Uploading Dhanush - Megham Karukatha From Thiruchitrambalam.flac to Dropbox (61.89 MB)...
2025-12-27 01:51:39,800 - dropbox - INFO - Refreshing access token.
2025-12-27 01:51:40,189 - dropbox - INFO - Request to files/upload
2025-12-27 01:51:40,959 - rd_automator - INFO - Unrestrict successful! Download ID: EE36M624WAAR641
2025-12-27 01:51:40,960 - rd_automator - INFO - Saved link to unrestricted_links.txt
2025-12-27 01:51:40,960 - rd_automator - INFO - Cleaning up Dropbox to save space...
2025-12-27 01:51:40,960 - rd_automator.uploader - INFO - Using Dropbox Refresh Token authentication.
2025-12-27 01:51:40,961 - rd_automator.uploader - INFO - Deleting /Ryan Conway - Welcome To Brixton.flac from Dropbox...
2025-12-27 01:51:40,961 - dropbox - INFO - Refreshing access token.
2025-12-27 01:51:41,615 - rd_automator.watcher - INFO - Detected new file: C:\Users\itsme\Desktop\download and auto\watch_folder\Anirudh Ravichander - Thenmozhi From Thiruchitrambalam.flac
2025-12-27 01:51:41,615 - rd_automator - INFO - Waiting for file stability: C:\Users\itsme\Desktop\download and auto\watch_folder\Anirudh Ravichander - Thenmozhi From Thiruchitrambalam.flac
2025-12-27 01:51:42,386 - dropbox - INFO - Request to files/delete_v2
2025-12-27 01:51:42,971 - rd_automator.uploader - INFO - Dropbox file deleted successfully.
2025-12-27 01:51:44,317 - rd_automator.uploader - INFO - Dropbox Upload finished.
2025-12-27 01:51:44,318 - dropbox - INFO - Request to sharing/list_shared_links
2025-12-27 01:51:44,734 - dropbox - INFO - Request to sharing/create_shared_link_with_settings
2025-12-27 01:51:45,468 - rd_automator.uploader - INFO - Dropbox Link: https://www.dropbox.com/scl/fi/x04zs34vi4wcchoez9lbl/Dhanush-Megham-Karukatha-From-Thiruchitrambalam.flac?rlkey=rke6t1ibrhyf70bvut3cth15v&dl=0
2025-12-27 01:51:45,469 - rd_automator - INFO - Unrestricting link: https://www.dropbox.com/scl/fi/x04zs34vi4wcchoez9lbl/Dhanush-Megham-Karukatha-From-Thiruchitrambalam.flac?rlkey=rke6t1ibrhyf70bvut3cth15v&dl=0
2025-12-27 01:51:47,618 - rd_automator - INFO - Processing item: C:\Users\itsme\Desktop\download and auto\watch_folder\Anirudh Ravichander - Thenmozhi From Thiruchitrambalam.flac (Mode: hoster)
2025-12-27 01:51:47,618 - rd_automator.uploader - INFO - Using Dropbox Refresh Token authentication.
2025-12-27 01:51:47,618 - rd_automator.uploader - INFO - Uploading Anirudh Ravichander - Thenmozhi From Thiruchitrambalam.flac to Dropbox (35.72 MB)...
2025-12-27 01:51:47,628 - dropbox - INFO - Refreshing access token.
2025-12-27 01:51:47,952 - rd_automator - INFO - Unrestrict successful! Download ID: NXMKFE7ZRNEBU42
2025-12-27 01:51:47,953 - rd_automator - INFO - Saved link to unrestricted_links.txt
2025-12-27 01:51:47,953 - rd_automator - INFO - Cleaning up Dropbox to save space...
2025-12-27 01:51:47,953 - rd_automator.uploader - INFO - Using Dropbox Refresh Token authentication.
2025-12-27 01:51:47,953 - rd_automator.uploader - INFO - Deleting /Dhanush - Megham Karukatha From Thiruchitrambalam.flac from Dropbox...
2025-12-27 01:51:47,954 - dropbox - INFO - Refreshing access token.
2025-12-27 01:51:47,987 - dropbox - INFO - Request to files/upload
2025-12-27 01:51:48,344 - dropbox - INFO - Request to files/delete_v2
2025-12-27 01:51:48,884 - rd_automator.uploader - INFO - Dropbox file deleted successfully.
2025-12-27 01:51:49,273 - rd_automator.watcher - INFO - Detected new file: C:\Users\itsme\Desktop\download and auto\watch_folder\Tanishk Bagchi - Raataan Lambiyan From Shershaah.flac
2025-12-27 01:51:49,273 - rd_automator - INFO - Waiting for file stability: C:\Users\itsme\Desktop\download and auto\watch_folder\Tanishk Bagchi - Raataan Lambiyan From Shershaah.flac
2025-12-27 01:51:54,023 - rd_automator.uploader - INFO - Dropbox Upload finished.
2025-12-27 01:51:54,024 - dropbox - INFO - Request to sharing/list_shared_links
2025-12-27 01:51:54,415 - dropbox - INFO - Request to sharing/create_shared_link_with_settings
2025-12-27 01:51:55,253 - rd_automator.uploader - INFO - Dropbox Link: https://www.dropbox.com/scl/fi/oipqvcym78788u67zqkzy/Anirudh-Ravichander-Thenmozhi-From-Thiruchitrambalam.flac?rlkey=kf9yff8e7jutd4a9eww7cuh4a&dl=0
2025-12-27 01:51:55,253 - rd_automator - INFO - Unrestricting link: https://www.dropbox.com/scl/fi/oipqvcym78788u67zqkzy/Anirudh-Ravichander-Thenmozhi-From-Thiruchitrambalam.flac?rlkey=kf9yff8e7jutd4a9eww7cuh4a&dl=0
2025-12-27 01:51:57,275 - rd_automator - INFO - Processing item: C:\Users\itsme\Desktop\download and auto\watch_folder\Tanishk Bagchi - Raataan Lambiyan From Shershaah.flac (Mode: hoster)
2025-12-27 01:51:57,275 - rd_automator.uploader - INFO - Using Dropbox Refresh Token authentication.
2025-12-27 01:51:57,276 - rd_automator.uploader - INFO - Uploading Tanishk Bagchi - Raataan Lambiyan From Shershaah.flac to Dropbox (82.47 MB)...
2025-12-27 01:51:57,292 - dropbox - INFO - Refreshing access token.
2025-12-27 01:51:57,459 - rd_automator - INFO - Unrestrict successful! Download ID: V2MLCFAXFKOVK32
2025-12-27 01:51:57,460 - rd_automator - INFO - Saved link to unrestricted_links.txt
2025-12-27 01:51:57,461 - rd_automator - INFO - Cleaning up Dropbox to save space...
2025-12-27 01:51:57,461 - rd_automator.uploader - INFO - Using Dropbox Refresh Token authentication.
2025-12-27 01:51:57,461 - rd_automator.uploader - INFO - Deleting /Anirudh Ravichander - Thenmozhi From Thiruchitrambalam.flac from Dropbox...
2025-12-27 01:51:57,461 - dropbox - INFO - Refreshing access token.
2025-12-27 01:51:57,655 - dropbox - INFO - Request to files/upload_session/start
2025-12-27 01:51:57,830 - dropbox - INFO - Request to files/delete_v2
2025-12-27 01:51:58,415 - rd_automator.uploader - INFO - Dropbox file deleted successfully.
2025-12-27 01:52:00,135 - rd_automator.watcher - INFO - Detected new file: C:\Users\itsme\Desktop\download and auto\watch_folder\Ruth B - Dandelions.flac
2025-12-27 01:52:00,135 - rd_automator - INFO - Waiting for file stability: C:\Users\itsme\Desktop\download and auto\watch_folder\Ruth B - Dandelions.flac
2025-12-27 01:52:01,797 - dropbox - INFO - Request to files/upload_session/finish
2025-12-27 01:52:03,444 - rd_automator.uploader - INFO - Dropbox Upload finished.
2025-12-27 01:52:03,445 - dropbox - INFO - Request to sharing/list_shared_links
2025-12-27 01:52:03,859 - dropbox - INFO - Request to sharing/create_shared_link_with_settings
2025-12-27 01:52:04,723 - rd_automator.uploader - INFO - Dropbox Link: https://www.dropbox.com/scl/fi/kl8m0d3iwzhni5o1y6iv6/Tanishk-Bagchi-Raataan-Lambiyan-From-Shershaah.flac?rlkey=ttq5ljiwvjo0mkf0gyn4an97l&dl=0
2025-12-27 01:52:04,723 - rd_automator - INFO - Unrestricting link: https://www.dropbox.com/scl/fi/kl8m0d3iwzhni5o1y6iv6/Tanishk-Bagchi-Raataan-Lambiyan-From-Shershaah.flac?rlkey=ttq5ljiwvjo0mkf0gyn4an97l&dl=0
2025-12-27 01:52:07,378 - rd_automator - INFO - Unrestrict successful! Download ID: 3QMMKCSOUJLDQ32
2025-12-27 01:52:07,379 - rd_automator - INFO - Saved link to unrestricted_links.txt
2025-12-27 01:52:07,379 - rd_automator - INFO - Cleaning up Dropbox to save space...
2025-12-27 01:52:07,379 - rd_automator.uploader - INFO - Using Dropbox Refresh Token authentication.
2025-12-27 01:52:07,380 - rd_automator.uploader - INFO - Deleting /Tanishk Bagchi - Raataan Lambiyan From Shershaah.flac from Dropbox...
2025-12-27 01:52:07,380 - dropbox - INFO - Refreshing access token.
2025-12-27 01:52:07,752 - dropbox - INFO - Request to files/delete_v2
2025-12-27 01:52:08,147 - rd_automator - INFO - Processing item: C:\Users\itsme\Desktop\download and auto\watch_folder\Ruth B - Dandelions.flac (Mode: hoster)
2025-12-27 01:52:08,147 - rd_automator.uploader - INFO - Using Dropbox Refresh Token authentication.
2025-12-27 01:52:08,147 - rd_automator.uploader - INFO - Uploading Ruth B - Dandelions.flac to Dropbox (84.69 MB)...
2025-12-27 01:52:08,163 - dropbox - INFO - Refreshing access token.
2025-12-27 01:52:08,316 - rd_automator.uploader - INFO - Dropbox file deleted successfully.
2025-12-27 01:52:08,553 - dropbox - INFO - Request to files/upload_session/start
2025-12-27 01:52:10,205 - rd_automator.watcher - INFO - Detected new file: C:\Users\itsme\Desktop\download and auto\watch_folder\BLACKPINK - Pink Venom.flac
2025-12-27 01:52:10,206 - rd_automator - INFO - Waiting for file stability: C:\Users\itsme\Desktop\download and auto\watch_folder\BLACKPINK - Pink Venom.flac
2025-12-27 01:52:12,999 - dropbox - INFO - Request to files/upload_session/finish
2025-12-27 01:52:14,800 - rd_automator.uploader - INFO - Dropbox Upload finished.
2025-12-27 01:52:14,801 - dropbox - INFO - Request to sharing/list_shared_links
2025-12-27 01:52:15,211 - dropbox - INFO - Request to sharing/create_shared_link_with_settings
2025-12-27 01:52:15,965 - rd_automator.uploader - INFO - Dropbox Link: https://www.dropbox.com/scl/fi/n7o4ofgj1xj1rideo9i2w/Ruth-B-Dandelions.flac?rlkey=lu31nn4l12v4khfx6h86xykdi&dl=0
2025-12-27 01:52:15,966 - rd_automator - INFO - Unrestricting link: https://www.dropbox.com/scl/fi/n7o4ofgj1xj1rideo9i2w/Ruth-B-Dandelions.flac?rlkey=lu31nn4l12v4khfx6h86xykdi&dl=0
2025-12-27 01:52:16,207 - rd_automator - INFO - Processing item: C:\Users\itsme\Desktop\download and auto\watch_folder\BLACKPINK - Pink Venom.flac (Mode: hoster)
2025-12-27 01:52:16,208 - rd_automator.uploader - INFO - Using Dropbox Refresh Token authentication.
2025-12-27 01:52:16,208 - rd_automator.uploader - INFO - Uploading BLACKPINK - Pink Venom.flac to Dropbox (39.56 MB)...
2025-12-27 01:52:16,219 - dropbox - INFO - Refreshing access token.
2025-12-27 01:52:16,685 - dropbox - INFO - Request to files/upload
2025-12-27 01:52:18,391 - rd_automator - INFO - Unrestrict successful! Download ID: 34RIODJZZAR4O41
2025-12-27 01:52:18,392 - rd_automator - INFO - Saved link to unrestricted_links.txt
2025-12-27 01:52:18,392 - rd_automator - INFO - Cleaning up Dropbox to save space...
2025-12-27 01:52:18,392 - rd_automator.uploader - INFO - Using Dropbox Refresh Token authentication.
2025-12-27 01:52:18,392 - rd_automator.uploader - INFO - Deleting /Ruth B - Dandelions.flac from Dropbox...
2025-12-27 01:52:18,393 - dropbox - INFO - Refreshing access token.
2025-12-27 01:52:18,765 - dropbox - INFO - Request to files/delete_v2
2025-12-27 01:52:19,290 - rd_automator.uploader - INFO - Dropbox file deleted successfully.
2025-12-27 01:52:21,941 - rd_automator.uploader - INFO - Dropbox Upload finished.
2025-12-27 01:52:21,941 - dropbox - INFO - Request to sharing/list_shared_links
2025-12-27 01:52:22,087 - rd_automator.watcher - INFO - Detected new file: C:\Users\itsme\Desktop\download and auto\watch_folder\Billie Eilish - bad guy.flac
2025-12-27 01:52:22,087 - rd_automator - INFO - Waiting for file stability: C:\Users\itsme\Desktop\download and auto\watch_folder\Billie Eilish - bad guy.flac
2025-12-27 01:52:22,373 - dropbox - INFO - Request to sharing/create_shared_link_with_settings
2025-12-27 01:52:23,132 - rd_automator.uploader - INFO - Dropbox Link: https://www.dropbox.com/scl/fi/766qm6ktv2pdz01utdb1a/BLACKPINK-Pink-Venom.flac?rlkey=k7089pgxldls8mczaaprog8dr&dl=0
2025-12-27 01:52:23,132 - rd_automator - INFO - Unrestricting link: https://www.dropbox.com/scl/fi/766qm6ktv2pdz01utdb1a/BLACKPINK-Pink-Venom.flac?rlkey=k7089pgxldls8mczaaprog8dr&dl=0
2025-12-27 01:52:27,290 - rd_automator - INFO - Unrestrict successful! Download ID: ZED455UXW4MOQ41
2025-12-27 01:52:27,290 - rd_automator - INFO - Saved link to unrestricted_links.txt
2025-12-27 01:52:27,290 - rd_automator - INFO - Cleaning up Dropbox to save space...
2025-12-27 01:52:27,291 - rd_automator.uploader - INFO - Using Dropbox Refresh Token authentication.
2025-12-27 01:52:27,291 - rd_automator.uploader - INFO - Deleting /BLACKPINK - Pink Venom.flac from Dropbox...
2025-12-27 01:52:27,291 - dropbox - INFO - Refreshing access token.
2025-12-27 01:52:27,665 - dropbox - INFO - Request to files/delete_v2
2025-12-27 01:52:28,089 - rd_automator - INFO - Processing item: C:\Users\itsme\Desktop\download and auto\watch_folder\Billie Eilish - bad guy.flac (Mode: hoster)
2025-12-27 01:52:28,090 - rd_automator.uploader - INFO - Using Dropbox Refresh Token authentication.
2025-12-27 01:52:28,090 - rd_automator.uploader - INFO - Uploading Billie Eilish - bad guy.flac to Dropbox (33.07 MB)...
2025-12-27 01:52:28,102 - dropbox - INFO - Refreshing access token.
2025-12-27 01:52:28,202 - rd_automator.uploader - INFO - Dropbox file deleted successfully.
2025-12-27 01:52:28,543 - dropbox - INFO - Request to files/upload
2025-12-27 01:52:30,515 - rd_automator.watcher - INFO - Detected new file: C:\Users\itsme\Desktop\download and auto\watch_folder\Anirudh Ravichander - Thaai Kelavi From Thiruchitrambalam.flac
2025-12-27 01:52:30,516 - rd_automator - INFO - Waiting for file stability: C:\Users\itsme\Desktop\download and auto\watch_folder\Anirudh Ravichander - Thaai Kelavi From Thiruchitrambalam.flac
2025-12-27 01:52:31,957 - rd_automator.uploader - INFO - Dropbox Upload finished.
2025-12-27 01:52:31,958 - dropbox - INFO - Request to sharing/list_shared_links
2025-12-27 01:52:32,398 - dropbox - INFO - Request to sharing/create_shared_link_with_settings
2025-12-27 01:52:33,249 - rd_automator.uploader - INFO - Dropbox Link: https://www.dropbox.com/scl/fi/f1e9clfdf56ktcd376q6f/Billie-Eilish-bad-guy.flac?rlkey=67l00qytbnah8bnc47kmbmw2m&dl=0
2025-12-27 01:52:33,250 - rd_automator - INFO - Unrestricting link: https://www.dropbox.com/scl/fi/f1e9clfdf56ktcd376q6f/Billie-Eilish-bad-guy.flac?rlkey=67l00qytbnah8bnc47kmbmw2m&dl=0
2025-12-27 01:52:37,541 - rd_automator - INFO - Unrestrict successful! Download ID: ACSGFMI4NKALI32
2025-12-27 01:52:37,541 - rd_automator - INFO - Saved link to unrestricted_links.txt
2025-12-27 01:52:37,541 - rd_automator - INFO - Cleaning up Dropbox to save space...
2025-12-27 01:52:37,542 - rd_automator.uploader - INFO - Using Dropbox Refresh Token authentication.
2025-12-27 01:52:37,542 - rd_automator.uploader - INFO - Deleting /Billie Eilish - bad guy.flac from Dropbox...
2025-12-27 01:52:37,542 - dropbox - INFO - Refreshing access token.
2025-12-27 01:52:37,965 - dropbox - INFO - Request to files/delete_v2
2025-12-27 01:52:38,518 - rd_automator - INFO - Processing item: C:\Users\itsme\Desktop\download and auto\watch_folder\Anirudh Ravichander - Thaai Kelavi From Thiruchitrambalam.flac (Mode: hoster)
2025-12-27 01:52:38,518 - rd_automator.uploader - INFO - Using Dropbox Refresh Token authentication.
2025-12-27 01:52:38,518 - rd_automator.uploader - INFO - Uploading Anirudh Ravichander - Thaai Kelavi From Thiruchitrambalam.flac to Dropbox (56.24 MB)...
2025-12-27 01:52:38,520 - rd_automator.uploader - INFO - Dropbox file deleted successfully.
2025-12-27 01:52:38,541 - dropbox - INFO - Refreshing access token.
2025-12-27 01:52:38,957 - dropbox - INFO - Request to files/upload
2025-12-27 01:52:39,314 - rd_automator.watcher - INFO - Detected new file: C:\Users\itsme\Desktop\download and auto\watch_folder\Alec Benjamin - Let Me Down Slowly.flac
2025-12-27 01:52:39,314 - rd_automator - INFO - Waiting for file stability: C:\Users\itsme\Desktop\download and auto\watch_folder\Alec Benjamin - Let Me Down Slowly.flac
2025-12-27 01:52:43,118 - rd_automator.uploader - INFO - Dropbox Upload finished.
2025-12-27 01:52:43,119 - dropbox - INFO - Request to sharing/list_shared_links
2025-12-27 01:52:43,509 - dropbox - INFO - Request to sharing/create_shared_link_with_settings
2025-12-27 01:52:44,232 - rd_automator.uploader - INFO - Dropbox Link: https://www.dropbox.com/scl/fi/4qgeizbqz9nw9tpdn1auw/Anirudh-Ravichander-Thaai-Kelavi-From-Thiruchitrambalam.flac?rlkey=b0dzgjwjvcaf5bx1jh5quy049&dl=0
2025-12-27 01:52:44,233 - rd_automator - INFO - Unrestricting link: https://www.dropbox.com/scl/fi/4qgeizbqz9nw9tpdn1auw/Anirudh-Ravichander-Thaai-Kelavi-From-Thiruchitrambalam.flac?rlkey=b0dzgjwjvcaf5bx1jh5quy049&dl=0
2025-12-27 01:52:46,527 - rd_automator - INFO - Unrestrict successful! Download ID: H3CVQTPQADUHU32
2025-12-27 01:52:46,528 - rd_automator - INFO - Saved link to unrestricted_links.txt
2025-12-27 01:52:46,528 - rd_automator - INFO - Cleaning up Dropbox to save space...
2025-12-27 01:52:46,528 - rd_automator.uploader - INFO - Using Dropbox Refresh Token authentication.
2025-12-27 01:52:46,528 - rd_automator.uploader - INFO - Deleting /Anirudh Ravichander - Thaai Kelavi From Thiruchitrambalam.flac from Dropbox...
2025-12-27 01:52:46,529 - dropbox - INFO - Refreshing access token.
2025-12-27 01:52:46,948 - dropbox - INFO - Request to files/delete_v2
2025-12-27 01:52:47,317 - rd_automator - INFO - Processing item: C:\Users\itsme\Desktop\download and auto\watch_folder\Alec Benjamin - Let Me Down Slowly.flac (Mode: hoster)
2025-12-27 01:52:47,317 - rd_automator.uploader - INFO - Using Dropbox Refresh Token authentication.
2025-12-27 01:52:47,318 - rd_automator.uploader - INFO - Uploading Alec Benjamin - Let Me Down Slowly.flac to Dropbox (17.68 MB)...
2025-12-27 01:52:47,322 - dropbox - INFO - Refreshing access token.
2025-12-27 01:52:47,482 - rd_automator.uploader - INFO - Dropbox file deleted successfully.
2025-12-27 01:52:47,728 - dropbox - INFO - Request to files/upload
2025-12-27 01:52:50,071 - rd_automator.uploader - INFO - Dropbox Upload finished.
2025-12-27 01:52:50,072 - dropbox - INFO - Request to sharing/list_shared_links
2025-12-27 01:52:50,556 - dropbox - INFO - Request to sharing/create_shared_link_with_settings
2025-12-27 01:52:51,755 - rd_automator.uploader - INFO - Dropbox Link: https://www.dropbox.com/scl/fi/lp54q1qy4ef7t7odm2zqt/Alec-Benjamin-Let-Me-Down-Slowly.flac?rlkey=a736qpz7kx4ag5xerj2uijn8u&dl=0
2025-12-27 01:52:51,756 - rd_automator - INFO - Unrestricting link: https://www.dropbox.com/scl/fi/lp54q1qy4ef7t7odm2zqt/Alec-Benjamin-Let-Me-Down-Slowly.flac?rlkey=a736qpz7kx4ag5xerj2uijn8u&dl=0
2025-12-27 01:52:54,241 - rd_automator - INFO - Unrestrict successful! Download ID: 57QOVWANDL7W432
2025-12-27 01:52:54,242 - rd_automator - INFO - Saved link to unrestricted_links.txt
2025-12-27 01:52:54,243 - rd_automator - INFO - Cleaning up Dropbox to save space...
2025-12-27 01:52:54,243 - rd_automator.uploader - INFO - Using Dropbox Refresh Token authentication.
2025-12-27 01:52:54,243 - rd_automator.uploader - INFO - Deleting /Alec Benjamin - Let Me Down Slowly.flac from Dropbox...
2025-12-27 01:52:54,243 - dropbox - INFO - Refreshing access token.
2025-12-27 01:52:54,601 - dropbox - INFO - Request to files/delete_v2
2025-12-27 01:52:55,164 - rd_automator.uploader - INFO - Dropbox file deleted successfully.
2025-12-27 01:52:56,336 - rd_automator.watcher - INFO - Detected new file: C:\Users\itsme\Desktop\download and auto\watch_folder\Anirudh Ravichander - Pathala Pathala From Vikram.flac
2025-12-27 01:52:56,336 - rd_automator - INFO - Waiting for file stability: C:\Users\itsme\Desktop\download and auto\watch_folder\Anirudh Ravichander - Pathala Pathala From Vikram.flac
2025-12-27 01:53:04,339 - rd_automator - INFO - Processing item: C:\Users\itsme\Desktop\download and auto\watch_folder\Anirudh Ravichander - Pathala Pathala From Vikram.flac (Mode: hoster)
2025-12-27 01:53:04,340 - rd_automator.uploader - INFO - Using Dropbox Refresh Token authentication.
2025-12-27 01:53:04,340 - rd_automator.uploader - INFO - Uploading Anirudh Ravichander - Pathala Pathala From Vikram.flac to Dropbox (75.14 MB)...
2025-12-27 01:53:04,359 - dropbox - INFO - Refreshing access token.
2025-12-27 01:53:04,726 - dropbox - INFO - Request to files/upload_session/start
2025-12-27 01:53:04,979 - rd_automator.watcher - INFO - Detected new file: C:\Users\itsme\Desktop\download and auto\watch_folder\Anirudh Ravichander - Andha Kanna Paathaakaa From Master.flac
2025-12-27 01:53:04,979 - rd_automator - INFO - Waiting for file stability: C:\Users\itsme\Desktop\download and auto\watch_folder\Anirudh Ravichander - Andha Kanna Paathaakaa From Master.flac
2025-12-27 01:53:08,890 - dropbox - INFO - Request to files/upload_session/finish
2025-12-27 01:53:10,264 - rd_automator.uploader - INFO - Dropbox Upload finished.
2025-12-27 01:53:10,264 - dropbox - INFO - Request to sharing/list_shared_links
2025-12-27 01:53:10,651 - dropbox - INFO - Request to sharing/create_shared_link_with_settings
2025-12-27 01:53:10,981 - rd_automator - INFO - Processing item: C:\Users\itsme\Desktop\download and auto\watch_folder\Anirudh Ravichander - Andha Kanna Paathaakaa From Master.flac (Mode: hoster)
2025-12-27 01:53:10,982 - rd_automator.uploader - INFO - Using Dropbox Refresh Token authentication.
2025-12-27 01:53:10,982 - rd_automator.uploader - INFO - Uploading Anirudh Ravichander - Andha Kanna Paathaakaa From Master.flac to Dropbox (21.61 MB)...
2025-12-27 01:53:10,988 - dropbox - INFO - Refreshing access token.
2025-12-27 01:53:11,378 - rd_automator.uploader - INFO - Dropbox Link: https://www.dropbox.com/scl/fi/qyzn9nmmozrhml5zlddqi/Anirudh-Ravichander-Pathala-Pathala-From-Vikram.flac?rlkey=h432455x7y9swcfsyxt3tac5j&dl=0
2025-12-27 01:53:11,379 - rd_automator - INFO - Unrestricting link: https://www.dropbox.com/scl/fi/qyzn9nmmozrhml5zlddqi/Anirudh-Ravichander-Pathala-Pathala-From-Vikram.flac?rlkey=h432455x7y9swcfsyxt3tac5j&dl=0
2025-12-27 01:53:11,415 - dropbox - INFO - Request to files/upload
2025-12-27 01:53:13,286 - rd_automator.uploader - INFO - Dropbox Upload finished.
2025-12-27 01:53:13,286 - dropbox - INFO - Request to sharing/list_shared_links
2025-12-27 01:53:13,659 - rd_automator - INFO - Unrestrict successful! Download ID: IGRFTRJVNIOXI41
2025-12-27 01:53:13,660 - rd_automator - INFO - Saved link to unrestricted_links.txt
2025-12-27 01:53:13,661 - rd_automator - INFO - Cleaning up Dropbox to save space...
2025-12-27 01:53:13,661 - rd_automator.uploader - INFO - Using Dropbox Refresh Token authentication.
2025-12-27 01:53:13,661 - rd_automator.uploader - INFO - Deleting /Anirudh Ravichander - Pathala Pathala From Vikram.flac from Dropbox...
2025-12-27 01:53:13,661 - dropbox - INFO - Refreshing access token.
2025-12-27 01:53:13,691 - dropbox - INFO - Request to sharing/create_shared_link_with_settings
2025-12-27 01:53:14,083 - dropbox - INFO - Request to files/delete_v2
2025-12-27 01:53:14,421 - rd_automator.watcher - INFO - Detected new file: C:\Users\itsme\Desktop\download and auto\watch_folder\Anirudh Ravichander - Kutti Story From Master.flac
2025-12-27 01:53:14,422 - rd_automator - INFO - Waiting for file stability: C:\Users\itsme\Desktop\download and auto\watch_folder\Anirudh Ravichander - Kutti Story From Master.flac
2025-12-27 01:53:15,322 - rd_automator.uploader - INFO - Dropbox Link: https://www.dropbox.com/scl/fi/nuk6uhomim3p93zjb397b/Anirudh-Ravichander-Andha-Kanna-Paathaakaa-From-Master.flac?rlkey=knbsd9wdjwb689kw9darrfvgr&dl=0
2025-12-27 01:53:15,323 - rd_automator - INFO - Unrestricting link: https://www.dropbox.com/scl/fi/nuk6uhomim3p93zjb397b/Anirudh-Ravichander-Andha-Kanna-Paathaakaa-From-Master.flac?rlkey=knbsd9wdjwb689kw9darrfvgr&dl=0
2025-12-27 01:53:15,633 - rd_automator.uploader - INFO - Dropbox file deleted successfully.
2025-12-27 01:53:18,163 - rd_automator - INFO - Unrestrict successful! Download ID: R42SX665WYPDO40
2025-12-27 01:53:18,164 - rd_automator - INFO - Saved link to unrestricted_links.txt
2025-12-27 01:53:18,164 - rd_automator - INFO - Cleaning up Dropbox to save space...
2025-12-27 01:53:18,164 - rd_automator.uploader - INFO - Using Dropbox Refresh Token authentication.
2025-12-27 01:53:18,164 - rd_automator.uploader - INFO - Deleting /Anirudh Ravichander - Andha Kanna Paathaakaa From Master.flac from Dropbox...
2025-12-27 01:53:18,164 - dropbox - INFO - Refreshing access token.
2025-12-27 01:53:18,540 - dropbox - INFO - Request to files/delete_v2
2025-12-27 01:53:19,056 - rd_automator.uploader - INFO - Dropbox file deleted successfully.
2025-12-27 01:53:20,424 - rd_automator - INFO - Processing item: C:\Users\itsme\Desktop\download and auto\watch_folder\Anirudh Ravichander - Kutti Story From Master.flac (Mode: hoster)
2025-12-27 01:53:20,425 - rd_automator.uploader - INFO - Using Dropbox Refresh Token authentication.
2025-12-27 01:53:20,425 - rd_automator.uploader - INFO - Uploading Anirudh Ravichander - Kutti Story From Master.flac to Dropbox (34.41 MB)...
2025-12-27 01:53:20,435 - dropbox - INFO - Refreshing access token.
2025-12-27 01:53:20,805 - dropbox - INFO - Request to files/upload
2025-12-27 01:53:22,382 - rd_automator.watcher - INFO - Detected new file: C:\Users\itsme\Desktop\download and auto\watch_folder\Anirudh Ravichander - Pona Pogattum.flac
2025-12-27 01:53:22,382 - rd_automator - INFO - Waiting for file stability: C:\Users\itsme\Desktop\download and auto\watch_folder\Anirudh Ravichander - Pona Pogattum.flac
2025-12-27 01:53:23,992 - rd_automator.uploader - INFO - Dropbox Upload finished.
2025-12-27 01:53:23,993 - dropbox - INFO - Request to sharing/list_shared_links
2025-12-27 01:53:24,398 - dropbox - INFO - Request to sharing/create_shared_link_with_settings
2025-12-27 01:53:25,165 - rd_automator.uploader - INFO - Dropbox Link: https://www.dropbox.com/scl/fi/cmhfs7hyp38y1dwl5iomc/Anirudh-Ravichander-Kutti-Story-From-Master.flac?rlkey=fnyhd8rwvrcglll1vg90knp41&dl=0
2025-12-27 01:53:25,165 - rd_automator - INFO - Unrestricting link: https://www.dropbox.com/scl/fi/cmhfs7hyp38y1dwl5iomc/Anirudh-Ravichander-Kutti-Story-From-Master.flac?rlkey=fnyhd8rwvrcglll1vg90knp41&dl=0
2025-12-27 01:53:28,385 - rd_automator - INFO - Processing item: C:\Users\itsme\Desktop\download and auto\watch_folder\Anirudh Ravichander - Pona Pogattum.flac (Mode: hoster)
2025-12-27 01:53:28,386 - rd_automator.uploader - INFO - Using Dropbox Refresh Token authentication.
2025-12-27 01:53:28,386 - rd_automator.uploader - INFO - Uploading Anirudh Ravichander - Pona Pogattum.flac to Dropbox (31.03 MB)...
2025-12-27 01:53:28,396 - dropbox - INFO - Refreshing access token.
2025-12-27 01:53:28,818 - dropbox - INFO - Request to files/upload
2025-12-27 01:53:29,459 - rd_automator - INFO - Unrestrict successful! Download ID: AZ5XIYOA2UXM441
2025-12-27 01:53:29,460 - rd_automator - INFO - Saved link to unrestricted_links.txt
2025-12-27 01:53:29,460 - rd_automator - INFO - Cleaning up Dropbox to save space...
2025-12-27 01:53:29,461 - rd_automator.uploader - INFO - Using Dropbox Refresh Token authentication.
2025-12-27 01:53:29,461 - rd_automator.uploader - INFO - Deleting /Anirudh Ravichander - Kutti Story From Master.flac from Dropbox...
2025-12-27 01:53:29,461 - dropbox - INFO - Refreshing access token.
2025-12-27 01:53:29,885 - dropbox - INFO - Request to files/delete_v2
2025-12-27 01:53:30,894 - rd_automator.uploader - INFO - Dropbox file deleted successfully.
2025-12-27 01:53:32,456 - rd_automator.uploader - INFO - Dropbox Upload finished.
2025-12-27 01:53:32,457 - dropbox - INFO - Request to sharing/list_shared_links
2025-12-27 01:53:32,865 - dropbox - INFO - Request to sharing/create_shared_link_with_settings
2025-12-27 01:53:33,155 - rd_automator.watcher - INFO - Detected new file: C:\Users\itsme\Desktop\download and auto\watch_folder\Anirudh Ravichander - Polakattum Para Para.flac
2025-12-27 01:53:33,155 - rd_automator - INFO - Waiting for file stability: C:\Users\itsme\Desktop\download and auto\watch_folder\Anirudh Ravichander - Polakattum Para Para.flac
2025-12-27 01:53:33,622 - rd_automator.uploader - INFO - Dropbox Link: https://www.dropbox.com/scl/fi/wmn2tiw6d1lxohvn80eky/Anirudh-Ravichander-Pona-Pogattum.flac?rlkey=95ywtp6ku8931084jaxwmf1ya&dl=0
2025-12-27 01:53:33,623 - rd_automator - INFO - Unrestricting link: https://www.dropbox.com/scl/fi/wmn2tiw6d1lxohvn80eky/Anirudh-Ravichander-Pona-Pogattum.flac?rlkey=95ywtp6ku8931084jaxwmf1ya&dl=0
2025-12-27 01:53:38,853 - rd_automator - INFO - Unrestrict successful! Download ID: WKTPCKUMTQU5O41
2025-12-27 01:53:38,854 - rd_automator - INFO - Saved link to unrestricted_links.txt
2025-12-27 01:53:38,854 - rd_automator - INFO - Cleaning up Dropbox to save space...
2025-12-27 01:53:38,854 - rd_automator.uploader - INFO - Using Dropbox Refresh Token authentication.
2025-12-27 01:53:38,854 - rd_automator.uploader - INFO - Deleting /Anirudh Ravichander - Pona Pogattum.flac from Dropbox...
2025-12-27 01:53:38,854 - dropbox - INFO - Refreshing access token.
2025-12-27 01:53:39,243 - dropbox - INFO - Request to files/delete_v2
2025-12-27 01:53:39,808 - rd_automator.uploader - INFO - Dropbox file deleted successfully.
2025-12-27 01:53:43,158 - rd_automator - INFO - Processing item: C:\Users\itsme\Desktop\download and auto\watch_folder\Anirudh Ravichander - Polakattum Para Para.flac (Mode: hoster)
2025-12-27 01:53:43,159 - rd_automator.uploader - INFO - Using Dropbox Refresh Token authentication.
2025-12-27 01:53:43,159 - rd_automator.uploader - INFO - Uploading Anirudh Ravichander - Polakattum Para Para.flac to Dropbox (73.41 MB)...
2025-12-27 01:53:43,176 - dropbox - INFO - Refreshing access token.
2025-12-27 01:53:43,595 - dropbox - INFO - Request to files/upload_session/start
2025-12-27 01:53:43,763 - rd_automator.watcher - INFO - Detected new file: C:\Users\itsme\Desktop\download and auto\watch_folder\Gopi Sundar - Inkem Inkem Lofi Mix From Geetha Govindam.flac
2025-12-27 01:53:43,763 - rd_automator - INFO - Waiting for file stability: C:\Users\itsme\Desktop\download and auto\watch_folder\Gopi Sundar - Inkem Inkem Lofi Mix From Geetha Govindam.flac
2025-12-27 01:53:47,622 - dropbox - INFO - Request to files/upload_session/finish
2025-12-27 01:53:48,947 - rd_automator.uploader - INFO - Dropbox Upload finished.
2025-12-27 01:53:48,948 - dropbox - INFO - Request to sharing/list_shared_links
2025-12-27 01:53:49,362 - dropbox - INFO - Request to sharing/create_shared_link_with_settings
2025-12-27 01:53:49,765 - rd_automator - INFO - Processing item: C:\Users\itsme\Desktop\download and auto\watch_folder\Gopi Sundar - Inkem Inkem Lofi Mix From Geetha Govindam.flac (Mode: hoster)
2025-12-27 01:53:49,766 - rd_automator.uploader - INFO - Using Dropbox Refresh Token authentication.
2025-12-27 01:53:49,766 - rd_automator.uploader - INFO - Uploading Gopi Sundar - Inkem Inkem Lofi Mix From Geetha Govindam.flac to Dropbox (59.67 MB)...
2025-12-27 01:53:49,783 - dropbox - INFO - Refreshing access token.
2025-12-27 01:53:50,115 - rd_automator.uploader - INFO - Dropbox Link: https://www.dropbox.com/scl/fi/n20l9ln8jp9yfvtr1ctu4/Anirudh-Ravichander-Polakattum-Para-Para.flac?rlkey=yweqiuibj3d96c7vhpuab9p7a&dl=0
2025-12-27 01:53:50,116 - rd_automator - INFO - Unrestricting link: https://www.dropbox.com/scl/fi/n20l9ln8jp9yfvtr1ctu4/Anirudh-Ravichander-Polakattum-Para-Para.flac?rlkey=yweqiuibj3d96c7vhpuab9p7a&dl=0
2025-12-27 01:53:50,151 - dropbox - INFO - Request to files/upload
2025-12-27 01:53:51,464 - rd_automator.watcher - INFO - Detected new file: C:\Users\itsme\Desktop\download and auto\watch_folder\Gopi Sundar - Yenti Yenti Lofi Mix From Geetha Govindam.flac
2025-12-27 01:53:51,464 - rd_automator - INFO - Waiting for file stability: C:\Users\itsme\Desktop\download and auto\watch_folder\Gopi Sundar - Yenti Yenti Lofi Mix From Geetha Govindam.flac
2025-12-27 01:53:54,413 - rd_automator.uploader - INFO - Dropbox Upload finished.
2025-12-27 01:53:54,413 - dropbox - INFO - Request to sharing/list_shared_links
2025-12-27 01:53:54,556 - rd_automator - INFO - Unrestrict successful! Download ID: ZCX5KUKJAZWK632
2025-12-27 01:53:54,557 - rd_automator - INFO - Saved link to unrestricted_links.txt
2025-12-27 01:53:54,557 - rd_automator - INFO - Cleaning up Dropbox to save space...
2025-12-27 01:53:54,557 - rd_automator.uploader - INFO - Using Dropbox Refresh Token authentication.
2025-12-27 01:53:54,558 - rd_automator.uploader - INFO - Deleting /Anirudh Ravichander - Polakattum Para Para.flac from Dropbox...
2025-12-27 01:53:54,558 - dropbox - INFO - Refreshing access token.
2025-12-27 01:53:54,804 - dropbox - INFO - Request to sharing/create_shared_link_with_settings
2025-12-27 01:53:54,934 - dropbox - INFO - Request to files/delete_v2
2025-12-27 01:53:55,482 - rd_automator.uploader - INFO - Dropbox file deleted successfully.
2025-12-27 01:53:55,587 - rd_automator.uploader - INFO - Dropbox Link: https://www.dropbox.com/scl/fi/uieh5v42wma8taus5tdy8/Gopi-Sundar-Inkem-Inkem-Lofi-Mix-From-Geetha-Govindam.flac?rlkey=ukbuhwybxpophk29ihpp841il&dl=0
2025-12-27 01:53:55,587 - rd_automator - INFO - Unrestricting link: https://www.dropbox.com/scl/fi/uieh5v42wma8taus5tdy8/Gopi-Sundar-Inkem-Inkem-Lofi-Mix-From-Geetha-Govindam.flac?rlkey=ukbuhwybxpophk29ihpp841il&dl=0
2025-12-27 01:53:58,061 - rd_automator - INFO - Unrestrict successful! Download ID: JNNRNS2KKNGRQ32
2025-12-27 01:53:58,062 - rd_automator - INFO - Saved link to unrestricted_links.txt
2025-12-27 01:53:58,063 - rd_automator - INFO - Cleaning up Dropbox to save space...
2025-12-27 01:53:58,063 - rd_automator.uploader - INFO - Using Dropbox Refresh Token authentication.
2025-12-27 01:53:58,063 - rd_automator.uploader - INFO - Deleting /Gopi Sundar - Inkem Inkem Lofi Mix From Geetha Govindam.flac from Dropbox...
2025-12-27 01:53:58,063 - dropbox - INFO - Refreshing access token.
2025-12-27 01:53:58,424 - dropbox - INFO - Request to files/delete_v2
2025-12-27 01:53:59,037 - rd_automator.uploader - INFO - Dropbox file deleted successfully.
2025-12-27 01:53:59,467 - rd_automator - INFO - Processing item: C:\Users\itsme\Desktop\download and auto\watch_folder\Gopi Sundar - Yenti Yenti Lofi Mix From Geetha Govindam.flac (Mode: hoster)
2025-12-27 01:53:59,467 - rd_automator.uploader - INFO - Using Dropbox Refresh Token authentication.
2025-12-27 01:53:59,468 - rd_automator.uploader - INFO - Uploading Gopi Sundar - Yenti Yenti Lofi Mix From Geetha Govindam.flac to Dropbox (62.79 MB)...
2025-12-27 01:53:59,485 - dropbox - INFO - Refreshing access token.
2025-12-27 01:53:59,850 - dropbox - INFO - Request to files/upload
2025-12-27 01:54:04,424 - rd_automator.uploader - INFO - Dropbox Upload finished.
2025-12-27 01:54:04,424 - dropbox - INFO - Request to sharing/list_shared_links
2025-12-27 01:54:04,866 - dropbox - INFO - Request to sharing/create_shared_link_with_settings
2025-12-27 01:54:04,955 - rd_automator.watcher - INFO - Detected new file: C:\Users\itsme\Desktop\download and auto\watch_folder\AR Rahman - Yeh Haseen Vadiyan Yeh Khula Aasman.flac
2025-12-27 01:54:04,955 - rd_automator - INFO - Waiting for file stability: C:\Users\itsme\Desktop\download and auto\watch_folder\AR Rahman - Yeh Haseen Vadiyan Yeh Khula Aasman.flac
2025-12-27 01:54:05,712 - rd_automator.uploader - INFO - Dropbox Link: https://www.dropbox.com/scl/fi/h6hamxs4927jj6ex4t90l/Gopi-Sundar-Yenti-Yenti-Lofi-Mix-From-Geetha-Govindam.flac?rlkey=ijau3nm9550uohegxeza8d4k2&dl=0
2025-12-27 01:54:05,713 - rd_automator - INFO - Unrestricting link: https://www.dropbox.com/scl/fi/h6hamxs4927jj6ex4t90l/Gopi-Sundar-Yenti-Yenti-Lofi-Mix-From-Geetha-Govindam.flac?rlkey=ijau3nm9550uohegxeza8d4k2&dl=0
2025-12-27 01:54:08,178 - rd_automator - INFO - Unrestrict successful! Download ID: COTQB334TSO5O41
2025-12-27 01:54:08,179 - rd_automator - INFO - Saved link to unrestricted_links.txt
2025-12-27 01:54:08,179 - rd_automator - INFO - Cleaning up Dropbox to save space...
2025-12-27 01:54:08,179 - rd_automator.uploader - INFO - Using Dropbox Refresh Token authentication.
2025-12-27 01:54:08,179 - rd_automator.uploader - INFO - Deleting /Gopi Sundar - Yenti Yenti Lofi Mix From Geetha Govindam.flac from Dropbox...
2025-12-27 01:54:08,179 - dropbox - INFO - Refreshing access token.
2025-12-27 01:54:08,593 - dropbox - INFO - Request to files/delete_v2
2025-12-27 01:54:09,137 - rd_automator.uploader - INFO - Dropbox file deleted successfully.
2025-12-27 01:54:10,958 - rd_automator - INFO - Processing item: C:\Users\itsme\Desktop\download and auto\watch_folder\AR Rahman - Yeh Haseen Vadiyan Yeh Khula Aasman.flac (Mode: hoster)
2025-12-27 01:54:10,958 - rd_automator.uploader - INFO - Using Dropbox Refresh Token authentication.
2025-12-27 01:54:10,959 - rd_automator.uploader - INFO - Uploading AR Rahman - Yeh Haseen Vadiyan Yeh Khula Aasman.flac to Dropbox (31.61 MB)...
2025-12-27 01:54:10,968 - dropbox - INFO - Refreshing access token.
2025-12-27 01:54:11,331 - dropbox - INFO - Request to files/upload
2025-12-27 01:54:14,164 - rd_automator.watcher - INFO - Detected new file: C:\Users\itsme\Desktop\download and auto\watch_folder\Sai Vignesh - Ennavale Adi Ennavale.flac
2025-12-27 01:54:14,164 - rd_automator - INFO - Waiting for file stability: C:\Users\itsme\Desktop\download and auto\watch_folder\Sai Vignesh - Ennavale Adi Ennavale.flac
2025-12-27 01:54:14,595 - rd_automator.uploader - INFO - Dropbox Upload finished.
2025-12-27 01:54:14,595 - dropbox - INFO - Request to sharing/list_shared_links
2025-12-27 01:54:14,990 - dropbox - INFO - Request to sharing/create_shared_link_with_settings
2025-12-27 01:54:15,750 - rd_automator.uploader - INFO - Dropbox Link: https://www.dropbox.com/scl/fi/dfyf8jps18sqxpco3f0nx/AR-Rahman-Yeh-Haseen-Vadiyan-Yeh-Khula-Aasman.flac?rlkey=hxeddbr3eto18eqoidpuhnemd&dl=0
2025-12-27 01:54:15,751 - rd_automator - INFO - Unrestricting link: https://www.dropbox.com/scl/fi/dfyf8jps18sqxpco3f0nx/AR-Rahman-Yeh-Haseen-Vadiyan-Yeh-Khula-Aasman.flac?rlkey=hxeddbr3eto18eqoidpuhnemd&dl=0
2025-12-27 01:54:17,943 - rd_automator - INFO - Unrestrict successful! Download ID: BIXPRM35LLYGQ41
2025-12-27 01:54:17,944 - rd_automator - INFO - Saved link to unrestricted_links.txt
2025-12-27 01:54:17,944 - rd_automator - INFO - Cleaning up Dropbox to save space...
2025-12-27 01:54:17,945 - rd_automator.uploader - INFO - Using Dropbox Refresh Token authentication.
2025-12-27 01:54:17,945 - rd_automator.uploader - INFO - Deleting /AR Rahman - Yeh Haseen Vadiyan Yeh Khula Aasman.flac from Dropbox...
2025-12-27 01:54:17,945 - dropbox - INFO - Refreshing access token.
2025-12-27 01:54:18,339 - dropbox - INFO - Request to files/delete_v2
2025-12-27 01:54:18,923 - rd_automator.uploader - INFO - Dropbox file deleted successfully.
2025-12-27 01:54:20,166 - rd_automator - INFO - Processing item: C:\Users\itsme\Desktop\download and auto\watch_folder\Sai Vignesh - Ennavale Adi Ennavale.flac (Mode: hoster)
2025-12-27 01:54:20,167 - rd_automator.uploader - INFO - Using Dropbox Refresh Token authentication.
2025-12-27 01:54:20,167 - rd_automator.uploader - INFO - Uploading Sai Vignesh - Ennavale Adi Ennavale.flac to Dropbox (28.93 MB)...
2025-12-27 01:54:20,174 - dropbox - INFO - Refreshing access token.
2025-12-27 01:54:20,580 - dropbox - INFO - Request to files/upload
2025-12-27 01:54:21,318 - rd_automator.watcher - INFO - Detected new file: C:\Users\itsme\Desktop\download and auto\watch_folder\AR Rahman - Urvasi Urvasi Hip-Hop Remix From Premikudu.flac
2025-12-27 01:54:21,318 - rd_automator - INFO - Waiting for file stability: C:\Users\itsme\Desktop\download and auto\watch_folder\AR Rahman - Urvasi Urvasi Hip-Hop Remix From Premikudu.flac
2025-12-27 01:54:23,731 - rd_automator.uploader - INFO - Dropbox Upload finished.
2025-12-27 01:54:23,731 - dropbox - INFO - Request to sharing/list_shared_links
2025-12-27 01:54:24,157 - dropbox - INFO - Request to sharing/create_shared_link_with_settings
2025-12-27 01:54:24,923 - rd_automator.uploader - INFO - Dropbox Link: https://www.dropbox.com/scl/fi/ktxlxy6i9lobbilu031n7/Sai-Vignesh-Ennavale-Adi-Ennavale.flac?rlkey=cyutsb6ihb7dr4zgy4n5pv50z&dl=0
2025-12-27 01:54:24,923 - rd_automator - INFO - Unrestricting link: https://www.dropbox.com/scl/fi/ktxlxy6i9lobbilu031n7/Sai-Vignesh-Ennavale-Adi-Ennavale.flac?rlkey=cyutsb6ihb7dr4zgy4n5pv50z&dl=0
2025-12-27 01:54:27,229 - rd_automator - INFO - Unrestrict successful! Download ID: TDOBFN3BAJA3Y40
2025-12-27 01:54:27,230 - rd_automator - INFO - Saved link to unrestricted_links.txt
2025-12-27 01:54:27,231 - rd_automator - INFO - Cleaning up Dropbox to save space...
2025-12-27 01:54:27,231 - rd_automator.uploader - INFO - Using Dropbox Refresh Token authentication.
2025-12-27 01:54:27,231 - rd_automator.uploader - INFO - Deleting /Sai Vignesh - Ennavale Adi Ennavale.flac from Dropbox...
2025-12-27 01:54:27,231 - dropbox - INFO - Refreshing access token.
2025-12-27 01:54:27,595 - dropbox - INFO - Request to files/delete_v2
2025-12-27 01:54:28,197 - rd_automator.uploader - INFO - Dropbox file deleted successfully.
2025-12-27 01:54:29,320 - rd_automator - INFO - Processing item: C:\Users\itsme\Desktop\download and auto\watch_folder\AR Rahman - Urvasi Urvasi Hip-Hop Remix From Premikudu.flac (Mode: hoster)
2025-12-27 01:54:29,320 - rd_automator.uploader - INFO - Using Dropbox Refresh Token authentication.
2025-12-27 01:54:29,321 - rd_automator.uploader - INFO - Uploading AR Rahman - Urvasi Urvasi Hip-Hop Remix From Premikudu.flac to Dropbox (78.53 MB)...
2025-12-27 01:54:29,338 - dropbox - INFO - Refreshing access token.
2025-12-27 01:54:29,763 - dropbox - INFO - Request to files/upload_session/start
2025-12-27 01:54:33,531 - rd_automator.watcher - INFO - Detected new file: C:\Users\itsme\Desktop\download and auto\watch_folder\AR Rahman - Mukkala Mukkabala Slap House Remix From Premikudu.flac
2025-12-27 01:54:33,532 - rd_automator - INFO - Waiting for file stability: C:\Users\itsme\Desktop\download and auto\watch_folder\AR Rahman - Mukkala Mukkabala Slap House Remix From Premikudu.flac
2025-12-27 01:54:33,659 - dropbox - INFO - Request to files/upload_session/finish
2025-12-27 01:54:35,252 - rd_automator.uploader - INFO - Dropbox Upload finished.
2025-12-27 01:54:35,253 - dropbox - INFO - Request to sharing/list_shared_links
2025-12-27 01:54:35,654 - dropbox - INFO - Request to sharing/create_shared_link_with_settings
2025-12-27 01:54:36,417 - rd_automator.uploader - INFO - Dropbox Link: https://www.dropbox.com/scl/fi/a8nk8xbedjlbq940hbrfx/AR-Rahman-Urvasi-Urvasi-Hip-Hop-Remix-From-Premikudu.flac?rlkey=pj4wgnzxgtmtk0ws2uchg5o6q&dl=0
2025-12-27 01:54:36,417 - rd_automator - INFO - Unrestricting link: https://www.dropbox.com/scl/fi/a8nk8xbedjlbq940hbrfx/AR-Rahman-Urvasi-Urvasi-Hip-Hop-Remix-From-Premikudu.flac?rlkey=pj4wgnzxgtmtk0ws2uchg5o6q&dl=0
2025-12-27 01:54:38,631 - rd_automator - INFO - Unrestrict successful! Download ID: FHEJMDTJHQKP632
2025-12-27 01:54:38,632 - rd_automator - INFO - Saved link to unrestricted_links.txt
2025-12-27 01:54:38,632 - rd_automator - INFO - Cleaning up Dropbox to save space...
2025-12-27 01:54:38,632 - rd_automator.uploader - INFO - Using Dropbox Refresh Token authentication.
2025-12-27 01:54:38,633 - rd_automator.uploader - INFO - Deleting /AR Rahman - Urvasi Urvasi Hip-Hop Remix From Premikudu.flac from Dropbox...
2025-12-27 01:54:38,633 - dropbox - INFO - Refreshing access token.
2025-12-27 01:54:39,001 - dropbox - INFO - Request to files/delete_v2
2025-12-27 01:54:39,577 - rd_automator.uploader - INFO - Dropbox file deleted successfully.
2025-12-27 01:54:49,539 - rd_automator - INFO - Processing item: C:\Users\itsme\Desktop\download and auto\watch_folder\AR Rahman - Mukkala Mukkabala Slap House Remix From Premikudu.flac (Mode: hoster)
2025-12-27 01:54:49,540 - rd_automator.uploader - INFO - Using Dropbox Refresh Token authentication.
2025-12-27 01:54:49,540 - rd_automator.uploader - INFO - Uploading AR Rahman - Mukkala Mukkabala Slap House Remix From Premikudu.flac to Dropbox (73.06 MB)...
2025-12-27 01:54:49,558 - dropbox - INFO - Refreshing access token.
2025-12-27 01:54:49,973 - dropbox - INFO - Request to files/upload_session/start
2025-12-27 01:54:51,906 - rd_automator.watcher - INFO - Detected new file: C:\Users\itsme\Desktop\download and auto\watch_folder\S P Balasubrahmanyam - Premika Ne Pyar Se House Remix.flac
2025-12-27 01:54:51,906 - rd_automator - INFO - Waiting for file stability: C:\Users\itsme\Desktop\download and auto\watch_folder\S P Balasubrahmanyam - Premika Ne Pyar Se House Remix.flac
2025-12-27 01:54:54,131 - dropbox - INFO - Request to files/upload_session/finish
2025-12-27 01:54:55,305 - rd_automator.uploader - INFO - Dropbox Upload finished.
2025-12-27 01:54:55,305 - dropbox - INFO - Request to sharing/list_shared_links
2025-12-27 01:54:55,744 - dropbox - INFO - Request to sharing/create_shared_link_with_settings
2025-12-27 01:54:56,505 - rd_automator.uploader - INFO - Dropbox Link: https://www.dropbox.com/scl/fi/q1mf8nzxqzk1tnp4u7n3x/AR-Rahman-Mukkala-Mukkabala-Slap-House-Remix-From-Premikudu.flac?rlkey=1wt9vpr1f9hwj8inxxvfcraa5&dl=0
2025-12-27 01:54:56,506 - rd_automator - INFO - Unrestricting link: https://www.dropbox.com/scl/fi/q1mf8nzxqzk1tnp4u7n3x/AR-Rahman-Mukkala-Mukkabala-Slap-House-Remix-From-Premikudu.flac?rlkey=1wt9vpr1f9hwj8inxxvfcraa5&dl=0
2025-12-27 01:54:59,909 - rd_automator - INFO - Processing item: C:\Users\itsme\Desktop\download and auto\watch_folder\S P Balasubrahmanyam - Premika Ne Pyar Se House Remix.flac (Mode: hoster)
2025-12-27 01:54:59,910 - rd_automator.uploader - INFO - Using Dropbox Refresh Token authentication.
2025-12-27 01:54:59,910 - rd_automator.uploader - INFO - Uploading S P Balasubrahmanyam - Premika Ne Pyar Se House Remix.flac to Dropbox (59.67 MB)...
2025-12-27 01:54:59,927 - dropbox - INFO - Refreshing access token.
2025-12-27 01:55:00,358 - dropbox - INFO - Request to files/upload
2025-12-27 01:55:01,209 - rd_automator - INFO - Unrestrict successful! Download ID: QK5JHXDXVVRLK32
2025-12-27 01:55:01,210 - rd_automator - INFO - Saved link to unrestricted_links.txt
2025-12-27 01:55:01,210 - rd_automator - INFO - Cleaning up Dropbox to save space...
2025-12-27 01:55:01,211 - rd_automator.uploader - INFO - Using Dropbox Refresh Token authentication.
2025-12-27 01:55:01,211 - rd_automator.uploader - INFO - Deleting /AR Rahman - Mukkala Mukkabala Slap House Remix From Premikudu.flac from Dropbox...
2025-12-27 01:55:01,211 - dropbox - INFO - Refreshing access token.
2025-12-27 01:55:01,584 - dropbox - INFO - Request to files/delete_v2
2025-12-27 01:55:02,182 - rd_automator.uploader - INFO - Dropbox file deleted successfully.
2025-12-27 01:55:04,395 - rd_automator.uploader - INFO - Dropbox Upload finished.
2025-12-27 01:55:04,396 - dropbox - INFO - Request to sharing/list_shared_links
2025-12-27 01:55:04,802 - dropbox - INFO - Request to sharing/create_shared_link_with_settings
2025-12-27 01:55:05,571 - rd_automator.uploader - INFO - Dropbox Link: https://www.dropbox.com/scl/fi/fjmzbubpyl14f8mik0spl/S-P-Balasubrahmanyam-Premika-Ne-Pyar-Se-House-Remix.flac?rlkey=kaf5heuogbqapv1lqb271jsu9&dl=0
2025-12-27 01:55:05,572 - rd_automator - INFO - Unrestricting link: https://www.dropbox.com/scl/fi/fjmzbubpyl14f8mik0spl/S-P-Balasubrahmanyam-Premika-Ne-Pyar-Se-House-Remix.flac?rlkey=kaf5heuogbqapv1lqb271jsu9&dl=0
2025-12-27 01:55:06,342 - rd_automator.watcher - INFO - Detected new file: C:\Users\itsme\Desktop\download and auto\watch_folder\Xxxtentacion - SAD.flac
2025-12-27 01:55:06,343 - rd_automator - INFO - Waiting for file stability: C:\Users\itsme\Desktop\download and auto\watch_folder\Xxxtentacion - SAD.flac
2025-12-27 01:55:07,583 - rd_automator - INFO - Unrestrict successful! Download ID: 4XQAWYLPA4NTU41
2025-12-27 01:55:07,584 - rd_automator - INFO - Saved link to unrestricted_links.txt
2025-12-27 01:55:07,584 - rd_automator - INFO - Cleaning up Dropbox to save space...
2025-12-27 01:55:07,584 - rd_automator.uploader - INFO - Using Dropbox Refresh Token authentication.
2025-12-27 01:55:07,584 - rd_automator.uploader - INFO - Deleting /S P Balasubrahmanyam - Premika Ne Pyar Se House Remix.flac from Dropbox...
2025-12-27 01:55:07,584 - dropbox - INFO - Refreshing access token.
2025-12-27 01:55:07,970 - dropbox - INFO - Request to files/delete_v2
2025-12-27 01:55:08,554 - rd_automator.uploader - INFO - Dropbox file deleted successfully.
2025-12-27 01:55:12,345 - rd_automator - INFO - Processing item: C:\Users\itsme\Desktop\download and auto\watch_folder\Xxxtentacion - SAD.flac (Mode: hoster)
2025-12-27 01:55:12,346 - rd_automator.uploader - INFO - Using Dropbox Refresh Token authentication.
2025-12-27 01:55:12,346 - rd_automator.uploader - INFO - Uploading Xxxtentacion - SAD.flac to Dropbox (13.33 MB)...
2025-12-27 01:55:12,351 - dropbox - INFO - Refreshing access token.
2025-12-27 01:55:12,483 - rd_automator.watcher - INFO - Detected new file: C:\Users\itsme\Desktop\download and auto\watch_folder\Katy Perry - bandaids.flac
2025-12-27 01:55:12,483 - rd_automator - INFO - Waiting for file stability: C:\Users\itsme\Desktop\download and auto\watch_folder\Katy Perry - bandaids.flac
2025-12-27 01:55:12,736 - dropbox - INFO - Request to files/upload
2025-12-27 01:55:14,284 - rd_automator.uploader - INFO - Dropbox Upload finished.
2025-12-27 01:55:14,284 - dropbox - INFO - Request to sharing/list_shared_links
2025-12-27 01:55:14,767 - dropbox - INFO - Request to sharing/create_shared_link_with_settings
2025-12-27 01:55:15,521 - rd_automator.uploader - INFO - Dropbox Link: https://www.dropbox.com/scl/fi/u9jfruaghxx0jzkra3ru2/Xxxtentacion-SAD.flac?rlkey=6w7m6yy2dfn2k4dhg7hzgtpx0&dl=0
2025-12-27 01:55:15,521 - rd_automator - INFO - Unrestricting link: https://www.dropbox.com/scl/fi/u9jfruaghxx0jzkra3ru2/Xxxtentacion-SAD.flac?rlkey=6w7m6yy2dfn2k4dhg7hzgtpx0&dl=0
2025-12-27 01:55:17,839 - rd_automator - INFO - Unrestrict successful! Download ID: RSFY3MDCNCDV640
2025-12-27 01:55:17,840 - rd_automator - INFO - Saved link to unrestricted_links.txt
2025-12-27 01:55:17,840 - rd_automator - INFO - Cleaning up Dropbox to save space...
2025-12-27 01:55:17,840 - rd_automator.uploader - INFO - Using Dropbox Refresh Token authentication.
2025-12-27 01:55:17,840 - rd_automator.uploader - INFO - Deleting /Xxxtentacion - SAD.flac from Dropbox...
2025-12-27 01:55:17,840 - dropbox - INFO - Refreshing access token.
2025-12-27 01:55:18,203 - dropbox - INFO - Request to files/delete_v2
2025-12-27 01:55:18,846 - rd_automator.uploader - INFO - Dropbox file deleted successfully.
2025-12-27 01:55:20,486 - rd_automator - INFO - Processing item: C:\Users\itsme\Desktop\download and auto\watch_folder\Katy Perry - bandaids.flac (Mode: hoster)
2025-12-27 01:55:20,486 - rd_automator.uploader - INFO - Using Dropbox Refresh Token authentication.
2025-12-27 01:55:20,487 - rd_automator.uploader - INFO - Uploading Katy Perry - bandaids.flac to Dropbox (42.82 MB)...
2025-12-27 01:55:20,497 - dropbox - INFO - Refreshing access token.
2025-12-27 01:55:20,886 - dropbox - INFO - Request to files/upload
2025-12-27 01:55:21,698 - rd_automator.watcher - INFO - Detected new file: C:\Users\itsme\Desktop\download and auto\watch_folder\Francis Cabrel - Encore et encore Remastered.flac
2025-12-27 01:55:21,698 - rd_automator - INFO - Waiting for file stability: C:\Users\itsme\Desktop\download and auto\watch_folder\Francis Cabrel - Encore et encore Remastered.flac
2025-12-27 01:55:31,702 - rd_automator - INFO - Processing item: C:\Users\itsme\Desktop\download and auto\watch_folder\Francis Cabrel - Encore et encore Remastered.flac (Mode: hoster)
2025-12-27 01:55:31,703 - rd_automator.uploader - INFO - Using Dropbox Refresh Token authentication.
2025-12-27 01:55:31,703 - rd_automator.uploader - INFO - Uploading Francis Cabrel - Encore et encore Remastered.flac to Dropbox (98.26 MB)...
2025-12-27 01:55:31,718 - dropbox - INFO - Refreshing access token.
2025-12-27 01:55:33,023 - dropbox - INFO - Request to files/upload_session/start
2025-12-27 01:55:33,239 - rd_automator.watcher - INFO - Detected new file: C:\Users\itsme\Desktop\download and auto\watch_folder\Eagles - Hotel California 2013 Remaster.flac
2025-12-27 01:55:33,240 - rd_automator - INFO - Waiting for file stability: C:\Users\itsme\Desktop\download and auto\watch_folder\Eagles - Hotel California 2013 Remaster.flac
2025-12-27 01:55:51,246 - rd_automator - INFO - Processing item: C:\Users\itsme\Desktop\download and auto\watch_folder\Eagles - Hotel California 2013 Remaster.flac (Mode: hoster)
2025-12-27 01:55:51,246 - rd_automator.uploader - INFO - Using Dropbox Refresh Token authentication.
2025-12-27 01:55:51,247 - rd_automator.uploader - INFO - Uploading Eagles - Hotel California 2013 Remaster.flac to Dropbox (240.68 MB)...
2025-12-27 01:55:51,262 - dropbox - INFO - Refreshing access token.
2025-12-27 01:55:51,649 - dropbox - INFO - Request to files/upload_session/start
2025-12-27 01:55:55,817 - dropbox - INFO - Request to files/upload_session/append_v2
2025-12-27 01:55:56,377 - rd_automator.watcher - INFO - Detected new file: C:\Users\itsme\Desktop\download and auto\watch_folder\Chip Tha Ripper - Interior Crocodile Alligator.flac
2025-12-27 01:55:58,991 - dropbox - INFO - Request to files/upload_session/append_v2
2025-12-27 01:56:01,742 - rd_automator.uploader - INFO - Dropbox Upload finished.
2025-12-27 01:56:01,742 - dropbox - INFO - Request to sharing/list_shared_links
2025-12-27 01:56:02,158 - dropbox - INFO - Request to sharing/create_shared_link_with_settings
2025-12-27 01:56:02,943 - rd_automator.uploader - INFO - Dropbox Link: https://www.dropbox.com/scl/fi/dj0jq13ccflwus9ul5pgu/Katy-Perry-bandaids.flac?rlkey=xjbmdeuwlxo13r90ivbnpr5ky&dl=0
2025-12-27 01:56:02,944 - rd_automator - INFO - Unrestricting link: https://www.dropbox.com/scl/fi/dj0jq13ccflwus9ul5pgu/Katy-Perry-bandaids.flac?rlkey=xjbmdeuwlxo13r90ivbnpr5ky&dl=0
2025-12-27 01:56:03,504 - rd_automator.watcher - INFO - Detected new file: C:\Users\itsme\Desktop\download and auto\watch_folder\Shankar Mahadevan - Sarakku Vachiruken.flac
2025-12-27 01:56:03,743 - dropbox - INFO - Request to files/upload_session/finish
2025-12-27 01:56:05,250 - rd_automator - INFO - Unrestrict successful! Download ID: MDXXWXQWNSWOQ32
2025-12-27 01:56:05,250 - rd_automator - INFO - Saved link to unrestricted_links.txt
2025-12-27 01:56:05,251 - rd_automator - INFO - Cleaning up Dropbox to save space...
2025-12-27 01:56:05,251 - rd_automator.uploader - INFO - Using Dropbox Refresh Token authentication.
2025-12-27 01:56:05,251 - rd_automator.uploader - INFO - Deleting /Katy Perry - bandaids.flac from Dropbox...
2025-12-27 01:56:05,251 - dropbox - INFO - Refreshing access token.
2025-12-27 01:56:05,666 - dropbox - INFO - Request to files/delete_v2
2025-12-27 01:56:06,337 - rd_automator.uploader - INFO - Dropbox file deleted successfully.
2025-12-27 01:56:06,338 - rd_automator - INFO - Waiting for file stability: C:\Users\itsme\Desktop\download and auto\watch_folder\Chip Tha Ripper - Interior Crocodile Alligator.flac
2025-12-27 01:56:08,339 - rd_automator - INFO - Processing item: C:\Users\itsme\Desktop\download and auto\watch_folder\Chip Tha Ripper - Interior Crocodile Alligator.flac (Mode: hoster)
2025-12-27 01:56:08,339 - rd_automator.uploader - INFO - Using Dropbox Refresh Token authentication.
2025-12-27 01:56:08,339 - rd_automator.uploader - INFO - Uploading Chip Tha Ripper - Interior Crocodile Alligator.flac to Dropbox (9.12 MB)...
2025-12-27 01:56:08,342 - dropbox - INFO - Refreshing access token.
2025-12-27 01:56:09,005 - dropbox - INFO - Request to files/upload
2025-12-27 01:56:09,007 - rd_automator.uploader - INFO - Dropbox Upload finished.
2025-12-27 01:56:09,008 - dropbox - INFO - Request to sharing/list_shared_links
2025-12-27 01:56:09,614 - dropbox - INFO - Request to sharing/create_shared_link_with_settings
2025-12-27 01:56:10,442 - rd_automator.uploader - INFO - Dropbox Link: https://www.dropbox.com/scl/fi/q6t3m6z5z9ewqgty6ts29/Eagles-Hotel-California-2013-Remaster.flac?rlkey=85cg2pz0dj4qw1zvj0rxdz7bg&dl=0
2025-12-27 01:56:10,443 - rd_automator - INFO - Unrestricting link: https://www.dropbox.com/scl/fi/q6t3m6z5z9ewqgty6ts29/Eagles-Hotel-California-2013-Remaster.flac?rlkey=85cg2pz0dj4qw1zvj0rxdz7bg&dl=0
2025-12-27 01:56:10,447 - rd_automator.watcher - INFO - Detected new file: C:\Users\itsme\Desktop\download and auto\watch_folder\Shaan Rahman - Kudukku.flac
2025-12-27 01:56:13,865 - rd_automator - INFO - Unrestrict successful! Download ID: RD7OTSVZROFMK41
2025-12-27 01:56:13,866 - rd_automator - INFO - Saved link to unrestricted_links.txt
2025-12-27 01:56:13,866 - rd_automator - INFO - Cleaning up Dropbox to save space...
2025-12-27 01:56:13,866 - rd_automator.uploader - INFO - Using Dropbox Refresh Token authentication.
2025-12-27 01:56:13,867 - rd_automator.uploader - INFO - Deleting /Eagles - Hotel California 2013 Remaster.flac from Dropbox...
2025-12-27 01:56:13,867 - dropbox - INFO - Refreshing access token.
2025-12-27 01:56:17,585 - dropbox - INFO - Request to files/delete_v2
2025-12-27 01:56:18,135 - rd_automator.uploader - INFO - Dropbox file deleted successfully.
2025-12-27 01:56:18,135 - rd_automator - INFO - Waiting for file stability: C:\Users\itsme\Desktop\download and auto\watch_folder\Shankar Mahadevan - Sarakku Vachiruken.flac
2025-12-27 01:56:20,136 - rd_automator - INFO - Processing item: C:\Users\itsme\Desktop\download and auto\watch_folder\Shankar Mahadevan - Sarakku Vachiruken.flac (Mode: hoster)
2025-12-27 01:56:20,137 - rd_automator.uploader - INFO - Using Dropbox Refresh Token authentication.
2025-12-27 01:56:20,137 - rd_automator.uploader - INFO - Uploading Shankar Mahadevan - Sarakku Vachiruken.flac to Dropbox (30.73 MB)...
2025-12-27 01:56:20,146 - dropbox - INFO - Refreshing access token.
2025-12-27 01:56:20,519 - dropbox - INFO - Request to files/upload
2025-12-27 01:56:23,995 - rd_automator.uploader - INFO - Dropbox Upload finished.
2025-12-27 01:56:23,995 - dropbox - INFO - Request to sharing/list_shared_links
2025-12-27 01:56:24,398 - dropbox - INFO - Request to sharing/create_shared_link_with_settings
2025-12-27 01:56:24,611 - rd_automator.uploader - INFO - Dropbox Upload finished.
2025-12-27 01:56:24,612 - dropbox - INFO - Request to sharing/list_shared_links
2025-12-27 01:56:24,935 - rd_automator.watcher - INFO - Detected new file: C:\Users\itsme\Desktop\download and auto\watch_folder\Shaan Rahman - Entammede Jimikki Kammal.flac
2025-12-27 01:56:25,064 - dropbox - INFO - Request to sharing/create_shared_link_with_settings
2025-12-27 01:56:25,165 - rd_automator.uploader - INFO - Dropbox Link: https://www.dropbox.com/scl/fi/0myieqr43tt043jbwjita/Shankar-Mahadevan-Sarakku-Vachiruken.flac?rlkey=0m45ey4zsbx81cgka4gfcurev&dl=0
2025-12-27 01:56:25,166 - rd_automator - INFO - Unrestricting link: https://www.dropbox.com/scl/fi/0myieqr43tt043jbwjita/Shankar-Mahadevan-Sarakku-Vachiruken.flac?rlkey=0m45ey4zsbx81cgka4gfcurev&dl=0
2025-12-27 01:56:25,786 - dropbox - INFO - Request to files/upload_session/finish
2025-12-27 01:56:25,839 - rd_automator.uploader - INFO - Dropbox Link: https://www.dropbox.com/scl/fi/ke27018l2dr0zobj0x8zp/Chip-Tha-Ripper-Interior-Crocodile-Alligator.flac?rlkey=8p7dipw7qsr2s1tmhe5kky6ql&dl=0
2025-12-27 01:56:25,840 - rd_automator - INFO - Unrestricting link: https://www.dropbox.com/scl/fi/ke27018l2dr0zobj0x8zp/Chip-Tha-Ripper-Interior-Crocodile-Alligator.flac?rlkey=8p7dipw7qsr2s1tmhe5kky6ql&dl=0
2025-12-27 01:56:27,536 - rd_automator - INFO - Unrestrict successful! Download ID: VRJSJO3EZFJNM40
2025-12-27 01:56:27,536 - rd_automator - INFO - Saved link to unrestricted_links.txt
2025-12-27 01:56:27,537 - rd_automator - INFO - Cleaning up Dropbox to save space...
2025-12-27 01:56:27,537 - rd_automator.uploader - INFO - Using Dropbox Refresh Token authentication.
2025-12-27 01:56:27,537 - rd_automator.uploader - INFO - Deleting /Shankar Mahadevan - Sarakku Vachiruken.flac from Dropbox...
2025-12-27 01:56:27,537 - dropbox - INFO - Refreshing access token.
2025-12-27 01:56:27,958 - dropbox - INFO - Request to files/delete_v2
2025-12-27 01:56:28,545 - rd_automator.uploader - INFO - Dropbox file deleted successfully.
2025-12-27 01:56:28,546 - rd_automator - INFO - Waiting for file stability: C:\Users\itsme\Desktop\download and auto\watch_folder\Shaan Rahman - Kudukku.flac
2025-12-27 01:56:28,625 - rd_automator - INFO - Unrestrict successful! Download ID: 5ZXAOSC6MS5VA40
2025-12-27 01:56:28,626 - rd_automator - INFO - Saved link to unrestricted_links.txt
2025-12-27 01:56:28,626 - rd_automator - INFO - Cleaning up Dropbox to save space...
2025-12-27 01:56:28,626 - rd_automator.uploader - INFO - Using Dropbox Refresh Token authentication.
2025-12-27 01:56:28,626 - rd_automator.uploader - INFO - Deleting /Chip Tha Ripper - Interior Crocodile Alligator.flac from Dropbox...
2025-12-27 01:56:28,627 - dropbox - INFO - Refreshing access token.
2025-12-27 01:56:29,035 - dropbox - INFO - Request to files/delete_v2
2025-12-27 01:56:29,634 - rd_automator.uploader - INFO - Dropbox file deleted successfully.
2025-12-27 01:56:29,634 - rd_automator - INFO - Waiting for file stability: C:\Users\itsme\Desktop\download and auto\watch_folder\Shaan Rahman - Entammede Jimikki Kammal.flac
2025-12-27 01:56:30,546 - rd_automator - INFO - Processing item: C:\Users\itsme\Desktop\download and auto\watch_folder\Shaan Rahman - Kudukku.flac (Mode: hoster)
2025-12-27 01:56:30,547 - rd_automator.uploader - INFO - Using Dropbox Refresh Token authentication.
2025-12-27 01:56:30,547 - rd_automator.uploader - INFO - Uploading Shaan Rahman - Kudukku.flac to Dropbox (16.96 MB)...
2025-12-27 01:56:30,552 - dropbox - INFO - Refreshing access token.
2025-12-27 01:56:30,933 - dropbox - INFO - Request to files/upload
2025-12-27 01:56:31,635 - rd_automator - INFO - Processing item: C:\Users\itsme\Desktop\download and auto\watch_folder\Shaan Rahman - Entammede Jimikki Kammal.flac (Mode: hoster)
2025-12-27 01:56:31,636 - rd_automator.uploader - INFO - Using Dropbox Refresh Token authentication.
2025-12-27 01:56:31,636 - rd_automator.uploader - INFO - Uploading Shaan Rahman - Entammede Jimikki Kammal.flac to Dropbox (20.46 MB)...
2025-12-27 01:56:31,649 - dropbox - INFO - Refreshing access token.
2025-12-27 01:56:33,087 - dropbox - INFO - Request to files/upload
2025-12-27 01:56:33,573 - rd_automator.uploader - INFO - Dropbox Upload finished.
2025-12-27 01:56:33,574 - dropbox - INFO - Request to sharing/list_shared_links
2025-12-27 01:56:33,960 - dropbox - INFO - Request to sharing/create_shared_link_with_settings
2025-12-27 01:56:34,735 - rd_automator.uploader - INFO - Dropbox Link: https://www.dropbox.com/scl/fi/the62y12hkc4d7erqaknu/Shaan-Rahman-Kudukku.flac?rlkey=ertpjjkwhecuft6pfqcggvzha&dl=0
2025-12-27 01:56:34,736 - rd_automator - INFO - Unrestricting link: https://www.dropbox.com/scl/fi/the62y12hkc4d7erqaknu/Shaan-Rahman-Kudukku.flac?rlkey=ertpjjkwhecuft6pfqcggvzha&dl=0
2025-12-27 01:56:35,931 - rd_automator.uploader - INFO - Dropbox Upload finished.
2025-12-27 01:56:35,932 - dropbox - INFO - Request to sharing/list_shared_links
2025-12-27 01:56:36,223 - rd_automator.watcher - INFO - Detected new file: C:\Users\itsme\Desktop\download and auto\watch_folder\S P Balasubrahmanyam - Adi Rakkamma From Thalapathi.flac
2025-12-27 01:56:36,342 - dropbox - INFO - Request to sharing/create_shared_link_with_settings
2025-12-27 01:56:37,087 - rd_automator.uploader - INFO - Dropbox Link: https://www.dropbox.com/scl/fi/v4yjbu8ph0esrqeqimtcq/Shaan-Rahman-Entammede-Jimikki-Kammal.flac?rlkey=aeltn1tn5kcphwpxx3bv8rzfc&dl=0
2025-12-27 01:56:37,088 - rd_automator - INFO - Unrestricting link: https://www.dropbox.com/scl/fi/v4yjbu8ph0esrqeqimtcq/Shaan-Rahman-Entammede-Jimikki-Kammal.flac?rlkey=aeltn1tn5kcphwpxx3bv8rzfc&dl=0
2025-12-27 01:56:39,007 - rd_automator - INFO - Unrestrict successful! Download ID: PO4OSQAUJW7EM41
2025-12-27 01:56:39,008 - rd_automator - INFO - Saved link to unrestricted_links.txt
2025-12-27 01:56:39,009 - rd_automator - INFO - Cleaning up Dropbox to save space...
2025-12-27 01:56:39,009 - rd_automator.uploader - INFO - Using Dropbox Refresh Token authentication.
2025-12-27 01:56:39,009 - rd_automator.uploader - INFO - Deleting /Shaan Rahman - Kudukku.flac from Dropbox...
2025-12-27 01:56:39,009 - dropbox - INFO - Refreshing access token.
2025-12-27 01:56:39,442 - dropbox - INFO - Request to files/delete_v2
2025-12-27 01:56:39,471 - rd_automator - INFO - Unrestrict successful! Download ID: HODQXNYWRSPBK40
2025-12-27 01:56:39,471 - rd_automator - INFO - Saved link to unrestricted_links.txt
2025-12-27 01:56:39,471 - rd_automator - INFO - Cleaning up Dropbox to save space...
2025-12-27 01:56:39,471 - rd_automator.uploader - INFO - Using Dropbox Refresh Token authentication.
2025-12-27 01:56:39,472 - rd_automator.uploader - INFO - Deleting /Shaan Rahman - Entammede Jimikki Kammal.flac from Dropbox...
2025-12-27 01:56:39,472 - dropbox - INFO - Refreshing access token.
2025-12-27 01:56:39,849 - dropbox - INFO - Request to files/delete_v2
2025-12-27 01:56:40,006 - rd_automator.uploader - INFO - Dropbox file deleted successfully.
2025-12-27 01:56:40,006 - rd_automator - INFO - Waiting for file stability: C:\Users\itsme\Desktop\download and auto\watch_folder\S P Balasubrahmanyam - Adi Rakkamma From Thalapathi.flac
2025-12-27 01:56:40,393 - rd_automator.uploader - INFO - Dropbox file deleted successfully.
2025-12-27 01:56:44,008 - rd_automator - INFO - Processing item: C:\Users\itsme\Desktop\download and auto\watch_folder\S P Balasubrahmanyam - Adi Rakkamma From Thalapathi.flac (Mode: hoster)
2025-12-27 01:56:44,009 - rd_automator.uploader - INFO - Using Dropbox Refresh Token authentication.
2025-12-27 01:56:44,009 - rd_automator.uploader - INFO - Uploading S P Balasubrahmanyam - Adi Rakkamma From Thalapathi.flac to Dropbox (42.36 MB)...
2025-12-27 01:56:44,020 - dropbox - INFO - Refreshing access token.
2025-12-27 01:56:44,405 - dropbox - INFO - Request to files/upload
2025-12-27 01:56:44,787 - rd_automator.watcher - INFO - Detected new file: C:\Users\itsme\Desktop\download and auto\watch_folder\S P Balasubrahmanyam - Style-U Style-U Dhaan Idhu Super From Baasha Tamil.flac
2025-12-27 01:56:44,788 - rd_automator - INFO - Waiting for file stability: C:\Users\itsme\Desktop\download and auto\watch_folder\S P Balasubrahmanyam - Style-U Style-U Dhaan Idhu Super From Baasha Tamil.flac
2025-12-27 01:56:50,789 - rd_automator - INFO - Processing item: C:\Users\itsme\Desktop\download and auto\watch_folder\S P Balasubrahmanyam - Style-U Style-U Dhaan Idhu Super From Baasha Tamil.flac (Mode: hoster)
2025-12-27 01:56:50,789 - rd_automator.uploader - INFO - Using Dropbox Refresh Token authentication.
2025-12-27 01:56:50,790 - rd_automator.uploader - INFO - Uploading S P Balasubrahmanyam - Style-U Style-U Dhaan Idhu Super From Baasha Tamil.flac to Dropbox (32.55 MB)...
2025-12-27 01:56:50,798 - dropbox - INFO - Refreshing access token.
2025-12-27 01:56:51,189 - dropbox - INFO - Request to files/upload
2025-12-27 01:56:53,314 - rd_automator.watcher - INFO - Detected new file: C:\Users\itsme\Desktop\download and auto\watch_folder\S P Balasubrahmanyam - Naa Autokaran Autokaran.flac
2025-12-27 01:56:53,755 - rd_automator.uploader - INFO - Dropbox Upload finished.
2025-12-27 01:56:53,755 - dropbox - INFO - Request to sharing/list_shared_links
2025-12-27 01:56:54,164 - dropbox - INFO - Request to sharing/create_shared_link_with_settings
2025-12-27 01:56:54,900 - rd_automator.uploader - INFO - Dropbox Link: https://www.dropbox.com/scl/fi/mplsvwzui49giq1pl2xxg/S-P-Balasubrahmanyam-Style-U-Style-U-Dhaan-Idhu-Super-From-Baasha-Tamil.flac?rlkey=5sz2szzxyf9g42fl2o97jsde8&dl=0
2025-12-27 01:56:54,900 - rd_automator - INFO - Unrestricting link: https://www.dropbox.com/scl/fi/mplsvwzui49giq1pl2xxg/S-P-Balasubrahmanyam-Style-U-Style-U-Dhaan-Idhu-Super-From-Baasha-Tamil.flac?rlkey=5sz2szzxyf9g42fl2o97jsde8&dl=0
2025-12-27 01:56:55,167 - rd_automator.uploader - INFO - Dropbox Upload finished.
2025-12-27 01:56:55,167 - dropbox - INFO - Request to sharing/list_shared_links
2025-12-27 01:56:55,664 - dropbox - INFO - Request to sharing/create_shared_link_with_settings
2025-12-27 01:56:56,412 - rd_automator.uploader - INFO - Dropbox Link: https://www.dropbox.com/scl/fi/72b2wcmeltwwqqwx7dgsj/Francis-Cabrel-Encore-et-encore-Remastered.flac?rlkey=b0iddqzcuyb0n1jt4iwy6hy60&dl=0
2025-12-27 01:56:56,413 - rd_automator - INFO - Unrestricting link: https://www.dropbox.com/scl/fi/72b2wcmeltwwqqwx7dgsj/Francis-Cabrel-Encore-et-encore-Remastered.flac?rlkey=b0iddqzcuyb0n1jt4iwy6hy60&dl=0
2025-12-27 01:56:56,886 - rd_automator - INFO - Unrestrict successful! Download ID: S2HQ7R2FDPEOU32
2025-12-27 01:56:56,887 - rd_automator - INFO - Saved link to unrestricted_links.txt
2025-12-27 01:56:56,887 - rd_automator - INFO - Cleaning up Dropbox to save space...
2025-12-27 01:56:56,887 - rd_automator.uploader - INFO - Using Dropbox Refresh Token authentication.
2025-12-27 01:56:56,888 - rd_automator.uploader - INFO - Deleting /S P Balasubrahmanyam - Style-U Style-U Dhaan Idhu Super From Baasha Tamil.flac from Dropbox...
2025-12-27 01:56:56,888 - dropbox - INFO - Refreshing access token.
2025-12-27 01:56:57,279 - dropbox - INFO - Request to files/delete_v2
2025-12-27 01:56:57,910 - rd_automator.uploader - INFO - Dropbox file deleted successfully.
2025-12-27 01:56:57,910 - rd_automator - INFO - Waiting for file stability: C:\Users\itsme\Desktop\download and auto\watch_folder\S P Balasubrahmanyam - Naa Autokaran Autokaran.flac
2025-12-27 01:56:58,798 - rd_automator - INFO - Unrestrict successful! Download ID: QYTRPD6YPBISI32
2025-12-27 01:56:58,799 - rd_automator - INFO - Saved link to unrestricted_links.txt
2025-12-27 01:56:58,799 - rd_automator - INFO - Cleaning up Dropbox to save space...
2025-12-27 01:56:58,799 - rd_automator.uploader - INFO - Using Dropbox Refresh Token authentication.
2025-12-27 01:56:58,799 - rd_automator.uploader - INFO - Deleting /Francis Cabrel - Encore et encore Remastered.flac from Dropbox...
2025-12-27 01:56:58,799 - dropbox - INFO - Refreshing access token.
2025-12-27 01:56:59,164 - dropbox - INFO - Request to files/delete_v2
2025-12-27 01:56:59,691 - rd_automator.uploader - INFO - Dropbox file deleted successfully.
2025-12-27 01:57:01,911 - rd_automator - INFO - Processing item: C:\Users\itsme\Desktop\download and auto\watch_folder\S P Balasubrahmanyam - Naa Autokaran Autokaran.flac (Mode: hoster)
2025-12-27 01:57:01,912 - rd_automator.uploader - INFO - Using Dropbox Refresh Token authentication.
2025-12-27 01:57:01,912 - rd_automator.uploader - INFO - Uploading S P Balasubrahmanyam - Naa Autokaran Autokaran.flac to Dropbox (65.87 MB)...
2025-12-27 01:57:01,927 - dropbox - INFO - Refreshing access token.
2025-12-27 01:57:02,347 - dropbox - INFO - Request to files/upload_session/start
2025-12-27 01:57:04,462 - rd_automator.uploader - INFO - Dropbox Upload finished.
2025-12-27 01:57:04,463 - dropbox - INFO - Request to sharing/list_shared_links
2025-12-27 01:57:05,053 - dropbox - INFO - Request to sharing/create_shared_link_with_settings
2025-12-27 01:57:05,299 - rd_automator.watcher - INFO - Detected new file: C:\Users\itsme\Desktop\download and auto\watch_folder\S P Balasubrahmanyam - Azhagu Azhagu Nee Nadanthal.flac
2025-12-27 01:57:05,299 - rd_automator - INFO - Waiting for file stability: C:\Users\itsme\Desktop\download and auto\watch_folder\S P Balasubrahmanyam - Azhagu Azhagu Nee Nadanthal.flac
2025-12-27 01:57:05,825 - rd_automator.uploader - INFO - Dropbox Link: https://www.dropbox.com/scl/fi/n6djxjozp83i1pb84j6mn/S-P-Balasubrahmanyam-Adi-Rakkamma-From-Thalapathi.flac?rlkey=ntb84ck6iq51t63b9w4f4dtwm&dl=0
2025-12-27 01:57:05,826 - rd_automator - INFO - Unrestricting link: https://www.dropbox.com/scl/fi/n6djxjozp83i1pb84j6mn/S-P-Balasubrahmanyam-Adi-Rakkamma-From-Thalapathi.flac?rlkey=ntb84ck6iq51t63b9w4f4dtwm&dl=0
2025-12-27 01:57:06,371 - dropbox - INFO - Request to files/upload_session/finish
2025-12-27 01:57:07,290 - rd_automator.uploader - INFO - Dropbox Upload finished.
2025-12-27 01:57:07,290 - dropbox - INFO - Request to sharing/list_shared_links
2025-12-27 01:57:07,703 - dropbox - INFO - Request to sharing/create_shared_link_with_settings
2025-12-27 01:57:08,184 - rd_automator - INFO - Unrestrict successful! Download ID: XVW7XFOLOOJ4I32
2025-12-27 01:57:08,185 - rd_automator - INFO - Saved link to unrestricted_links.txt
2025-12-27 01:57:08,185 - rd_automator - INFO - Cleaning up Dropbox to save space...
2025-12-27 01:57:08,185 - rd_automator.uploader - INFO - Using Dropbox Refresh Token authentication.
2025-12-27 01:57:08,186 - rd_automator.uploader - INFO - Deleting /S P Balasubrahmanyam - Adi Rakkamma From Thalapathi.flac from Dropbox...
2025-12-27 01:57:08,186 - dropbox - INFO - Refreshing access token.
2025-12-27 01:57:08,469 - rd_automator.uploader - INFO - Dropbox Link: https://www.dropbox.com/scl/fi/sj4ly94n9kliegvhhyl28/S-P-Balasubrahmanyam-Naa-Autokaran-Autokaran.flac?rlkey=ja6o8m00jfhfggnzor21n3y8l&dl=0
2025-12-27 01:57:08,469 - rd_automator - INFO - Unrestricting link: https://www.dropbox.com/scl/fi/sj4ly94n9kliegvhhyl28/S-P-Balasubrahmanyam-Naa-Autokaran-Autokaran.flac?rlkey=ja6o8m00jfhfggnzor21n3y8l&dl=0
2025-12-27 01:57:08,613 - dropbox - INFO - Request to files/delete_v2
2025-12-27 01:57:09,188 - rd_automator.uploader - INFO - Dropbox file deleted successfully.
2025-12-27 01:57:11,303 - rd_automator - INFO - Unrestrict successful! Download ID: SR4WU246RGMHS32
2025-12-27 01:57:11,303 - rd_automator - INFO - Saved link to unrestricted_links.txt
2025-12-27 01:57:11,303 - rd_automator - INFO - Cleaning up Dropbox to save space...
2025-12-27 01:57:11,304 - rd_automator.uploader - INFO - Using Dropbox Refresh Token authentication.
2025-12-27 01:57:11,304 - rd_automator.uploader - INFO - Deleting /S P Balasubrahmanyam - Naa Autokaran Autokaran.flac from Dropbox...
2025-12-27 01:57:11,304 - dropbox - INFO - Refreshing access token.
2025-12-27 01:57:11,674 - dropbox - INFO - Request to files/delete_v2
2025-12-27 01:57:12,225 - rd_automator.uploader - INFO - Dropbox file deleted successfully.
2025-12-27 01:57:13,301 - rd_automator - INFO - Processing item: C:\Users\itsme\Desktop\download and auto\watch_folder\S P Balasubrahmanyam - Azhagu Azhagu Nee Nadanthal.flac (Mode: hoster)
2025-12-27 01:57:13,301 - rd_automator.uploader - INFO - Using Dropbox Refresh Token authentication.
2025-12-27 01:57:13,302 - rd_automator.uploader - INFO - Uploading S P Balasubrahmanyam - Azhagu Azhagu Nee Nadanthal.flac to Dropbox (59.77 MB)...
2025-12-27 01:57:13,317 - dropbox - INFO - Refreshing access token.
2025-12-27 01:57:13,790 - dropbox - INFO - Request to files/upload
2025-12-27 01:57:14,783 - rd_automator.watcher - INFO - Detected new file: C:\Users\itsme\Desktop\download and auto\watch_folder\Deva - Athanda Ithanda.flac
2025-12-27 01:57:14,784 - rd_automator - INFO - Waiting for file stability: C:\Users\itsme\Desktop\download and auto\watch_folder\Deva - Athanda Ithanda.flac
2025-12-27 01:57:19,040 - rd_automator.uploader - INFO - Dropbox Upload finished.
2025-12-27 01:57:19,040 - dropbox - INFO - Request to sharing/list_shared_links
2025-12-27 01:57:19,477 - dropbox - INFO - Request to sharing/create_shared_link_with_settings
2025-12-27 01:57:20,294 - rd_automator.uploader - INFO - Dropbox Link: https://www.dropbox.com/scl/fi/nrfbudglor0981b9vf458/S-P-Balasubrahmanyam-Azhagu-Azhagu-Nee-Nadanthal.flac?rlkey=gkfllq5yhoa2hi2j4di3jhzgl&dl=0
2025-12-27 01:57:20,294 - rd_automator - INFO - Unrestricting link: https://www.dropbox.com/scl/fi/nrfbudglor0981b9vf458/S-P-Balasubrahmanyam-Azhagu-Azhagu-Nee-Nadanthal.flac?rlkey=gkfllq5yhoa2hi2j4di3jhzgl&dl=0
2025-12-27 01:57:20,786 - rd_automator - INFO - Processing item: C:\Users\itsme\Desktop\download and auto\watch_folder\Deva - Athanda Ithanda.flac (Mode: hoster)
2025-12-27 01:57:20,786 - rd_automator.uploader - INFO - Using Dropbox Refresh Token authentication.
2025-12-27 01:57:20,787 - rd_automator.uploader - INFO - Uploading Deva - Athanda Ithanda.flac to Dropbox (32.69 MB)...
2025-12-27 01:57:20,796 - dropbox - INFO - Refreshing access token.
2025-12-27 01:57:21,173 - dropbox - INFO - Request to files/upload
2025-12-27 01:57:23,107 - rd_automator - INFO - Unrestrict successful! Download ID: J5T4FGFGNCSKK40
2025-12-27 01:57:23,107 - rd_automator - INFO - Saved link to unrestricted_links.txt
2025-12-27 01:57:23,108 - rd_automator - INFO - Cleaning up Dropbox to save space...
2025-12-27 01:57:23,108 - rd_automator.uploader - INFO - Using Dropbox Refresh Token authentication.
2025-12-27 01:57:23,108 - rd_automator.uploader - INFO - Deleting /S P Balasubrahmanyam - Azhagu Azhagu Nee Nadanthal.flac from Dropbox...
2025-12-27 01:57:23,108 - dropbox - INFO - Refreshing access token.
2025-12-27 01:57:23,542 - dropbox - INFO - Request to files/delete_v2
2025-12-27 01:57:23,753 - rd_automator.watcher - INFO - Detected new file: C:\Users\itsme\Desktop\download and auto\watch_folder\AR Rahman feat Hariharan  Madhushree - Wahji Wahji.flac
2025-12-27 01:57:23,754 - rd_automator - INFO - Waiting for file stability: C:\Users\itsme\Desktop\download and auto\watch_folder\AR Rahman feat Hariharan  Madhushree - Wahji Wahji.flac
2025-12-27 01:57:24,171 - rd_automator.uploader - INFO - Dropbox Upload finished.
2025-12-27 01:57:24,172 - dropbox - INFO - Request to sharing/list_shared_links
2025-12-27 01:57:24,278 - rd_automator.uploader - INFO - Dropbox file deleted successfully.
2025-12-27 01:57:24,604 - dropbox - INFO - Request to sharing/create_shared_link_with_settings
2025-12-27 01:57:25,326 - rd_automator.uploader - INFO - Dropbox Link: https://www.dropbox.com/scl/fi/ii60389z869izvtbsyatr/Deva-Athanda-Ithanda.flac?rlkey=fgvnhcpj4utx8y6m31g3cud4q&dl=0
2025-12-27 01:57:25,327 - rd_automator - INFO - Unrestricting link: https://www.dropbox.com/scl/fi/ii60389z869izvtbsyatr/Deva-Athanda-Ithanda.flac?rlkey=fgvnhcpj4utx8y6m31g3cud4q&dl=0
2025-12-27 01:57:27,341 - rd_automator - INFO - Unrestrict successful! Download ID: BBG3SACFD7MK432
2025-12-27 01:57:27,341 - rd_automator - INFO - Saved link to unrestricted_links.txt
2025-12-27 01:57:27,342 - rd_automator - INFO - Cleaning up Dropbox to save space...
2025-12-27 01:57:27,342 - rd_automator.uploader - INFO - Using Dropbox Refresh Token authentication.
2025-12-27 01:57:27,342 - rd_automator.uploader - INFO - Deleting /Deva - Athanda Ithanda.flac from Dropbox...
2025-12-27 01:57:27,342 - dropbox - INFO - Refreshing access token.
2025-12-27 01:57:27,748 - dropbox - INFO - Request to files/delete_v2
2025-12-27 01:57:28,340 - rd_automator.uploader - INFO - Dropbox file deleted successfully.
2025-12-27 01:57:29,756 - rd_automator - INFO - Processing item: C:\Users\itsme\Desktop\download and auto\watch_folder\AR Rahman feat Hariharan  Madhushree - Wahji Wahji.flac (Mode: hoster)
2025-12-27 01:57:29,756 - rd_automator.uploader - INFO - Using Dropbox Refresh Token authentication.
2025-12-27 01:57:29,756 - rd_automator.uploader - INFO - Uploading AR Rahman feat Hariharan  Madhushree - Wahji Wahji.flac to Dropbox (41.51 MB)...
2025-12-27 01:57:29,767 - dropbox - INFO - Refreshing access token.
2025-12-27 01:57:30,129 - dropbox - INFO - Request to files/upload
2025-12-27 01:57:39,889 - rd_automator.uploader - INFO - Dropbox Upload finished.
2025-12-27 01:57:39,890 - dropbox - INFO - Request to sharing/list_shared_links
2025-12-27 01:57:40,482 - dropbox - INFO - Request to sharing/create_shared_link_with_settings
2025-12-27 01:57:41,208 - rd_automator.uploader - INFO - Dropbox Link: https://www.dropbox.com/scl/fi/egmi0o0hshed5zbrjyew0/AR-Rahman-feat-Hariharan-Madhushree-Wahji-Wahji.flac?rlkey=eycm5fi27b33x08x778cdxf5l&dl=0
2025-12-27 01:57:41,209 - rd_automator - INFO - Unrestricting link: https://www.dropbox.com/scl/fi/egmi0o0hshed5zbrjyew0/AR-Rahman-feat-Hariharan-Madhushree-Wahji-Wahji.flac?rlkey=eycm5fi27b33x08x778cdxf5l&dl=0
2025-12-27 01:57:41,312 - rd_automator.watcher - INFO - Detected new file: C:\Users\itsme\Desktop\download and auto\watch_folder\DJ Bun - Vetrikodi Kattu Dance Floor.flac
2025-12-27 01:57:41,313 - rd_automator - INFO - Waiting for file stability: C:\Users\itsme\Desktop\download and auto\watch_folder\DJ Bun - Vetrikodi Kattu Dance Floor.flac
2025-12-27 01:57:43,528 - rd_automator - INFO - Unrestrict successful! Download ID: 4GHLEHT56WKOC41
2025-12-27 01:57:43,529 - rd_automator - INFO - Saved link to unrestricted_links.txt
2025-12-27 01:57:43,529 - rd_automator - INFO - Cleaning up Dropbox to save space...
2025-12-27 01:57:43,529 - rd_automator.uploader - INFO - Using Dropbox Refresh Token authentication.
2025-12-27 01:57:43,529 - rd_automator.uploader - INFO - Deleting /AR Rahman feat Hariharan  Madhushree - Wahji Wahji.flac from Dropbox...
2025-12-27 01:57:43,530 - dropbox - INFO - Refreshing access token.
2025-12-27 01:57:43,926 - dropbox - INFO - Request to files/delete_v2
2025-12-27 01:57:44,532 - rd_automator.uploader - INFO - Dropbox file deleted successfully.
2025-12-27 01:57:49,315 - rd_automator - INFO - Processing item: C:\Users\itsme\Desktop\download and auto\watch_folder\DJ Bun - Vetrikodi Kattu Dance Floor.flac (Mode: hoster)
2025-12-27 01:57:49,315 - rd_automator.uploader - INFO - Using Dropbox Refresh Token authentication.
2025-12-27 01:57:49,316 - rd_automator.uploader - INFO - Uploading DJ Bun - Vetrikodi Kattu Dance Floor.flac to Dropbox (33.28 MB)...
2025-12-27 01:57:49,324 - dropbox - INFO - Refreshing access token.
2025-12-27 01:57:49,703 - dropbox - INFO - Request to files/upload
2025-12-27 01:57:52,669 - rd_automator.uploader - INFO - Dropbox Upload finished.
2025-12-27 01:57:52,669 - dropbox - INFO - Request to sharing/list_shared_links
2025-12-27 01:57:52,801 - rd_automator.watcher - INFO - Detected new file: C:\Users\itsme\Desktop\download and auto\watch_folder\AR Rahman - Theendai From En Swasa Katre.flac
2025-12-27 01:57:52,802 - rd_automator - INFO - Waiting for file stability: C:\Users\itsme\Desktop\download and auto\watch_folder\AR Rahman - Theendai From En Swasa Katre.flac
2025-12-27 01:57:53,066 - dropbox - INFO - Request to sharing/create_shared_link_with_settings
2025-12-27 01:57:53,812 - rd_automator.uploader - INFO - Dropbox Link: https://www.dropbox.com/scl/fi/hit2d0lamkzyny5grtnae/DJ-Bun-Vetrikodi-Kattu-Dance-Floor.flac?rlkey=wcmu3za4d6phxxsu5om5gzkcr&dl=0
2025-12-27 01:57:53,812 - rd_automator - INFO - Unrestricting link: https://www.dropbox.com/scl/fi/hit2d0lamkzyny5grtnae/DJ-Bun-Vetrikodi-Kattu-Dance-Floor.flac?rlkey=wcmu3za4d6phxxsu5om5gzkcr&dl=0
2025-12-27 01:57:55,846 - rd_automator - INFO - Unrestrict successful! Download ID: 7S37DG6YADOGM32
2025-12-27 01:57:55,847 - rd_automator - INFO - Saved link to unrestricted_links.txt
2025-12-27 01:57:55,847 - rd_automator - INFO - Cleaning up Dropbox to save space...
2025-12-27 01:57:55,847 - rd_automator.uploader - INFO - Using Dropbox Refresh Token authentication.
2025-12-27 01:57:55,847 - rd_automator.uploader - INFO - Deleting /DJ Bun - Vetrikodi Kattu Dance Floor.flac from Dropbox...
2025-12-27 01:57:55,847 - dropbox - INFO - Refreshing access token.
2025-12-27 01:57:56,309 - dropbox - INFO - Request to files/delete_v2
2025-12-27 01:57:56,894 - rd_automator.uploader - INFO - Dropbox file deleted successfully.
2025-12-27 01:57:58,803 - rd_automator - INFO - Processing item: C:\Users\itsme\Desktop\download and auto\watch_folder\AR Rahman - Theendai From En Swasa Katre.flac (Mode: hoster)
2025-12-27 01:57:58,804 - rd_automator.uploader - INFO - Using Dropbox Refresh Token authentication.
2025-12-27 01:57:58,804 - rd_automator.uploader - INFO - Uploading AR Rahman - Theendai From En Swasa Katre.flac to Dropbox (43.20 MB)...
2025-12-27 01:57:58,817 - dropbox - INFO - Refreshing access token.
2025-12-27 01:57:59,187 - dropbox - INFO - Request to files/upload
2025-12-27 01:58:03,034 - rd_automator.uploader - INFO - Dropbox Upload finished.
2025-12-27 01:58:03,035 - dropbox - INFO - Request to sharing/list_shared_links
2025-12-27 01:58:03,440 - dropbox - INFO - Request to sharing/create_shared_link_with_settings
2025-12-27 01:58:04,218 - rd_automator.uploader - INFO - Dropbox Link: https://www.dropbox.com/scl/fi/asb4goyaf95jz26qcz469/AR-Rahman-Theendai-From-En-Swasa-Katre.flac?rlkey=862csntopa8ndk3mfv8g7m7q4&dl=0
2025-12-27 01:58:04,218 - rd_automator - INFO - Unrestricting link: https://www.dropbox.com/scl/fi/asb4goyaf95jz26qcz469/AR-Rahman-Theendai-From-En-Swasa-Katre.flac?rlkey=862csntopa8ndk3mfv8g7m7q4&dl=0
2025-12-27 01:58:06,522 - rd_automator - INFO - Unrestrict successful! Download ID: LGM3ZTHWP4YRU41
2025-12-27 01:58:06,523 - rd_automator - INFO - Saved link to unrestricted_links.txt
2025-12-27 01:58:06,523 - rd_automator - INFO - Cleaning up Dropbox to save space...
2025-12-27 01:58:06,523 - rd_automator.uploader - INFO - Using Dropbox Refresh Token authentication.
2025-12-27 01:58:06,523 - rd_automator.uploader - INFO - Deleting /AR Rahman - Theendai From En Swasa Katre.flac from Dropbox...
2025-12-27 01:58:06,524 - dropbox - INFO - Refreshing access token.
2025-12-27 01:58:06,948 - dropbox - INFO - Request to files/delete_v2
2025-12-27 01:58:07,476 - rd_automator.uploader - INFO - Dropbox file deleted successfully.
2025-12-27 01:58:11,074 - rd_automator.watcher - INFO - Detected new file: C:\Users\itsme\Desktop\download and auto\watch_folder\Anirudh Ravichander - Ilamai Thirumbudhe From Petta.flac
2025-12-27 01:58:11,074 - rd_automator - INFO - Waiting for file stability: C:\Users\itsme\Desktop\download and auto\watch_folder\Anirudh Ravichander - Ilamai Thirumbudhe From Petta.flac
2025-12-27 01:58:17,076 - rd_automator - INFO - Processing item: C:\Users\itsme\Desktop\download and auto\watch_folder\Anirudh Ravichander - Ilamai Thirumbudhe From Petta.flac (Mode: hoster)
2025-12-27 01:58:17,077 - rd_automator.uploader - INFO - Using Dropbox Refresh Token authentication.
2025-12-27 01:58:17,077 - rd_automator.uploader - INFO - Uploading Anirudh Ravichander - Ilamai Thirumbudhe From Petta.flac to Dropbox (22.95 MB)...
2025-12-27 01:58:17,083 - dropbox - INFO - Refreshing access token.
2025-12-27 01:58:17,491 - dropbox - INFO - Request to files/upload
2025-12-27 01:58:17,843 - rd_automator.watcher - INFO - Detected new file: C:\Users\itsme\Desktop\download and auto\watch_folder\Anirudh Ravichander - Aaha Kalyanam From Petta.flac
2025-12-27 01:58:17,843 - rd_automator - INFO - Waiting for file stability: C:\Users\itsme\Desktop\download and auto\watch_folder\Anirudh Ravichander - Aaha Kalyanam From Petta.flac
2025-12-27 01:58:20,333 - rd_automator.uploader - INFO - Dropbox Upload finished.
2025-12-27 01:58:20,334 - dropbox - INFO - Request to sharing/list_shared_links
2025-12-27 01:58:20,783 - dropbox - INFO - Request to sharing/create_shared_link_with_settings
2025-12-27 01:58:21,611 - rd_automator.uploader - INFO - Dropbox Link: https://www.dropbox.com/scl/fi/6ufhusiaitm4o1otk056b/Anirudh-Ravichander-Ilamai-Thirumbudhe-From-Petta.flac?rlkey=26ulw8pixzdllm9jy8mqdyhsz&dl=0
2025-12-27 01:58:21,611 - rd_automator - INFO - Unrestricting link: https://www.dropbox.com/scl/fi/6ufhusiaitm4o1otk056b/Anirudh-Ravichander-Ilamai-Thirumbudhe-From-Petta.flac?rlkey=26ulw8pixzdllm9jy8mqdyhsz&dl=0
2025-12-27 01:58:23,845 - rd_automator - INFO - Processing item: C:\Users\itsme\Desktop\download and auto\watch_folder\Anirudh Ravichander - Aaha Kalyanam From Petta.flac (Mode: hoster)
2025-12-27 01:58:23,846 - rd_automator.uploader - INFO - Using Dropbox Refresh Token authentication.
2025-12-27 01:58:23,846 - rd_automator.uploader - INFO - Uploading Anirudh Ravichander - Aaha Kalyanam From Petta.flac to Dropbox (38.14 MB)...
2025-12-27 01:58:23,856 - dropbox - INFO - Refreshing access token.
2025-12-27 01:58:24,067 - rd_automator - INFO - Unrestrict successful! Download ID: ABBWWEALE5SAC32
2025-12-27 01:58:24,068 - rd_automator - INFO - Saved link to unrestricted_links.txt
2025-12-27 01:58:24,069 - rd_automator - INFO - Cleaning up Dropbox to save space...
2025-12-27 01:58:24,069 - rd_automator.uploader - INFO - Using Dropbox Refresh Token authentication.
2025-12-27 01:58:24,069 - rd_automator.uploader - INFO - Deleting /Anirudh Ravichander - Ilamai Thirumbudhe From Petta.flac from Dropbox...
2025-12-27 01:58:24,069 - dropbox - INFO - Refreshing access token.
2025-12-27 01:58:24,233 - dropbox - INFO - Request to files/upload
2025-12-27 01:58:24,430 - dropbox - INFO - Request to files/delete_v2
2025-12-27 01:58:25,006 - rd_automator.uploader - INFO - Dropbox file deleted successfully.
2025-12-27 01:58:25,701 - rd_automator.watcher - INFO - Detected new file: C:\Users\itsme\Desktop\download and auto\watch_folder\Anirudh Ravichander - Petta Theme From Petta.flac
2025-12-27 01:58:25,701 - rd_automator - INFO - Waiting for file stability: C:\Users\itsme\Desktop\download and auto\watch_folder\Anirudh Ravichander - Petta Theme From Petta.flac
2025-12-27 01:58:27,911 - rd_automator.uploader - INFO - Dropbox Upload finished.
2025-12-27 01:58:27,911 - dropbox - INFO - Request to sharing/list_shared_links
2025-12-27 01:58:28,286 - dropbox - INFO - Request to sharing/create_shared_link_with_settings
2025-12-27 01:58:29,077 - rd_automator.uploader - INFO - Dropbox Link: https://www.dropbox.com/scl/fi/0a0azh8gxo2465coocdeb/Anirudh-Ravichander-Aaha-Kalyanam-From-Petta.flac?rlkey=o3v59qcyzvqq9j93t3fnb105q&dl=0
2025-12-27 01:58:29,078 - rd_automator - INFO - Unrestricting link: https://www.dropbox.com/scl/fi/0a0azh8gxo2465coocdeb/Anirudh-Ravichander-Aaha-Kalyanam-From-Petta.flac?rlkey=o3v59qcyzvqq9j93t3fnb105q&dl=0
2025-12-27 01:58:29,703 - rd_automator - INFO - Processing item: C:\Users\itsme\Desktop\download and auto\watch_folder\Anirudh Ravichander - Petta Theme From Petta.flac (Mode: hoster)
2025-12-27 01:58:29,703 - rd_automator.uploader - INFO - Using Dropbox Refresh Token authentication.
2025-12-27 01:58:29,704 - rd_automator.uploader - INFO - Uploading Anirudh Ravichander - Petta Theme From Petta.flac to Dropbox (11.41 MB)...
2025-12-27 01:58:29,708 - dropbox - INFO - Refreshing access token.
2025-12-27 01:58:30,087 - dropbox - INFO - Request to files/upload
2025-12-27 01:58:31,484 - rd_automator - INFO - Unrestrict successful! Download ID: 2VUSTNNE2ALBG40
2025-12-27 01:58:31,485 - rd_automator - INFO - Saved link to unrestricted_links.txt
2025-12-27 01:58:31,485 - rd_automator - INFO - Cleaning up Dropbox to save space...
2025-12-27 01:58:31,485 - rd_automator.uploader - INFO - Using Dropbox Refresh Token authentication.
2025-12-27 01:58:31,486 - rd_automator.uploader - INFO - Deleting /Anirudh Ravichander - Aaha Kalyanam From Petta.flac from Dropbox...
2025-12-27 01:58:31,486 - dropbox - INFO - Refreshing access token.
2025-12-27 01:58:31,589 - rd_automator.watcher - INFO - Detected new file: C:\Users\itsme\Desktop\download and auto\watch_folder\Anirudh Ravichander - Petta Paraak From Petta.flac
2025-12-27 01:58:31,589 - rd_automator - INFO - Waiting for file stability: C:\Users\itsme\Desktop\download and auto\watch_folder\Anirudh Ravichander - Petta Paraak From Petta.flac
2025-12-27 01:58:31,898 - dropbox - INFO - Request to files/delete_v2
2025-12-27 01:58:32,427 - rd_automator.uploader - INFO - Dropbox file deleted successfully.
2025-12-27 01:58:34,792 - rd_automator.uploader - INFO - Dropbox Upload finished.
2025-12-27 01:58:34,793 - dropbox - INFO - Request to sharing/list_shared_links
2025-12-27 01:58:35,191 - dropbox - INFO - Request to sharing/create_shared_link_with_settings
2025-12-27 01:58:35,906 - rd_automator.uploader - INFO - Dropbox Link: https://www.dropbox.com/scl/fi/4w89rgd1pj4kfm9x8jsjb/Anirudh-Ravichander-Petta-Theme-From-Petta.flac?rlkey=zi7epiznkxdbevau3iy4s6xm6&dl=0
2025-12-27 01:58:35,907 - rd_automator - INFO - Unrestricting link: https://www.dropbox.com/scl/fi/4w89rgd1pj4kfm9x8jsjb/Anirudh-Ravichander-Petta-Theme-From-Petta.flac?rlkey=zi7epiznkxdbevau3iy4s6xm6&dl=0
2025-12-27 01:58:37,591 - rd_automator - INFO - Processing item: C:\Users\itsme\Desktop\download and auto\watch_folder\Anirudh Ravichander - Petta Paraak From Petta.flac (Mode: hoster)
2025-12-27 01:58:37,592 - rd_automator.uploader - INFO - Using Dropbox Refresh Token authentication.
2025-12-27 01:58:37,592 - rd_automator.uploader - INFO - Uploading Anirudh Ravichander - Petta Paraak From Petta.flac to Dropbox (30.35 MB)...
2025-12-27 01:58:37,600 - dropbox - INFO - Refreshing access token.
2025-12-27 01:58:37,965 - dropbox - INFO - Request to files/upload
2025-12-27 01:58:40,005 - rd_automator - INFO - Unrestrict successful! Download ID: RVQ3NM4OLUVFK41
2025-12-27 01:58:40,005 - rd_automator - INFO - Saved link to unrestricted_links.txt
2025-12-27 01:58:40,005 - rd_automator - INFO - Cleaning up Dropbox to save space...
2025-12-27 01:58:40,006 - rd_automator.uploader - INFO - Using Dropbox Refresh Token authentication.
2025-12-27 01:58:40,006 - rd_automator.uploader - INFO - Deleting /Anirudh Ravichander - Petta Theme From Petta.flac from Dropbox...
2025-12-27 01:58:40,006 - dropbox - INFO - Refreshing access token.
2025-12-27 01:58:40,392 - dropbox - INFO - Request to files/delete_v2
2025-12-27 01:58:40,886 - rd_automator.watcher - INFO - Detected new file: C:\Users\itsme\Desktop\download and auto\watch_folder\Anirudh Ravichander - Ullaallaa From Petta.flac
2025-12-27 01:58:40,886 - rd_automator - INFO - Waiting for file stability: C:\Users\itsme\Desktop\download and auto\watch_folder\Anirudh Ravichander - Ullaallaa From Petta.flac
2025-12-27 01:58:40,959 - rd_automator.uploader - INFO - Dropbox file deleted successfully.
2025-12-27 01:58:41,222 - rd_automator.uploader - INFO - Dropbox Upload finished.
2025-12-27 01:58:41,222 - dropbox - INFO - Request to sharing/list_shared_links
2025-12-27 01:58:41,657 - dropbox - INFO - Request to sharing/create_shared_link_with_settings
2025-12-27 01:58:42,409 - rd_automator.uploader - INFO - Dropbox Link: https://www.dropbox.com/scl/fi/ucv7s3m9zzqea4qu1vqpk/Anirudh-Ravichander-Petta-Paraak-From-Petta.flac?rlkey=mqr5a20uhaf0q9hlb82izl7i3&dl=0
2025-12-27 01:58:42,410 - rd_automator - INFO - Unrestricting link: https://www.dropbox.com/scl/fi/ucv7s3m9zzqea4qu1vqpk/Anirudh-Ravichander-Petta-Paraak-From-Petta.flac?rlkey=mqr5a20uhaf0q9hlb82izl7i3&dl=0
2025-12-27 01:58:44,800 - rd_automator - INFO - Unrestrict successful! Download ID: LRDEVSZDWNQ3S32
2025-12-27 01:58:44,801 - rd_automator - INFO - Saved link to unrestricted_links.txt
2025-12-27 01:58:44,801 - rd_automator - INFO - Cleaning up Dropbox to save space...
2025-12-27 01:58:44,801 - rd_automator.uploader - INFO - Using Dropbox Refresh Token authentication.
2025-12-27 01:58:44,802 - rd_automator.uploader - INFO - Deleting /Anirudh Ravichander - Petta Paraak From Petta.flac from Dropbox...
2025-12-27 01:58:44,802 - dropbox - INFO - Refreshing access token.
2025-12-27 01:58:45,157 - dropbox - INFO - Request to files/delete_v2
2025-12-27 01:58:45,689 - rd_automator.uploader - INFO - Dropbox file deleted successfully.
2025-12-27 01:58:46,888 - rd_automator - INFO - Processing item: C:\Users\itsme\Desktop\download and auto\watch_folder\Anirudh Ravichander - Ullaallaa From Petta.flac (Mode: hoster)
2025-12-27 01:58:46,888 - rd_automator.uploader - INFO - Using Dropbox Refresh Token authentication.
2025-12-27 01:58:46,888 - rd_automator.uploader - INFO - Uploading Anirudh Ravichander - Ullaallaa From Petta.flac to Dropbox (37.00 MB)...
2025-12-27 01:58:46,898 - dropbox - INFO - Refreshing access token.
2025-12-27 01:58:47,290 - dropbox - INFO - Request to files/upload
2025-12-27 01:58:47,776 - rd_automator.watcher - INFO - Detected new file: C:\Users\itsme\Desktop\download and auto\watch_folder\AR Rahman - Endhira Logathu Sundariye From 2 0.flac
2025-12-27 01:58:47,776 - rd_automator - INFO - Waiting for file stability: C:\Users\itsme\Desktop\download and auto\watch_folder\AR Rahman - Endhira Logathu Sundariye From 2 0.flac
2025-12-27 01:58:50,569 - rd_automator.uploader - INFO - Dropbox Upload finished.
2025-12-27 01:58:50,569 - dropbox - INFO - Request to sharing/list_shared_links
2025-12-27 01:58:50,949 - dropbox - INFO - Request to sharing/create_shared_link_with_settings
2025-12-27 01:58:51,700 - rd_automator.uploader - INFO - Dropbox Link: https://www.dropbox.com/scl/fi/c33vrydvdp8coxb5irmwq/Anirudh-Ravichander-Ullaallaa-From-Petta.flac?rlkey=rdi7xl2uxd17iu1ab9y72drzd&dl=0
2025-12-27 01:58:51,701 - rd_automator - INFO - Unrestricting link: https://www.dropbox.com/scl/fi/c33vrydvdp8coxb5irmwq/Anirudh-Ravichander-Ullaallaa-From-Petta.flac?rlkey=rdi7xl2uxd17iu1ab9y72drzd&dl=0
2025-12-27 01:58:53,778 - rd_automator - INFO - Processing item: C:\Users\itsme\Desktop\download and auto\watch_folder\AR Rahman - Endhira Logathu Sundariye From 2 0.flac (Mode: hoster)
2025-12-27 01:58:53,778 - rd_automator.uploader - INFO - Using Dropbox Refresh Token authentication.
2025-12-27 01:58:53,778 - rd_automator.uploader - INFO - Uploading AR Rahman - Endhira Logathu Sundariye From 2 0.flac to Dropbox (27.73 MB)...
2025-12-27 01:58:53,785 - dropbox - INFO - Refreshing access token.
2025-12-27 01:58:54,127 - rd_automator - INFO - Unrestrict successful! Download ID: VCWBXP5L26XVG32
2025-12-27 01:58:54,128 - rd_automator - INFO - Saved link to unrestricted_links.txt
2025-12-27 01:58:54,128 - rd_automator - INFO - Cleaning up Dropbox to save space...
2025-12-27 01:58:54,128 - rd_automator.uploader - INFO - Using Dropbox Refresh Token authentication.
2025-12-27 01:58:54,129 - rd_automator.uploader - INFO - Deleting /Anirudh Ravichander - Ullaallaa From Petta.flac from Dropbox...
2025-12-27 01:58:54,129 - dropbox - INFO - Refreshing access token.
2025-12-27 01:58:54,142 - dropbox - INFO - Request to files/upload
2025-12-27 01:58:54,494 - dropbox - INFO - Request to files/delete_v2
2025-12-27 01:58:55,028 - rd_automator.uploader - INFO - Dropbox file deleted successfully.
2025-12-27 01:58:56,284 - rd_automator.watcher - INFO - Detected new file: C:\Users\itsme\Desktop\download and auto\watch_folder\AR Rahman - Irumbile Oru Idhaiyam.flac
2025-12-27 01:58:56,284 - rd_automator - INFO - Waiting for file stability: C:\Users\itsme\Desktop\download and auto\watch_folder\AR Rahman - Irumbile Oru Idhaiyam.flac
2025-12-27 01:59:04,287 - rd_automator - INFO - Processing item: C:\Users\itsme\Desktop\download and auto\watch_folder\AR Rahman - Irumbile Oru Idhaiyam.flac (Mode: hoster)
2025-12-27 01:59:04,287 - rd_automator.uploader - INFO - Using Dropbox Refresh Token authentication.
2025-12-27 01:59:04,288 - rd_automator.uploader - INFO - Uploading AR Rahman - Irumbile Oru Idhaiyam.flac to Dropbox (39.45 MB)...
2025-12-27 01:59:04,298 - dropbox - INFO - Refreshing access token.
2025-12-27 01:59:04,744 - dropbox - INFO - Request to files/upload
2025-12-27 01:59:08,104 - rd_automator.uploader - INFO - Dropbox Upload finished.
2025-12-27 01:59:08,104 - dropbox - INFO - Request to sharing/list_shared_links
2025-12-27 01:59:08,501 - dropbox - INFO - Request to sharing/create_shared_link_with_settings
2025-12-27 01:59:08,774 - rd_automator.watcher - INFO - Detected new file: C:\Users\itsme\Desktop\download and auto\watch_folder\ofRo - Semma BodhaFrom Think Originals.flac
2025-12-27 01:59:08,774 - rd_automator - INFO - Waiting for file stability: C:\Users\itsme\Desktop\download and auto\watch_folder\ofRo - Semma BodhaFrom Think Originals.flac
2025-12-27 01:59:09,256 - rd_automator.uploader - INFO - Dropbox Link: https://www.dropbox.com/scl/fi/xxbe3oa98wdum9wd1v4vl/AR-Rahman-Irumbile-Oru-Idhaiyam.flac?rlkey=f3zt6qu067c6nxf3f8ikuml56&dl=0
2025-12-27 01:59:09,257 - rd_automator - INFO - Unrestricting link: https://www.dropbox.com/scl/fi/xxbe3oa98wdum9wd1v4vl/AR-Rahman-Irumbile-Oru-Idhaiyam.flac?rlkey=f3zt6qu067c6nxf3f8ikuml56&dl=0
2025-12-27 01:59:11,596 - rd_automator - INFO - Unrestrict successful! Download ID: HHZZVKV2THHD232
2025-12-27 01:59:11,596 - rd_automator - INFO - Saved link to unrestricted_links.txt
2025-12-27 01:59:11,597 - rd_automator - INFO - Cleaning up Dropbox to save space...
2025-12-27 01:59:11,597 - rd_automator.uploader - INFO - Using Dropbox Refresh Token authentication.
2025-12-27 01:59:11,597 - rd_automator.uploader - INFO - Deleting /AR Rahman - Irumbile Oru Idhaiyam.flac from Dropbox...
2025-12-27 01:59:11,597 - dropbox - INFO - Refreshing access token.
2025-12-27 01:59:12,017 - dropbox - INFO - Request to files/delete_v2
2025-12-27 01:59:12,755 - rd_automator.uploader - INFO - Dropbox file deleted successfully.
2025-12-27 01:59:14,129 - rd_automator.uploader - INFO - Dropbox Upload finished.
2025-12-27 01:59:14,130 - dropbox - INFO - Request to sharing/list_shared_links
2025-12-27 01:59:14,536 - dropbox - INFO - Request to sharing/create_shared_link_with_settings
2025-12-27 01:59:15,257 - rd_automator.uploader - INFO - Dropbox Link: https://www.dropbox.com/scl/fi/j3scycsy3b8i11lv6ev4s/AR-Rahman-Endhira-Logathu-Sundariye-From-2-0.flac?rlkey=q0cg0duy8fi4j14mtrgmyxdsh&dl=0
2025-12-27 01:59:15,257 - rd_automator - INFO - Unrestricting link: https://www.dropbox.com/scl/fi/j3scycsy3b8i11lv6ev4s/AR-Rahman-Endhira-Logathu-Sundariye-From-2-0.flac?rlkey=q0cg0duy8fi4j14mtrgmyxdsh&dl=0
2025-12-27 01:59:16,777 - rd_automator - INFO - Processing item: C:\Users\itsme\Desktop\download and auto\watch_folder\ofRo - Semma BodhaFrom Think Originals.flac (Mode: hoster)
2025-12-27 01:59:16,777 - rd_automator.uploader - INFO - Using Dropbox Refresh Token authentication.
2025-12-27 01:59:16,778 - rd_automator.uploader - INFO - Uploading ofRo - Semma BodhaFrom Think Originals.flac to Dropbox (18.85 MB)...
2025-12-27 01:59:16,784 - dropbox - INFO - Refreshing access token.
2025-12-27 01:59:17,113 - rd_automator - INFO - Stopping...
2025-12-27 01:59:17,114 - rd_automator - INFO - Shutting down executor...
2025-12-27 01:59:17,171 - dropbox - INFO - Request to files/upload
2025-12-27 01:59:17,556 - rd_automator - INFO - Unrestrict successful! Download ID: SMUGXW6EMXF7G32
2025-12-27 01:59:17,557 - rd_automator - INFO - Saved link to unrestricted_links.txt
2025-12-27 01:59:17,557 - rd_automator - INFO - Cleaning up Dropbox to save space...
2025-12-27 01:59:17,557 - rd_automator.uploader - INFO - Using Dropbox Refresh Token authentication.
2025-12-27 01:59:17,558 - rd_automator.uploader - INFO - Deleting /AR Rahman - Endhira Logathu Sundariye From 2 0.flac from Dropbox...
2025-12-27 01:59:17,558 - dropbox - INFO - Refreshing access token.
2025-12-27 01:59:17,933 - dropbox - INFO - Request to files/delete_v2
2025-12-27 01:59:18,506 - rd_automator.uploader - INFO - Dropbox file deleted successfully.
2025-12-27 01:59:20,066 - rd_automator.uploader - INFO - Dropbox Upload finished.
2025-12-27 01:59:20,066 - dropbox - INFO - Request to sharing/list_shared_links
2025-12-27 01:59:20,502 - dropbox - INFO - Request to sharing/create_shared_link_with_settings
2025-12-27 01:59:21,252 - rd_automator.uploader - INFO - Dropbox Link: https://www.dropbox.com/scl/fi/k7hkikrz2q8kkpvl14rhn/ofRo-Semma-BodhaFrom-Think-Originals.flac?rlkey=t6v6ytara0w7v60p3dffk90a3&dl=0
2025-12-27 01:59:21,252 - rd_automator - INFO - Unrestricting link: https://www.dropbox.com/scl/fi/k7hkikrz2q8kkpvl14rhn/ofRo-Semma-BodhaFrom-Think-Originals.flac?rlkey=t6v6ytara0w7v60p3dffk90a3&dl=0
2025-12-27 01:59:25,277 - rd_automator - INFO - Unrestrict successful! Download ID: G7KTHHMXSYVYA40
2025-12-27 01:59:25,278 - rd_automator - INFO - Saved link to unrestricted_links.txt
2025-12-27 01:59:25,278 - rd_automator - INFO - Cleaning up Dropbox to save space...
2025-12-27 01:59:25,279 - rd_automator.uploader - INFO - Using Dropbox Refresh Token authentication.
2025-12-27 01:59:25,279 - rd_automator.uploader - INFO - Deleting /ofRo - Semma BodhaFrom Think Originals.flac from Dropbox...
2025-12-27 01:59:25,279 - dropbox - INFO - Refreshing access token.
2025-12-27 01:59:25,643 - dropbox - INFO - Request to files/delete_v2
2025-12-27 01:59:26,207 - rd_automator.uploader - INFO - Dropbox file deleted successfully.
